pc11_state_id,pc11_district_id,tot_p_11,sc_p_11,st_p_11,lit_p_11,workers_p_11,sc_share_11,st_share_11,lit_rate_11,lfp_rate_11,tot_p_01,sc_p_01,st_p_01,lit_p_01,workers_p_01,sc_share_01,st_share_01,lit_rate_01,lfp_rate_01
01,001,870354,1048,70352,439654,229064,0.0012041077538564769,0.08083147776651799,0.5051438839828392,0.2631848650089504,643505,72,50029,231750,208287,1.1188724252336812e-4,0.07774453966946644,0.3601370618720911,0.3236758067147885
01,002,753745,368,23912,335649,214866,4.8822877763699923e-4,0.031724256877325885,0.44530842658989445,0.28506457754280295,1583760,1433,16015,773736,530196,9.04808809415568e-4,0.01011201192099813,0.4885437187452644,0.33477041976056976
01,003,133487,488,95857,93770,75079,0.003655786705821541,0.7180998898769169,0.7024654086165694,0.5624442829638842,117232,618,96174,68278,58125,0.005271598198444111,0.8203732769209772,0.5824177698921796,0.49581172376143035
01,004,140802,18,122336,86236,51873,1.2783909319469893e-4,0.8688512947259271,0.6124628911521143,0.3684109600715899,119307,139,105377,60803,55645,0.0011650615638646516,0.883242391477449,0.5096348076810245,0.4664018037499895
01,005,476835,556,176101,261724,161393,0.001166021789507901,0.36931223588872464,0.5488774943114495,0.3384671846655552,372309,952,148857,156354,200876,0.0025570158121345442,0.39982111633078976,0.4199576158513493,0.53954108012430535
01,006,642415,48157,232815,364109,290912,0.07496244639368632,0.36240592140594474,0.5667815975654367,0.4528412319139497,482235,38469,159376,234064,217750,0.07977231018072102,0.3304944684645453,0.48537331384076227,0.4515433346812239
01,007,616435,141224,53307,389204,200431,0.22909795842221808,0.08647627081525222,0.631378815284661,0.3251453924582478,511079,119223,33637,282129,195212,0.23327704718839945,0.06581565667930007,0.5520262033853865,0.38196051882390003
01,008,1008039,1476,37705,545149,304200,0.0014642290625660316,0.03740430677781316,0.5408014967674862,0.3017740385044626,843892,233,28886,339719,257098,2.761016812577913e-4,0.03422949856142729,0.40256217620264206,0.3046574680172344
01,009,392232,392,75374,185979,149317,9.994085133288463e-4,0.1921668808256338,0.4741556017866977,0.3806854106753146,304822,144,54996,99372,107886,4.72406847274803e-4,0.18042004842170184,0.326000091856887,0.3539311467020097
01,010,1236829,1068,8935,748584,407188,8.634985111118837e-4,0.007224119098112997,0.6052445406761969,0.32921931811107275,1066472,1041,3485,606379,341560,9.761156411045016e-4,0.0032677838705563764,0.5685840790944348,0.32027094944827433
01,011,297446,117,61070,143276,100890,3.9334870867317094e-4,0.2053145781082953,0.48168743234066014,0.33918761724817276,213944,44,41959,72689,67096,2.0566129454436676e-4,0.19612141494970647,0.3397571327076244,0.31361477769883706
01,012,560440,402,22607,293958,188420,7.172935550638784e-4,0.04033794875455,0.524512882734994,0.33620012847048747,441225,97,10552,201337,150488,2.1984248399342738e-4,0.02391523599070769,0.4563136721627288,0.34106861578559694
01,013,266215,43,21820,136500,87721,1.6152358056458125e-4,0.08196382623067822,0.5127434592340777,0.3295118607140845,211309,0,10944,80155,62094,0,0.05179145232810718,0.3793260107236322,0.2938540242015248
01,014,1078692,1826,116006,545532,389684,0.0016927908986068313,0.10754320973920266,0.5057347231647217,0.36125603972218207,774203,473,80856,315150,267514,6.109508746414054e-4,0.10443772498944075,0.4070637804296806,0.34553469826389205
01,015,424483,21,26525,209085,159990,4.94719458729796e-5,0.062487779251465904,0.4925638953739019,0.3769055533437146,473211,354,20409,192904,148929,7.48080665918586e-4,0.04312875229020458,0.4076490191479065,0.31472007201861324
01,016,409936,53408,39216,219083,151912,0.1302837516100074,0.09566371336013427,0.5344322040513642,0.37057491901174816,319794,42061,28032,141872,148824,0.13152529440827532,0.08765642882605677,0.4436355904113273,0.46537458488902234
01,017,283713,13920,39772,124065,87212,0.04906366645166066,0.1401839182554201,0.43729050131647124,0.30739514932343603,214944,10358,29353,75916,94054,0.048189295816584786,0.13656115081137413,0.35318966800655055,0.4375744379931517
01,018,230696,14307,38149,107506,82974,0.062016679959773904,0.1653648090994209,0.4660072129555779,0.35966813468807435,190055,11813,27152,68882,92754,0.062155691773434,0.1428639078161585,0.3624319275999053,0.4880376733050959
01,019,554985,138569,56309,322354,243672,0.24968062199879276,0.10146039983062605,0.5808337162265647,0.4390605151490581,459486,108171,42875,229908,222187,0.23541740118306106,0.09331078640045616,0.5003590969039318,0.48355553814479657
01,020,314667,37757,88365,150542,144767,0.11999033899328497,0.28082067709674036,0.4784168660838283,0.4600641312879965,247694,32021,60753,99900,124877,0.1292764459373259,0.24527441116861934,0.4033202257624327,0.5041583566820351
01,021,1529958,377991,69193,1137135,508622,0.24705972320808806,0.04522542448877682,0.7432458930245144,0.33244180559204894,1356667,325029,42028,922987,455307,0.2395790566144824,0.030978862167355733,0.6803342308761103,0.33560704284839243
01,022,318898,91835,17573,228139,92526,0.2879760926691293,0.05510539420128066,0.7153980269553274,0.2901429297142033,272011,78364,11740,173337,83814,0.2880912904257548,0.043160019263926826,0.6372426115120344,0.3081272448540684
02,023,519080,111690,135500,323842,294035,0.21516914541111196,0.26103876088464206,0.623876859058334,0.5664541111196733,459935,92331,116892,245936,229862,0.20074793177296793,0.25414895583071523,0.5347190363855763,0.499770619761488
02,024,1510075,319385,84564,1152640,675170,0.2115027399301359,0.0559998675562472,0.7632998361008559,0.4471102428687317,1338063,279461,1597,939891,588660,0.2088548894932451,0.0011935162993072822,0.702426567358936,0.43993444254866926
02,025,31564,2235,25707,21845,19295,0.07080851603092131,0.8144405018375365,0.6920859206691167,0.6112976809022937,33060,2598,24129,21543,20953,0.07858439201451906,0.7298548094373866,0.6516333938294011,0.6337870538415002
02,026,437903,122659,16822,307672,269084,0.2801054114724037,0.038414900103447565,0.7026030878984615,0.6144831161238905,381571,107897,11351,239649,216513,0.28277044114987776,0.029748067856309835,0.6280587361198833,0.5674251974075598
02,027,999777,293739,12787,723747,572671,0.2938045184076049,0.012789852137026558,0.7239084315802424,0.5727987341177082,900985,261174,10553,587686,454079,0.28987608006792565,0.011712736616036893,0.6522705705422399,0.5039806434069379
02,028,454768,109256,3044,358091,241931,0.24024557576610492,0.0066935228512120465,0.7874146817718045,0.531987738803082,412645,98539,155,298465,205372,0.23879848295750586,3.756255376897818e-4,0.7232972652037466,0.49769656726726363
02,029,521173,115491,8601,399715,215346,0.221598202516247,0.016503157300934622,0.766952624176617,0.4131948508460722,448221,100547,51,312237,201624,0.2243246077269918,1.137831560770245e-4,0.6966139471376843,0.4498316678602743
02,030,381956,98989,10693,287620,205871,0.25916335913037103,0.027995371194587858,0.7530186723078051,0.5389914021510331,340224,86368,9167,231309,166386,0.25385628291948836,0.026944013355906696,0.6798726721218962,0.4890483916478555
02,031,580320,164536,25645,428578,298737,0.2835263303005239,0.04419113592500689,0.7385201268265784,0.514779776674938,499184,140573,3507,331800,262839,0.2816055803070611,0.007025465559793583,0.664684765537357,0.5265373088881053
02,032,529855,160745,11262,362645,280083,0.3033754517745421,0.02125487161581942,0.6844230968849968,0.5286031083975805,458593,135774,5960,274643,225872,0.29606644671855,0.012996273384024615,0.598881797149106,0.4925325942611422
02,033,814010,215777,8755,612642,430926,0.265079053082886,0.010755396125354725,0.7526222036584317,0.5293866168720286,721308,188431,4080,503558,369514,0.26123514504206247,0.005656390889883379,0.6981178636587976,0.5122832410010703
02,034,84121,14750,48746,60699,56273,0.17534266116665279,0.5794748041511633,0.7215677417054005,0.6689530557173595,78191,7620,56204,51849,47701,0.09745367113862209,0.7188039544193066,0.6631070072003171,0.6100574234886368
03,035,2298323,580576,0,1634719,757138,0.252608532395142,0,0.7112659969899792,0.3294306326830476,2080975,515427,0,1330494,693758,0.24768533980465887,0,0.6393608765122119,0.33338122754958616
03,036,815168,276707,0,576567,284165,0.33944781934521473,0,0.7072983728507498,0.3485968536547068,753800,225623,0,487203,262469,0.2993141416821438,0,0.6463292650570444,0.34819448129477315
03,037,2193590,854444,0,1622537,774472,0.3895185517804148,0,0.7396719532820627,0.35306141986424083,1961705,739423,0,1351472,676483,0.3769287431086733,0,0.6889272342171733,0.34484440830807894
03,038,1586625,557504,0,1199699,499822,0.3513772945718112,0,0.7561326715512487,0.31502213818640196,1477821,506606,0,1048271,512479,0.3428060637925703,0,0.7093355690574162,0.3467801580840981
03,039,612310,260284,0,438459,204329,0.4250853325929676,0,0.716073557511718,0.33370188303310416,586896,237214,0,394214,263329,0.4041840462364712,0,0.6716931108748398,0.4486808565742482
03,040,600163,192493,0,426033,214783,0.3207345337849884,0,0.7098621541147988,0.3578744441093503,538814,165185,0,347834,206545,0.30657146993211015,0,0.645554866800046,0.3833326528263928
03,041,3498739,923358,0,2560225,1284822,0.2639116550277114,0,0.7317564985556224,0.36722430567127184,3032211,757532,0,2035954,1149325,0.2498282606322581,0,0.6714420599358026,0.3790385959288453
03,042,995746,363417,0,627889,359172,0.36496958059585477,0,0.6305714509523513,0.3607064452179572,893636,284311,0,493916,358236,0.3181507907022546,0,0.5527037854338903,0.40087462904359267
03,043,2029074,855726,0,1227511,756695,0.4217322778765092,0,0.6049611793359927,0.3729262708013606,1745509,398385,0,903074,648441,0.22823428581577065,0,0.5173700049670326,0.37149106650266484
03,044,901896,381554,0,524848,335326,0.42305764744493823,0,0.5819384940170486,0.37180118328499073,776188,293084,0,391039,309157,0.3775940880302195,0,0.503794183883286,0.3983017001035832
03,045,617508,240328,0,381285,221555,0.38919009956146317,0,0.6174575875940069,0.35878887399029646,550892,199257,0,295618,209754,0.3616988447826434,0,0.5366169775563995,0.38075339630998456
03,046,1388525,450473,0,844868,549986,0.3244255594965881,0,0.6084643776669487,0.3960936965484957,1182219,354486,0,631981,500298,0.2998479977060088,0,0.5345718517465884,0.42318555191550805
03,047,769751,258878,0,423560,328512,0.33631395087502325,0,0.5502558619605561,0.4267769707346921,688758,208889,0,310632,281491,0.3032835916243441,0,0.4510031099457284,0.4086936195296461
03,048,1895686,465359,0,1266791,660267,0.2454831654609466,0,0.668249383072935,0.3482997711646338,1580550,361022,0,954806,582627,0.22841542501028123,0,0.6040973078991491,0.3686229477080763
03,049,2490656,770864,0,1684770,917856,0.30950239615587216,0,0.6764362481209769,0.3685197795279637,2154852,588575,0,1313893,762517,0.27313940818209326,0,0.6097370028196832,0.35386049714783196
03,050,1119627,377468,0,666162,380702,0.3371372787544423,0,0.5949856514714276,0.3400257407154347,938820,301345,0,478952,348667,0.320982722992693,0,0.5101638226710126,0.3713885515860335
03,051,684627,180905,0,502731,233676,0.2642387752747116,0,0.7343137211941685,0.34131870346918836,624105,158303,0,413356,245814,0.2536480239703255,0,0.6623180394324673,0.3938664167087269
03,052,994628,216231,0,736575,355995,0.21739886671197675,0,0.7405532520701207,0.3579177340674101,719405,165222,0,487900,276166,0.2296647924326353,0,0.6781993452922902,0.38388112398440377
03,053,1655169,461609,0,1002077,568758,0.27888934604260956,0,0.6054227695177955,0.3436253337272508,1467683,392126,0,763271,578013,0.26717349727427514,0,0.5200516732836723,0.3938268686085483
03,054,595527,192001,0,359831,209331,0.3224051974133834,0,0.6042228144147956,0.3515054733034774,526669,158485,0,275288,234058,0.30091955288805683,0,0.5226964184335893,0.4444119551369076
04,055,1055450,199086,0,805438,404136,0.1886266521388981,0,0.7631228385996495,0.38290397460798714,900635,157597,0,643245,340422,0.1749843166210507,0,0.714212749893131,0.37797998079133055
05,056,330086,80567,3512,215126,157276,0.244078815823755,0.010639651484764576,0.6517271256581618,0.47646976848457673,294705,67443,2685,161008,135733,0.22884918817122207,0.009110805720975213,0.5463361666751497,0.4605724368436233
05,057,391605,79317,12260,280556,180940,0.20254337917033746,0.03130705685576027,0.716425990475096,0.4620472159446381,369837,67448,10460,237091,164463,0.18237223425455,0.028282729959414554,0.6410689033276822,0.4446904987873036
05,058,242285,47679,386,170933,113032,0.1967889056276699,0.0015931650741894876,0.7055038487731391,0.46652496027405743,226713,40252,182,140581,101653,0.17754606043764584,8.027770793911245e-4,0.6200835417466135,0.44837746401838446
05,059,618931,102130,875,407994,280442,0.16501031617417775,0.001413727863041276,0.6591914122898999,0.45310705070516744,599080,86122,661,334564,262480,0.14375709421112373,0.0011033584830072779,0.5584629765640649,0.43813847900113506
05,060,1696694,228901,111663,1259506,582768,0.1349100073436931,0.06581210283056343,0.7423294948882946,0.3434726591830937,1276591,172351,99149,872022,398911,0.1350087851159847,0.07766700532903648,0.6830864388045975,0.3124814447227029
05,061,687271,122361,2215,494889,274152,0.17803893951585328,0.0032228916977436847,0.7200783970224264,0.39889941522339806,688097,104667,1589,455377,267505,0.1521108215847475,0.002309267443398242,0.661791869460265,0.3887605962531445
05,062,483439,120378,19535,345550,216490,0.24900349371895938,0.0404084072654461,0.7147747699296085,0.44781244376229473,458200,105142,18857,293771,197033,0.22946748144914883,0.04115451767786993,0.6411414229594063,0.4300152771715408
05,063,259898,72061,1982,179483,123638,0.27726646607515254,0.007626068688485483,0.690590154599112,0.4757173968249082,246909,63813,1943,146961,117583,0.2584474442000899,0.007869295975440345,0.5952030910173384,0.47621998388070097
05,064,622506,150995,1281,436497,298211,0.24255991106913025,0.002057811490973581,0.7011932415109252,0.4790491979193775,632514,141065,878,393758,293097,0.22302273151266216,0.0013881115674909963,0.6225285132028698,0.4633842096775724
05,065,259648,47383,1339,177726,99566,0.18248937022430367,0.005156981759921124,0.6844882302193739,0.3834653068770027,224325,38093,738,129807,90085,0.16981165719380364,0.0032898696088264796,0.5786559679037111,0.4015825253538393
05,066,954605,191206,7495,696500,376181,0.20029855280456316,0.007851414983160575,0.7296211522043149,0.39406979850304574,760992,147860,4961,507634,278251,0.19429902022623102,0.006519122408645557,0.6670687733905218,0.36564247718767084
05,067,1648902,238264,123037,1037839,591458,0.14449858148028202,0.07461753336462688,0.6294121785284996,0.3586980912146386,1235455,162766,110219,659143,391908,0.13174579405967843,0.08921328579349308,0.5335224674310274,0.3172175433342372
05,068,1890422,411274,6323,1178354,578121,0.21755671484991182,0.003344755827005822,0.623328547805728,0.3058158442929674,1445298,312403,3139,754127,424660,0.21615127122572647,0.0021718704377920676,0.5217795914752529,0.2938217585577507
06,069,561293,101830,0,405318,211479,0.18142039897166007,0,0.722114831291322,0.37677113379286753,469809,72594,0,298634,178731,0.15451811267983373,0,0.6356498066235428,0.3804333250320875
06,070,1128350,296246,0,818025,372139,0.26254796827225596,0,0.7249745203172775,0.3298081269109762,1017535,254863,0,664518,325617,0.2504709911698369,0,0.6530664792857248,0.32000570004962975
06,071,1214205,306743,0,832457,389233,0.2526286747295556,0,0.6855983956580644,0.3205661317487574,1040800,254980,0,638280,336266,0.24498462720983857,0,0.6132590315142198,0.32308416602613377
06,072,964655,215128,0,646893,336780,0.2230102990188202,0,0.6705951868802836,0.34911963344408103,702248,154469,0,407101,272382,0.2199636026019298,0,0.579711156172748,0.3878715211720076
06,073,1074304,247513,0,646529,373899,0.230393817764804,0,0.6018119638389133,0.34803835785773857,946127,203874,0,472560,372007,0.2154826994684646,0,0.49946783042868453,0.3931892864277206
06,074,1505324,339604,0,978013,516062,0.22560193021568778,0,0.6497026553751883,0.34282453478453806,1277413,267816,0,734313,457015,0.20965498237453353,0,0.5748438445514489,0.3577660474725089
06,075,1205437,206213,0,786599,412318,0.1710690811713926,0,0.6525426048810514,0.3420485682785579,972991,155032,0,562371,384484,0.1593354923118508,0,0.5779817079500221,0.39515678973392354
06,076,1450001,269935,0,998316,523179,0.186161940577972,0,0.6884933182804701,0.3608128546118244,1276794,230900,0,786832,521990,0.18084358165843512,0,0.616256028772065,0.4088286755733501
06,077,1334152,282351,0,832758,523422,0.21163330714941025,0,0.6241852502563426,0.3923256120741864,1187380,234744,0,621409,520957,0.1976991359126817,0,0.5233446748302987,0.43874496791254697
06,078,942011,284357,0,557578,369083,0.30186165554330047,0,0.5919017930788494,0.3918032804287848,806158,221107,0,392178,362975,0.27427253714532385,0,0.4864778368508407,0.45025292808605755
06,079,1295189,387381,0,782897,502003,0.2990922560336754,0,0.6044654486719698,0.3875905369795451,1116632,297552,0,574620,475555,0.26647275019881217,0,0.5146010503012631,0.42588337070762794
06,080,1743931,408785,0,1114311,691621,0.23440434283237124,0,0.6389650737328484,0.39658736498175673,1537117,338045,0,842302,665572,0.21992145035153474,0,0.5479752029285995,0.43300022054274334
06,081,1634445,341162,0,1069871,623006,0.2087326278950959,0,0.6545775477302693,0.3811728140133195,1425022,279470,0,809896,609320,0.19611627048564864,0,0.5683392958143804,0.42758638112253705
06,082,1061204,216889,0,747582,345967,0.20438011918537813,0,0.7044658708410447,0.3260136599560499,934715,177867,0,589418,369419,0.19029008842267428,0,0.6305857935306484,0.3952210031934868
06,083,958405,170448,0,676091,326534,0.1778454828595427,0,0.705433506711672,0.3407056515773603,873500,154839,0,537358,386329,0.17726273611906124,0,0.6151780194619347,0.4422770463651975
06,084,922088,156314,0,630255,338584,0.1695217810013795,0,0.6835085154562255,0.3671927191330979,812521,132512,0,478296,351864,0.1630874771236682,0,0.5886567854861597,0.4330521918818098
06,085,900332,182606,0,636947,337727,0.20282073723915178,0,0.7074579155244954,0.37511384689203536,757181,142960,0,482661,331510,0.18880558281309226,0,0.6374446796736843,0.43782133994381794
06,086,1514432,197937,0,1111116,544716,0.130700487047289,0,0.7336849723196551,0.3596833664370536,734246,110754,0,482924,274275,0.15084045401677368,0,0.6577141720894633,0.37354646807745634
06,087,1089263,75251,0,454897,289964,0.06908432582397456,0,0.4176190690402593,0.26620200998289667,782729,58891,0,254513,303002,0.07523804535158402,0,0.32516107107313,0.38710971485661066
06,088,1809733,223799,0,1272739,579229,0.12366409851618995,0,0.7032744609287669,0.32006323584749796,1365458,153830,0,876971,448690,0.11265817037213888,0,0.6422541008218488,0.32860036705632834
06,089,1042708,203123,0,599796,309563,0.1948033389980704,0,0.5752291149583584,0.29688369131146974,829115,156913,0,392829,337063,0.18925360173196723,0,0.47379314087913016,0.4065334724374785
07,090,3656539,697237,0,2707855,1188545,0.19068222710054508,0,0.7405513793234532,0.3250464441921719,13850507,2343255,0,9664764,4545234,0.16918189348592078,0,0.6977913516090061,0.3281637271473167
07,091,887978,165663,0,681517,296446,0.18656205446531332,0,0.767493113568129,0.3338438564919401,13850507,2343255,0,9664764,4545234,0.16918189348592078,0,0.6977913516090061,0.3281637271473167
07,092,2241624,373758,0,1611588,661386,0.1667353668590272,0,0.7189376987398421,0.2950476975621246,13850507,2343255,0,9664764,4545234,0.16918189348592078,0,0.6977913516090061,0.3281637271473167
07,093,1709346,281422,0,1352998,579692,0.16463723552750584,0,0.7915296259505097,0.33913087227512745,13850507,2343255,0,9664764,4545234,0.16918189348592078,0,0.6977913516090061,0.3281637271473167
07,094,142004,33245,0,114179,59541,0.23411312357398384,0,0.8040548153573138,0.4192910058871581,13850507,2343255,0,9664764,4545234,0.16918189348592078,0,0.6977913516090061,0.3281637271473167
07,095,582320,143178,0,442360,207374,0.24587512020881988,0,0.7596510509685397,0.3561169116636901,13850507,2343255,0,9664764,4545234,0.16918189348592078,0,0.6977913516090061,0.3281637271473167
07,096,2543243,376472,0,1961179,874320,0.1480283244660459,0,0.7711331555812795,0.3437815419132187,13850507,2343255,0,9664764,4545234,0.16918189348592078,0,0.6977913516090061,0.3281637271473167
07,097,2292958,318408,0,1787689,795352,0.13886342444998992,0,0.779643150899406,0.3468672343758586,13850507,2343255,0,9664764,4545234,0.16918189348592078,0,0.6977913516090061,0.3281637271473167
07,098,2731929,422926,0,2078402,924393,0.15480856200874912,0,0.7607818504800088,0.3383664070332721,13850507,2343255,0,9664764,4545234,0.16918189348592078,0,0.6977913516090061,0.3281637271473167
08,099,1969168,720412,13477,1193343,912672,0.3658458800874278,0.006844007215229986,0.606013808877658,0.4634810234576227,1781574,600539,14719,961044,716080,0.3370833880602209,0.008261795468501448,0.539435353232591,0.40193671438851264
08,100,1774692,494189,14289,1034136,835260,0.2784646575293065,0.008051537957008878,0.582712943992535,0.4706506819211446,1517775,396549,10029,795570,628187,0.26126995107970546,0.006607698769580472,0.5241686020655235,0.4138867750490027
08,101,2363937,493646,7779,1278801,986208,0.20882367000474208,0.0032906968332912425,0.5409623860534354,0.41718878294979944,1901912,383540,6256,874359,783683,0.20166022402718947,0.003289321482802569,0.45972631751626786,0.4120500843361838
08,102,2039547,451721,11245,1149269,902829,0.22148104456528828,0.005513479218669636,0.5634922852966859,0.44266153219317816,1695970,357873,9752,921250,731520,0.21101375613955436,0.005750101711704806,0.5431994669717035,0.43132838434642123
08,103,2137045,360709,41629,1370360,894649,0.16878867782381746,0.019479702112028527,0.6412405915645202,0.41863835342727923,1913689,309236,36794,1152872,760910,0.16159156477358652,0.019226739559040158,0.6024343558436088,0.39761424139450036
08,104,3674179,653036,289249,2182476,1708542,0.1777365773414959,0.07872479811136039,0.5940037216477477,0.46501327235281675,2990768,537864,238971,1488064,1456926,0.17984143203351113,0.07990288782011845,0.4975524681285877,0.487141095531315
08,105,2548462,557305,54090,1480869,1071154,0.21868287618179122,0.021224566032375606,0.5810834142317994,0.42031389912818007,2095313,453841,46979,1060605,850492,0.21659818843294534,0.022420993904013385,0.5061797449832077,0.40590212536265463
08,106,1206516,245695,58594,683098,523212,0.2036400677653674,0.04856462740651595,0.5661740084673555,0.43365525198173915,982836,197771,47612,458575,429077,0.2012248228595615,0.04844348395866655,0.46658343813209935,0.4365702925004782
08,107,1458248,354465,324960,805849,628726,0.24307593770058317,0.22284275377027776,0.5526145072717398,0.43115162852957795,1205526,279406,270087,606866,481241,0.2317710277505421,0.2240407921521394,0.5034034935787366,0.39919586968675913
08,108,1335551,278789,285848,741748,578068,0.2087445556178686,0.21403001457825271,0.5553872521528568,0.43283109368343103,1110927,220792,240126,512502,467105,0.1987457321678202,0.2161492159250788,0.4613282420897143,0.4204641709131203
08,109,1634409,354337,433344,938051,684495,0.216798243279375,0.2651380407229769,0.5739389589753849,0.41880275989669663,1343937,283817,355280,664871,555317,0.2111832623106589,0.26435762985913774,0.49471887447105034,0.41320166049450235
08,110,6626178,1003302,527966,4300965,2464893,0.1514148880395305,0.07967881333703984,0.6490868491610096,0.3719931761567528,3360489,561108,362596,1766966,1293167,0.1669721281634905,0.10789977291995302,0.5258062145122332,0.3848151266080621
08,111,2677333,418806,75349,1652117,1006504,0.15642656330011992,0.02814330529672626,0.617075649536311,0.3759353057688379,2280498,337997,62408,1312551,886050,0.14821192564080302,0.027365952524404758,0.5755545499272527,0.3885335571440975
08,112,3307743,699911,10418,1758624,1425882,0.21159775714134985,0.0031495796378376434,0.5316688751211929,0.4310739981915161,2775015,545227,6497,1287901,1129491,0.19647713615962437,0.0023412486058633918,0.46410595978760477,0.4070215836671153
08,113,3687165,608024,118924,2031532,1489741,0.16490284541104072,0.03225350642024428,0.5509739867893083,0.4040342648077859,2886505,456363,79540,1319879,1105009,0.15810227247137976,0.027555815770282748,0.45725851851980165,0.38281901469077656
08,114,669919,99134,42429,308653,288903,0.1479790840385181,0.06333452253182847,0.46073181981702266,0.43125064373454103,507442,74086,27834,201753,211281,0.14599895160432128,0.0548515889500672,0.39758829580523486,0.4163648259308453
08,115,2603751,436414,176257,1188322,1202482,0.16760972919453512,0.06769349296457303,0.4563884949060029,0.4618268029469792,1964835,308996,118688,902027,919729,0.15726307807016873,0.06040609007881069,0.45908536849150183,0.4680947764061613
08,116,1828730,357196,178719,829582,896644,0.1953246241927458,0.09772847823352819,0.45363831730217147,0.4903096684584384,1448939,261315,126799,528974,727208,0.18034920724751008,0.08751162057201856,0.36507679067234716,0.5018900036509474
08,117,1036346,201863,292470,476806,419829,0.19478340245439266,0.2822126973037962,0.46008379440843117,0.4051050517877234,851107,162984,210763,367938,343905,0.19149648634073035,0.2476339637671879,0.43230522131764865,0.4040678786568551
08,118,2037573,398096,144578,1085693,842327,0.19537753984765208,0.07095598538064649,0.5328363695435697,0.41339721325321843,1820251,323452,105814,806297,724883,0.1776963726431135,0.058131543397037,0.4429592402366487,0.3982324415698714
08,119,2583052,478027,63482,1526673,1053722,0.18506286362024457,0.024576353863569142,0.5910345591184382,0.40793681273160587,2172598,384528,51599,1163769,853272,0.17698994475738264,0.023749906793617596,0.5356577700982879,0.3927426979128214
08,120,1421326,287903,178207,749659,649161,0.20255944097272546,0.12538080637376647,0.5274363516884937,0.45672913884640115,1205930,232122,144286,512014,529795,0.19248380917632035,0.11964707735938239,0.424580199514068,0.4393248364332921
08,121,1110906,210788,228549,585044,526091,0.18974422678426436,0.20573207814162495,0.5266368171564471,0.4735693208966375,962544,174342,194851,437764,456890,0.18112626539669874,0.20243334330690338,0.4547989494506225,0.4746692099270267
08,122,2408523,407947,229273,1256126,1148165,0.1693764186599007,0.0951923647812373,0.5215337366510513,0.4767091698937482,2020959,317768,181070,841683,943673,0.157236242793644,0.08959607790162986,0.416477028974858,0.46694316905983746
08,123,1156597,148168,160809,619139,550831,0.1281068513924902,0.13903632812466227,0.5353109164211908,0.4762514514562981,979690,121275,128670,445294,398561,0.12378915779481264,0.1313374638916392,0.4545254110994294,0.4068235870530474
08,124,1388552,52267,983437,681591,641515,0.03764137029077773,0.7082464322546077,0.4908645841135226,0.4620028634145498,1107643,45986,721487,425440,531376,0.04151698697143394,0.6513714256308215,0.3840948753343812,0.47973579935051275
08,125,1797485,80091,1372999,829343,916574,0.044557256388787665,0.7638444827077834,0.46139077655724525,0.5099202496821948,1420887,61733,1014178,511732,666350,0.043446804707200505,0.7137640079752999,0.3601496811498733,0.4689676237448861
08,126,1544338,250224,201546,821825,802755,0.1620267065888426,0.13050640468602082,0.5321535829591708,0.5198052498870066,1331770,210576,153584,599950,676628,0.15811739264287378,0.11532321647131262,0.45049070034615585,0.5080667082153826
08,127,1951014,405408,183816,1298345,748811,0.20779348584889704,0.09421562326051991,0.665471903328218,0.38380606187346683,1655320,318280,156294,1022601,567002,0.19227702196554142,0.09441920595413576,0.6177663533334944,0.3425331657927168
08,128,1222755,221184,276857,693307,552583,0.18088987573144252,0.22642066481020318,0.5670040196114512,0.4519163691827063,1022012,181017,217357,495393,436524,0.17711827258388355,0.21267558502248507,0.48472327135102133,0.42712218643225325
08,129,1411129,243582,182229,739792,685950,0.17261497708572357,0.1291370243259121,0.5242554011716859,0.48610013684078496,1179472,184634,141233,556326,554376,0.1565395363349024,0.11974256277385135,0.4716737658884653,0.4700204837418777
08,130,3068420,188525,1525289,1582629,1365783,0.061440415588478764,0.49709264051205504,0.5157797824287418,0.44510953520052665,2480516,150625,1143294,1209023,1027595,0.06072325274257453,0.4609097461979685,0.48740786191260205,0.41426662839505973
08,131,867848,60429,550427,401515,481294,0.06963085701643605,0.6342435541707765,0.4626559028770015,0.5545832910832311,708491,50726,423601,273019,371633,0.07159723976733649,0.5978918574830168,0.38535281323263104,0.5245415961529504
09,132,3466382,764450,980,2077108,1037344,0.2205325321906241,2.8271552298621445e-4,0.5992149739988264,0.2992584198740935,2803009,596240,498,1398528,790869,0.21271426527706475,1.7766621512809984e-4,0.4989381054431149,0.28215000379948835
09,133,4143512,561250,317,2417339,1291644,0.13545272705859185,7.650514828966345e-5,0.5834034027173084,0.3117268635881832,3542443,478239,87,1738168,1172653,0.13500259566632405,2.4559322478865575e-5,0.49066929234994044,0.33102946187136956
09,134,3682713,787444,3058,2135393,1088036,0.2138217124169057,8.303660915200289e-4,0.5798423607813045,0.29544414674724856,3126646,654785,2427,1459490,882907,0.20942089382680354,7.762311435320787e-4,0.46679093188035997,0.28238150401420564
09,135,4772006,731406,685,2263848,1417811,0.15327013419513721,1.4354550266701258e-4,0.4744017505426439,0.29711006230922593,3802419,602999,304,1355537,1179431,0.15858299677126586,7.994910608220714e-5,0.3564933270110422,0.31017912544619625
09,136,2335819,307936,358,1043666,737261,0.13183213254109158,1.532653000938857e-4,0.44680944884856233,0.315632760928822,1919648,257263,358,589807,543401,0.1340157153811532,1.8649252362933205e-4,0.30724747453699847,0.28307325092933705
09,137,1840221,318001,164,983110,599089,0.17280587494654176,8.911973072799409e-5,0.5342347468048675,0.32555274611038565,1498547,258843,24,591864,477900,0.17272931713186174,1.6015513694265177e-5,0.3949585832142736,0.3189089164370554
09,138,3443689,624149,3390,2141488,1090539,0.18124429935455844,9.84409451608435e-4,0.6218587102377712,0.31667755131197967,2965228,545738,236,1589247,885911,0.1840458811261731,7.958915806811483e-5,0.5359611470011749,0.29876657039526133
09,139,1303048,149060,14,797970,416695,0.11439333009988888,1.0744040127455013e-5,0.6123872643218055,0.31978484292213333,1163548,127813,48,615603,380178,0.10984763843004328,4.125313265976135e-5,0.5290740046822305,0.32674028059005733
09,140,4681645,773463,3968,3123264,1520538,0.16521180055301074,8.475653322710287e-4,0.6671296093573946,0.32478712076631183,3266208,588828,207,1885521,931364,0.18027878200041147,6.337624548099814e-5,0.5772813611380536,0.2851514661650452
09,141,1648115,216105,2215,1122947,569109,0.13112252482381387,0.0013439596144686505,0.6813523328165814,0.34530903486710574,1022439,159701,371,582264,311195,0.15619611536727374,3.628578330834407e-4,0.569485318928562,0.3043653460010817
09,142,3499171,725600,198,2031656,1173260,0.20736340121703112,5.658483109285028e-5,0.580610664640282,0.3352965602424117,3007295,610572,207,1454836,1201422,0.20303029799204933,6.883262200748513e-5,0.4837689684583654,0.3995025429829797
09,143,3673889,755254,629,2092567,1174361,0.20557344002499803,1.7120822104315072e-4,0.5695781772394322,0.3196506481279102,2987435,634076,230,1419850,914991,0.2122476304923789,7.698912277589303e-5,0.4752739390145727,0.30627980190363974
09,144,1564708,387554,268,942572,484115,0.24768455200586947,1.7127796368395892e-4,0.6023948238265542,0.30939638577932754,1336031,336739,69,675483,391970,0.2520443013672587,5.1645508225482794e-5,0.5055893164155623,0.29338391100206507
09,145,2547184,506580,1520,1507746,840939,0.19887844772894303,5.967374166923159e-4,0.5919266138606398,0.33014458319461804,2068774,405785,231,1022766,768807,0.19614757339371047,1.1166033602510473e-4,0.4943826633552046,0.3716244500365917
09,146,4418797,991325,7255,2680510,1389844,0.22434273400656332,0.0016418495803269533,0.6066153299189803,0.3145299501199082,3619470,787967,866,1852691,984060,0.2177023155323846,2.3926154934285958e-4,0.5118680359279121,0.27187958458006284
09,147,2498156,473890,2565,1521806,761521,0.18969591971037839,0.0010267573362111894,0.6091717250644075,0.3048332450015131,2032904,380910,193,1053466,553975,0.18737235009621703,9.493807872875453e-5,0.5182074510158866,0.2725042599158642
09,148,1868529,368206,478,1203885,560840,0.19705661512344738,2.558162062242545e-4,0.6442955929503904,0.3001505462318219,1596396,308338,710,841935,439119,0.193146312067933,4.4475180343724237e-4,0.5273973375027249,0.27506896785008234
09,149,3681896,622526,58,1547477,1107343,0.16907756221251224,1.5752753472667343e-5,0.4202935118210835,0.30075347049454954,3066052,524099,106,922879,921016,0.1709361093680081,3.457214685204295e-5,0.30099913504402404,0.30039151325548297
09,150,4448359,557150,3227,2191759,1401971,0.12524843431027038,7.254360540594857e-4,0.49271180675840237,0.31516588476784363,3612067,457111,370,1385642,1092878,0.12655108556956446,1.0243442328173868e-4,0.38361470039177015,0.30256304769540543
09,151,2031007,333558,1714,1061095,618605,0.16423281652894353,8.439163429766613e-4,0.5224477315932441,0.3045804371919939,1724318,269893,1793,687544,485206,0.1565215928848391,0.001039831400008583,0.3987338762339661,0.28139009161883133
09,152,3006538,532673,508,1490930,892214,0.17717155080028923,1.6896510205425644e-4,0.49589594410581206,0.2967579322130637,2462129,430819,97,972036,703738,0.17497824037651968,3.939679846181902e-5,0.39479491123332694,0.2858249912981814
09,153,4021243,1061782,53375,2034044,1264718,0.264043232403513,0.013273259039555679,0.5058246915195127,0.31450922015904037,3202651,819053,37932,1243081,1006862,0.2557421960744396,0.011843938037581991,0.38814126172349095,0.3143839275650079
09,154,4483992,1446427,1602,2283733,1422602,0.3225757316248557,3.5727093179470436e-4,0.5093080005495103,0.3172623858383333,3618372,1153410,367,1404104,1125147,0.3187649031111229,1.0142682952443806e-4,0.3880485477999498,0.31095393176820957
09,155,4092845,1274505,349,2221601,1318946,0.3113983060682728,8.527075909300254e-5,0.5428011566526463,0.32225652327415283,3386653,1060624,203,1414451,1094438,0.31317764176016855,5.994118677053717e-5,0.41765453974765054,0.3231621308708037
09,156,3108367,948588,2926,1773584,1124744,0.3051724587218948,9.413302869320129e-4,0.5705838467594078,0.3618440164884005,2698351,826695,957,1214379,925629,0.3063704462466151,3.546610503970758e-4,0.45004486073160976,0.34303506104283693
09,157,4589838,948294,7506,3127260,1542806,0.20660729202207137,0.001635351835947151,0.6813443088841044,0.33613517514125774,3609006,763865,2863,2109266,1073852,0.21165523138504064,7.932932225659918e-4,0.5844451353087249,0.29754785666745914
09,158,3405559,1030367,1756,1965843,1204710,0.30255444113580177,5.156275372119526e-4,0.5772453215463306,0.353748092457068,2872152,856749,1802,1259462,1023445,0.2982951459393514,6.274041206732791e-4,0.43850812909623166,0.35633385698249953
09,159,1885204,312712,230,1092677,592267,0.16587700853594625,1.220027116428779e-4,0.5796067693469779,0.31416600007214074,1568113,257980,911,779788,461895,0.16451620514593018,5.809530308083665e-4,0.4972779385159105,0.29455466538444613
09,160,1656616,309980,15,1017087,524676,0.187116386658103,9.05460287719061e-6,0.61395459177021106,0.316715521279524,1387313,255920,47,697897,457072,0.18447170897987691,3.387843983297208e-5,0.5030566281725898,0.32946566492204715
09,161,1581810,388283,169,1062003,506072,0.24546753402747484,1.068396330785619e-4,0.6713846795759288,0.3199322295345206,1337472,313119,16,765629,368067,0.2341125645994832,1.1962867260024883e-5,0.5724448810890994,0.27519604148722365
09,162,1379545,391622,150,930836,442023,0.2838776553138897,1.087315020532132e-4,0.6747413096346984,0.3204121648804497,1178356,325657,68,679717,387552,0.2763655465750588,5.770751793176256e-5,0.5768350142062331,0.3288921174925065
09,163,1796184,460544,801,1170243,628864,0.25640134863688796,4.459454042570249e-4,0.6515162143744739,0.35011112447277115,1562572,388335,382,851880,512911,0.2485229480625533,2.444687348806967e-4,0.5451780781941569,0.3282479143361074
09,164,4581268,816754,3753,3243022,1572232,0.17828120948174173,8.192055125349576e-4,0.7078874233072591,0.3431870827028674,4167669,685808,2051,2659644,1247715,0.1645543348092183,4.921216152242417e-4,0.6381610439792603,0.299379581247935
09,165,1689974,468178,832,1075196,620764,0.2770326644078548,4.923152663887137e-4,0.6362204388943262,0.3673216274333215,1454270,393265,140,781916,522809,0.27042089845764544,9.626823079620704e-5,0.5376690710803358,0.35949926767381574
09,166,1998603,562505,3873,1304513,814914,0.28144909219089537,0.0019378535907331271,0.6527124196251082,0.4077418076526454,1699553,475432,1065,934760,631506,0.2797394373697084,6.266353564731433e-4,0.5500034420815355,0.37157181917833687
09,167,1221592,240519,71610,641191,503351,0.19688979626585637,0.05862022672054172,0.5248814661523651,0.4120451018015835,977286,243736,2,384364,422078,0.24940089185765477,2.0464838338009547e-6,0.39329735614753514,0.4318879018015197
09,168,1104285,241198,474,653299,443655,0.21842006366110198,4.2923701761773454e-4,0.5916036168199332,0.4017576984202448,993620,224416,166,469682,387313,0.22585696745234596,1.6706588031641876e-4,0.47269781204082045,0.3897999235120066
09,169,875958,220898,647,488106,349676,0.25217875742900914,7.386198881681542e-4,0.5572253464207187,0.3991926553556221,758098,195999,65,326376,320914,0.2585404525536276,8.574089365754823e-5,0.43051953705193785,0.4233146638033605
09,170,1799410,387855,163,1002937,701689,0.21554565107451887,9.05852473866434e-5,0.5573699156945888,0.3899550408189351,1501480,311663,34,654019,602418,0.20757053040999546,2.26443242667235e-5,0.43558289154700697,0.4012161334150305
09,171,991730,266655,366,531072,394197,0.2688786262389965,3.6905206054067136e-4,0.5355005898782935,0.3974841942867514,800389,210105,21,409116,340266,0.2625036076207944,2.6237242141008934e-5,0.5111464550362387,0.4251257825882165
09,172,2632733,651480,340,1512166,1063929,0.2474538815747742,1.2914336546850745e-4,0.5743711952560324,0.40411579905748135,2288885,574181,467,1052247,863892,0.25085620291102434,2.0402947286560924e-4,0.4597203441850508,0.3774291849524987
09,173,3209141,709252,723,1931559,1066601,0.22100992134655348,2.2529393379723734e-4,0.6018928429757371,0.3323633956875064,2730420,600986,159,1278002,915427,0.22010752924458507,5.8232799349550616e-5,0.4680605914108452,0.33526966547271114
09,174,1599596,555397,193,813424,639086,0.3472107957259208,1.2065546550504002e-4,0.5085184008962264,0.39952963123188606,1290557,465771,86,480530,505703,0.3609069572285455,6.663789356068736e-5,0.3723431045664779,0.39184863589907304
09,175,5954391,1309851,7955,3665727,2111907,0.21998068316306404,0.0013359888525963444,0.6156342437035123,0.35468060461598844,4931129,1062876,4247,2504919,1669369,0.21554414820622214,8.612632117310255e-4,0.5079808295422813,0.33853687461836834
09,176,3260699,864559,610,1692458,1192850,0.2651452955332584,1.8707645201228326e-4,0.5190476029832867,0.3658264684964788,2661362,718075,456,1018840,979351,0.2698148541987148,1.7134083976550352e-4,0.38282653769010005,0.3679886464148808
09,177,2470996,555047,931,1450901,831209,0.22462480716277972,3.767711481524049e-4,0.5871725409510983,0.33638621835081883,2085608,471494,190,958968,822417,0.2260702874173862,9.11005327942739e-5,0.45980260911925924,0.39432961515299136
09,178,2397888,591125,746,1486939,787398,0.2465190200709958,3.111071075880108e-4,0.6201036078415673,0.32837146689086394,1976760,487350,143,931735,661328,0.24653979238754326,7.234059774580626e-5,0.47134452336146015,0.334551488293976
09,179,3797117,851587,696,2239902,1242632,0.22427199372576614,1.8329695924565928e-4,0.589895439092343,0.32725670554791964,3214532,715180,466,1448310,1032371,0.2224833972721379,1.4496667010936585e-4,0.4505508111289606,0.32115748108900455
09,180,3487731,509307,11159,1398368,1152160,0.14602817705837978,0.003199501337689174,0.4009391779354543,0.3303465777607275,2689622,402934,8488,773372,955564,0.14981064253638615,0.0031558337937449945,0.28753928990765243,0.3552781766359734
09,181,1117361,189334,5534,423313,403755,0.16944747489844375,0.004952741325319212,0.37885070268248133,0.36134695948757833,854222,154075,4756,206660,369406,0.18036880342580736,0.005567639325608565,0.24192774243697773,0.4324473029259373
09,182,2148665,277212,24887,868357,760253,0.1290159238410827,0.01158254078695376,0.40413791819571687,0.35382574761537977,1680712,226642,18175,464498,713302,0.1348488021743166,0.010813869360128327,0.2763697766184807,0.4244046570739068
09,183,3433919,531973,870,1679994,1170552,0.15491716607176814,2.533548403442248e-4,0.48923518580374203,0.340879327671969,2764392,433406,182,949104,938438,0.15678167206387517,6.583726186445338e-5,0.34333191530000085,0.3394735623601863
09,184,2559297,408763,12021,1228926,878898,0.15971690663490795,0.0046969929633020316,0.4801810809765338,0.3434138359088453,1995079,330083,219,657250,763957,0.16544858624645942,1.097700893047343e-4,0.32943557623532704,0.38292067632409543
09,185,2464464,513959,3620,1393783,783688,0.20854798447045686,0.0014688792370267936,0.5655521849781535,0.3179953125710094,2073469,433734,235,874767,730812,0.20918277533929855,1.1333663536807158e-4,0.4218857383447739,0.3524586092196218
09,186,1715183,369039,1593,954949,539469,0.21516013160111777,9.287638695113e-4,0.5567621647369406,0.3145256220473267,1419762,300754,307,573196,488899,0.2118340961372399,2.1623342503884454e-4,0.4037268218194317,0.344352785889466
09,187,2684703,492976,16435,1419144,994253,0.18362403588031898,0.006121719981688849,0.5286037226464156,0.3703400338882923,2157937,422556,2564,797595,842595,0.19581479904186266,0.0011881718511708172,0.3696099561757364,0.39046320629378894
09,188,4440895,936061,18172,2700328,1351629,0.21078206082332504,0.004091967947902394,0.6080594114474672,0.30435959418090275,3765164,830268,898,1796500,1134948,0.2205131038116799,2.3850222726022027e-4,0.4771372508607859,0.3014338817645128
09,189,3564544,544231,80269,1954820,1116973,0.15267899624748635,0.022518728903332376,0.5484067527291009,0.3133564910406492,2891545,524032,418,1082203,989293,0.18122906612209044,1.4455939644722804e-4,0.37426462323775006,0.3421330119365253
09,190,3100946,468663,109894,1875239,876246,0.1511354922014121,0.035438862850239894,0.6047312658782191,0.28257376942391127,2713996,493396,515,1288814,774592,0.18179687810888445,1.8975709617847632e-4,0.4748768973867316,0.2854064633846181
09,191,4613913,1171378,9327,2771917,1372032,0.2538795161503912,0.0020214945535383957,0.60077357332052,0.29736841591941593,3937287,1013386,700,1789499,1198973,0.2573817961454169,1.7778739522925305e-4,0.454500522821933,0.304517552314576
09,192,2205968,474537,22915,1363044,696747,0.21511508779819108,0.010387730012402719,0.6178892894185228,0.3158463767380125,1851247,420219,429,918699,598225,0.2269924002577722,2.3173568951090806e-4,0.4962595482936637,0.3231470462882587
09,193,3239774,494698,110114,1963590,1019483,0.15269521886403187,0.0339881732491217,0.6060885728448959,0.31467719661927035,2757218,454431,273,1297135,793008,0.16481504182839368,9.901284555664442e-5,0.47045064989420493,0.2876116433303424
09,194,4494204,990345,4736,2731677,1437375,0.22036049097904767,0.0010538017410869644,0.6078222083376723,0.31982860591108014,3910952,857829,376,1871268,1215256,0.21934020156729103,9.61402747975429e-5,0.4784686695208737,0.3107315047589436
09,195,3620268,726641,28712,2197549,1204602,0.20071469846983703,0.007930904562866617,0.6070127957377741,0.33273834975753175,3036301,649408,282,1444236,953093,0.21388129832977693,9.287616741554938e-5,0.4756563990197283,0.3138993795410929
09,196,1952756,446786,41725,1174606,652543,0.22879765828398427,0.021367236869327247,0.6015119144429719,0.33416514915329926,1628389,392599,253,780515,522618,0.24109656844893942,1.5536828116623238e-4,0.4793172884366082,0.32094174057918595
09,197,3676841,486958,28617,2403903,1220708,0.13243923248244893,0.007783039843169721,0.6537957447711228,0.3319991264240145,3134337,435147,769,1692793,980513,0.13883223150541885,2.4534694259104874e-4,0.5400800871125218,0.312829475579684
09,198,1578213,353103,1873,910146,470608,0.22373595959480755,0.0011867853071797026,0.5766940203888828,0.29819042169846527,1352172,292025,225,624796,388205,0.2159673473493017,1.6639894924610184e-4,0.4620684350807442,0.2870973515203687
09,199,2496970,661129,20132,1428683,881996,0.2647725042751815,0.008062571837066525,0.572166665999191,0.35322651053076326,2069562,552634,1302,914688,696256,0.2670294487432607,6.291186251003836e-4,0.4419717795359598,0.3364267415037578
09,200,1862559,421661,385018,985708,730399,0.22638799629971454,0.20671452555328448,0.5292224300008751,0.3921481145026815,1497066,622031,493,584864,551863,0.4155000514339381,3.2931079858870615e-4,0.3906734906811056,0.36862970637233095
09,201,1774480,281011,140,1055202,545984,0.1583624498444615,7.889635273432216e-5,0.594654208556873,0.30768675893782965,1531593,254360,22,729916,429677,0.16607545215994066,1.436412937379578e-5,0.47657308436379636,0.2805425462247477
09,202,1436719,254299,150,724850,472765,0.17699981694402314,1.0440454953265044e-4,0.5045175848582778,0.3290587790653566,1227677,216444,8,477119,363685,0.17630370203237497,6.516371977319767e-6,0.38863561018085374,0.29623834282144246
10,203,3935042,553944,250046,1759481,1478947,0.1407720679982577,0.06354341325962976,0.44713144103671576,0.37584020704226284,3040942,434654,44912,932077,1152914,0.14293399874117954,0.01476910773043353,0.3065092987633437,0.3791305457322106
10,204,5099371,649726,12461,2276957,1737539,0.1274129691681582,0.002443634714948177,0.4465172273207813,0.3407359456685932,3916636,510431,4773,1155614,1280091,0.13032382891849026,0.001218647839625638,0.29505269317853383,0.32683430372391004
10,205,656246,96655,318,283698,216372,0.14728470725916806,4.8457438216766274e-4,0.4323043492836528,0.3297117239571746,515864,74366,64,144406,161192,0.1441581502101329,1.2406370671339732e-4,0.2799303692446071,0.31246995332103034
10,206,3423574,405714,2989,1436794,1114583,0.11850598234476603,8.730642305380283e-4,0.4196766303284229,0.32556124097215366,2669205,314244,1786,813402,850905,0.11772943629282877,6.691130879793796e-4,0.3047356797248619,0.3187859306422699
10,207,4487379,587158,3990,2155338,1636938,0.13084653647485536,8.891604653852505e-4,0.4803111125670464,0.36478710623729355,3562892,479353,1258,1190765,1223640,0.1345404239028295,3.5308395539353986e-4,0.33421304939919594,0.3434401042748419
10,208,2229076,354249,10168,1033283,877682,0.15892190306656212,0.004561531325087166,0.46354767625688853,0.39374251932190735,1716169,253756,5219,505475,721095,0.14786189472015868,0.003041075791486736,0.2945368433994554,0.42017715038553893
10,209,2811569,382654,38848,1195768,1069893,0.13609980761631674,0.013817196021154025,0.4253027402137383,0.3805323646689802,2158608,293488,29423,589679,853445,0.13596169383232157,0.013630543387219913,0.2731755835241971,0.3953682187780273
10,210,1690400,113118,64224,745056,529064,0.0669178892569806,0.037993374349266446,0.4407572172266919,0.3129815428300994,1295559,85788,46830,313310,416845,0.0662169766100965,0.036146559130074356,0.24183383388946392,0.32174914457774595
10,211,3264619,390991,139490,1332326,1143318,0.11976619630039524,0.04272780376515606,0.4081107167482637,0.3502148336452125,2528974,309506,110052,694579,955346,0.12238401818286783,0.043516461616449995,0.2746485333577965,0.37776030912140657
10,212,3071029,263100,179971,1280190,1013566,0.08567161039508256,0.05860283312205779,0.4168602771253544,0.3300411686115631,2343313,203197,140059,639742,878991,0.08671355469798529,0.05976965091731237,0.27300748982316914,0.37510609978265813
10,213,2001762,346275,12532,834577,777546,0.1729851001267883,0.00626048451314392,0.4169211924294696,0.3884307924718323,1507121,257467,9295,426732,675276,0.17083366232704608,0.006167388019940005,0.28314382189618487,0.44805692442743483
10,214,1900661,317249,6009,804996,649898,0.16691508901376942,0.003161531698709028,0.4235347597493714,0.3419326223876851,1508182,242612,4642,465577,589467,0.160863874519123,0.003077877868851372,0.3087008066665694,0.3908460649974605
10,215,3937385,615688,2772,1816634,1223640,0.15636977333941182,7.040205618703784e-4,0.4613808403293049,0.3107747908827813,3274913,507362,841,1160799,1021964,0.15492381018976686,2.568007150113606e-4,0.35445185872113244,0.31205836613064225
10,216,4801062,751975,5979,2509232,1547586,0.1566268046528039,0.0012453494664305521,0.5226410323382619,0.3223424317369782,3746392,594445,3472,1440858,1139784,0.1586713296419595,9.267583317495873e-4,0.3845988353594605,0.3042351147450667
10,217,2562012,320064,60807,1382998,728201,0.12492681533107573,0.023734080870815594,0.5398093373489273,0.2842301285083754,2151753,267236,6107,816056,641317,0.12419455206987047,0.0028381510331343795,0.379251707793599,0.2980439669423024
10,218,3330464,386685,87000,1930175,932416,0.11610544356582146,0.02612248623615208,0.5795513778260326,0.2799657945559538,2714069,308998,13803,1117978,730299,0.11385045848134295,0.005085721844212509,0.4119195201006312,0.269079010150442
10,219,3951862,474066,36786,2157454,1040231,0.11996016055216503,0.009308523425160089,0.5459335371528662,0.2632255377338581,3247147,389925,6611,1346873,860555,0.12008233689451078,0.002035941089208465,0.41478658034268234,0.26501879958006214
10,220,3495021,738031,2274,1926740,1060344,0.211166399286299,6.506398673999384e-4,0.5512813799974307,0.3033870182754267,2716711,561813,3068,1097705,782204,0.2067989565323658,0.0011293067241970162,0.4040565963770162,0.28792315413748465
10,221,4261566,803128,1884,2142880,1343400,0.18845842115316294,4.420910059823079e-4,0.5028386278659066,0.3152362300619068,3381968,627164,3265,1205578,1068259,0.18544350508343072,9.6541422035927e-4,0.3564723261722169,0.31586904429610213
10,222,2970541,432270,1597,1548673,938182,0.1455189475587107,5.376125089672218e-4,0.5213437552284247,0.3158286655528404,2335875,338708,1505,889892,742154,0.1450026221437363,6.44298175202012e-4,0.3809673034730026,0.3177199122384545
10,223,1666886,247161,675,768028,560805,0.14827708673538562,4.049467090130939e-4,0.4607561644887533,0.33643872466383423,1280354,185122,332,414174,467240,0.14458657527527544,2.5930328643484536e-4,0.32348397396345074,0.3649303239572806
10,224,3037766,318569,67180,1573066,983528,0.10486949949403608,0.022114935778463515,0.5178364627163514,0.32376687341947996,2406058,252292,55399,959856,850052,0.10485699014736968,0.023024798238446456,0.39893302655214463,0.35329655394840853
10,225,2034763,247858,90432,965321,771080,0.12181172942499938,0.04444350521412076,0.47441446497700224,0.37895322452786884,1602009,198915,73595,545772,633294,0.12416596910504248,0.04593919260129001,0.340679734008985,0.3953123858854726
10,226,1367765,183846,21404,801817,426658,0.1344134409054187,0.01564888705296597,0.5862242417374329,0.31193808877987084,1134298,150704,18060,552728,330362,0.13286102946492015,0.01592174190556626,0.4872864097441766,0.2912479789261728
10,227,1000912,153209,8333,507270,326576,0.15306940070655561,0.00832540722860751,0.5068077912943396,0.32627843406812984,802039,126522,5636,303502,292538,0.15775043358240684,0.007027089705114091,0.3784130198157446,0.36474286163141695
10,228,636342,131115,617,328676,224655,0.20604486266818786,9.696043951208627e-4,0.5165084184290837,0.3530412891181157,525478,103732,211,202031,194384,0.19740502932568063,4.01539170050887e-4,0.3844709007798614,0.3699184361666901
10,229,2877653,607672,1442,1519933,1045420,0.21116931054578159,5.011028084345124e-4,0.5281849479419513,0.36328911095257144,2362149,471656,970,1012133,900301,0.19967241693898224,4.1064302040218464e-4,0.4284797445038395,0.38113641434134765
10,230,5838465,920918,9069,3459679,1881886,0.15773289725981057,0.0015533192371625076,0.5925665393215511,0.3223254742470838,4689460,722196,9236,2441672,1416041,0.15400408575827493,0.001969523143389644,0.5206723162155131,0.301962486085818
10,231,2728407,425402,13977,1599151,822493,0.15591588791554925,0.005122769440189825,0.5861116028510409,0.30145539136939614,2242380,343472,8318,1072821,653599,0.15317296800720662,0.0037094515648551985,0.4784296149626736,0.291475575058643
10,232,1706352,251737,26824,989807,538322,0.1475293491612516,0.015720085890836122,0.5800719898356259,0.3154812137237803,1402177,197988,8428,642053,408126,0.1412004333261778,0.006010653433910269,0.4578972554820112,0.29106596385477723
10,233,1626384,369088,57981,920276,511163,0.2269377957481136,0.03565025233893103,0.5658417692254719,0.31429416423181733,1282419,284169,35645,557584,439752,0.221588264054104,0.02779512780144399,0.4347908132989296,0.34290820706804875
10,234,2959918,549546,31650,1799832,924879,0.1856625757875725,0.010692863788794148,0.6080681964838215,0.3124677778235748,2463277,445811,25514,1211374,748549,0.18098289392544972,0.010357747017489304,0.4917733571985611,0.3038834040994984
10,235,2540073,612064,1033,1466002,837770,0.24096315342118121,4.0668122530336726e-4,0.5771495543632014,0.3298212295473398,2004365,470746,1640,916631,668335,0.23486041713959283,8.182142474050385e-4,0.4573174047641023,0.33343976770697953
10,236,4391418,1334351,3098,2297613,1664062,0.30385424480202067,7.054668901935548e-4,0.5232052608064184,0.37893500459304946,3474031,1029582,2945,1405638,1277843,0.29636523105291807,8.477183997494553e-4,0.4046129697748811,0.36782717252667
10,237,2219146,565112,2045,1091012,817041,0.2546529160316626,9.215256679821878e-4,0.49163597167559053,0.3681781189700903,1809585,435964,2073,679124,674321,0.2409193268069751,0.0011455665249214598,0.3752926776028758,0.37263847788305055
10,238,1760405,302649,78793,858588,727571,0.17192009793200996,0.0447584504702043,0.4877218594584769,0.4132975082438416,1396818,242479,66698,475875,595699,0.17359383971283301,0.047749957403183524,0.3406850427185217,0.42646858789047676
10,239,1125313,222974,1285,618881,365378,0.19814398305182648,0.0011419045190093778,0.5499634323961422,0.32469010844094043,926397,174555,1019,412256,361118,0.18842353764098976,0.0010999603841549573,0.44501007667339165,0.38980912071174667
10,240,700843,141314,590,386351,236354,0.20163431752903288,8.418433229696237e-4,0.5512661180892154,0.3372424351816313,587826,111570,294,261857,219735,0.18980106358003898,5.001480029804738e-4,0.44546685583829226,0.37380959671739594
11,241,43709,982,28715,30450,23359,0.022466768857672334,0.6569585211283717,0.6966528632547073,0.5344208286622892,40962,879,21723,23554,23496,0.021458913139006885,0.5303207851179141,0.5750207509398955,0.5736048044529076
11,242,136435,5935,57817,93432,70348,0.04350056803606113,0.4237695605966211,0.6848096163008026,0.515615494557848,123048,5747,23690,60552,53212,0.046705350757427995,0.19252649372602562,0.49210064365125805,0.43244912554450293
11,243,146850,6053,41392,106741,74753,0.04121893088185223,0.28186584950629895,0.7268709567585973,0.509043241402792,131271,6243,20450,74521,69540,0.04755810498891606,0.1557845982738,0.5676882175042469,0.5297438124185845
11,244,283583,15305,78436,214329,139678,0.053970089885500894,0.2765892172661972,0.7557893103606351,0.49254715550650074,230578,13421,43279,148792,110750,0.05820589995576334,0.1876978723035155,0.6453000719929916,0.48031468743765665
12,245,49977,0,34811,26073,28561,0,0.6965404085879504,0.5216999819917162,0.5714828821257778,36395,96,27749,13898,20219,0.002637724962220085,0.7624398955900535,0.3818656408847369,0.5555433438659156
12,246,83947,0,46380,48492,42493,0,0.5524914529405458,0.5776501840446948,0.5061884284131655,74113,372,36749,37508,34098,0.0050193623250981605,0.4958509303361084,0.5060920486284457,0.46008122731504597
12,247,78690,0,72400,38449,31710,0,0.9200660820942941,0.4886135468293303,0.4029736942432329,56684,97,49095,18254,25644,0.0017112412673770377,0.8661174229059346,0.32203090819278807,0.45240279443934794
12,248,176573,0,117216,121048,65772,0,0.6638387522441144,0.6855408244748631,0.3724918305743234,122314,1397,69400,70076,44335,0.011421423549225764,0.5673921219157251,0.5729188809130599,0.36246872802786273
12,249,83448,0,78323,45278,33370,0,0.9385845077173809,0.5425893969897421,0.3998897517016585,55307,99,49513,22374,22400,0.001790008498020142,0.8952393006310232,0.4045419205525521,0.4050120237944564
12,250,112274,0,92783,64746,49177,0,0.8263979193758128,0.5766784829969539,0.43800879990024405,103650,379,84684,51097,42940,0.0036565364206464063,0.8170188133140376,0.4929763627592861,0.414278822961891
12,251,99214,0,69979,62576,40222,0,0.7053339246477311,0.6307174390710988,0.40540649505110166,87217,530,60326,43416,33473,0.00607679695472213,0.691677081302957,0.4977928614834264,0.3837898574819129
12,252,35320,0,28468,18195,17644,0,0.8060022650056625,0.5151472253680635,0.49954699886749715,32703,119,25673,13221,16696,0.003638809895116656,0.7850350120784025,0.40427483717090174,0.5105342017551907
12,253,148226,0,53878,73174,62966,0,0.3634854883758585,0.493665079000985,0.42479726903512205,125282,372,45325,51200,59955,0.002969301256365639,0.3617838157117543,0.4086780223815073,0.47856036781022016
12,254,111975,0,98372,47974,50169,0,0.8785175262335343,0.42843491850859566,0.4480375083724046,100326,170,83940,33404,49074,0.001694476008213225,0.8366724478201064,0.33295456810796803,0.4891453860415047
12,255,83030,0,72911,54057,30202,0,0.8781283873298807,0.651053835962905,0.3637480428760689,57150,181,47711,27748,23034,0.0031671041119860016,0.8348381452318461,0.48552930883639545,0.4030446194225722
12,256,92076,0,90764,36606,38044,0,0.9857509014292541,0.3975628828359182,0.41318041617793994,43638,28,42224,9526,23113,6.416426050689766e-4,0.9675970484440167,0.21829598056739538,0.5296530546771163
12,257,8004,0,5701,4436,3555,0,0.7122688655672164,0.5542228885557221,0.4441529235382309,7938,59,5479,3452,4112,0.007432602670697909,0.6902242378432855,0.4348702443940539,0.5180146132527085
12,258,54080,0,25974,31849,22326,0,0.48028846153846155,0.5889238165680474,0.41283284023668637,51055,448,22591,24797,22243,0.008774850651258447,0.4424835961218294,0.4856919008911958,0.4356674174909411
12,259,145726,0,47410,83062,60945,0,0.3253365905878155,0.5699875108079546,0.4182163786832823,124742,1796,40521,58602,50792,0.014397716887656122,0.32483846659505217,0.4697856375559154,0.40717641211460454
12,260,21167,0,16451,9990,10501,0,0.7772003590494638,0.4719610714791893,0.49610242358388057,18265,19,14167,5671,9378,0.0010402408978921435,0.7756364631809471,0.310484533260334,0.5134410073911854
13,261,250260,0,238285,119626,147654,0,0.952149764245185,0.4780068728522337,0.5900023975065931,260652,0,244821,92726,130848,0,0.9392638460476037,0.3557463591301812,0.5020026702269693
13,262,194622,0,178431,159494,100067,0,0.9168079662114252,0.8195065306080505,0.5141607834674394,232085,0,217653,174982,109260,0,0.9378158864209234,0.7539565245491954,0.47077579335157377
13,263,140757,0,136561,102881,79466,0,0.9701897596567134,0.7309121393607423,0.5645616203812244,152439,0,146379,88606,56346,0,0.960246393639423,0.5812554530008724,0.3696298191407711
13,264,166343,0,156621,128208,78412,0,0.9415544988367409,0.7707447863751405,0.4713874343976001,160105,0,153611,111412,55765,0,0.9594391180787608,0.6958683364042347,0.3483026763686331
13,265,378811,0,223989,278037,151350,0,0.5912948673612962,0.7339728782955088,0.3995396121020773,307505,0,186213,200510,102732,0,0.6055608851888588,0.6520544381392173,0.33408237264434726
13,266,163418,0,157146,105893,80277,0,0.9616198949932077,0.6479885936677722,0.49123719541299,148195,0,142977,85562,71398,0,0.9647896352778433,0.5773609096123351,0.4817841357670637
13,267,196596,0,190916,117511,98154,0,0.971108262629962,0.5977283362835459,0.49926753341878777,183844,0,173443,85278,75789,0,0.9434248602075673,0.4638606644764039,0.4122462522573486
13,268,50484,0,48615,29859,30568,0,0.9629783693843594,0.5914547183265986,0.605498771888123,120729,0,117666,48599,63516,0,0.9746291280471138,0.4025461985107141,0.5261039186939344
13,269,74004,0,71429,41232,31959,0,0.9652045835360251,0.5571590724825685,0.4318550348629804,100620,0,97981,42211,41284,0,0.9737726098191214,0.4195090439276486,0.41029616378453587
13,270,267988,0,224738,197489,114825,0,0.8386121766646267,0.7369322506977924,0.4284706777915429,207258,0,182151,136964,89131,0,0.8788611296065774,0.6608381823620801,0.43004853853651004
13,271,95219,0,84242,62204,61390,0,0.8847183860364003,0.6532729812327371,0.6447242672155767,89415,0,86106,50162,40948,0,0.9629927864452273,0.5610020690040821,0.45795448191019406
14,272,479148,1000,419210,264477,233622,0.002087037825473549,0.8749071268167664,0.5519735029677678,0.48757795086278144,154990,238,121269,79515,71344,0.0015355829408348926,0.7824311245886831,0.513033098909607,0.46031356861733014
14,273,140651,22,134626,85006,70675,1.5641552495183114e-4,0.9571634755529644,0.6043753688206981,0.5024848739077575,111233,3,106264,56720,50751,2.6970413456438287e-5,0.9553280051783194,0.5099206170830599,0.4562584844425665
14,274,274143,443,254787,195935,122655,0.0016159449630302432,0.9293945130825882,0.7147182309962319,0.44741248180694015,214633,204,199701,129271,95673,9.5045962177298e-4,0.9304300829788523,0.602288557677524,0.4457515852641486
14,275,237399,22113,3287,156333,109937,0.09314698040008593,0.013845888146116874,0.658524256631241,0.4630895665103897,209107,1727,6283,120281,90113,0.008258929638893006,0.03004681813616952,0.5752126901538447,0.430942053589789
14,276,422168,40593,1808,269304,195319,0.09615366394421178,0.004282655246252677,0.6379071838699285,0.46265704648386424,362771,33969,2908,201283,176589,0.09363758404062067,0.008016076257473723,0.5548486510774014,0.48677816032703825
14,277,517992,16530,24161,392626,213387,0.031911689755826346,0.046643577506988526,0.7579769571730838,0.4119503776120095,507767,13364,32565,359290,198527,0.026319158196574412,0.06413374638367597,0.707588322990663,0.3909805087766633
14,278,456113,15839,27657,324664,194848,0.0347260437654704,0.06063628969137034,0.7118060656021644,0.4271923843433535,574650,10957,39236,397385,218719,0.019067258331158098,0.06827808231097189,0.6915252762551118,0.38061254676759765
14,279,183998,248,173606,129829,87929,0.0013478407373993197,0.9435211252296221,0.7056000608702269,0.4778801943499386,140778,0,134493,87549,66515,0,0.9553552401653668,0.6218940459446789,0.47248149568824677
14,280,144182,540,128280,90302,76238,0.0037452663994118544,0.8897088402158383,0.6263056414809061,0.5287622588117795,118097,210,108550,57367,54410,0.0017781992768656275,0.9191596738274469,0.4857617043616688,0.46072296502027993
15,281,86364,51,82080,60191,39339,5.9052382937335e-4,0.9503959983326385,0.6969454865453198,0.4555022926219258,69831,21,65749,46632,39219,3.0072603857885465e-4,0.9415445862152912,0.6677836490956739,0.5616273574773382
15,282,83955,84,73609,65895,36672,0.0010005360014293371,0.8767673158239533,0.7848847596926926,0.43680543148115064,66450,17,60445,50964,35739,2.558314522197141e-4,0.9096313017306246,0.7669525959367945,0.5378329571106095
15,283,400309,627,373542,340595,174636,0.0015662900409433712,0.9331341538661384,0.8508302336445096,0.4362529945617011,38743,2,38086,29632,23737,5.162222853160571e-5,0.9830420979273675,0.7648349379242702,0.6126784193273623
15,284,125745,17,123466,100802,60342,1.3519424231579785e-4,0.9818760189271939,0.8016382361127679,0.479875939401169,107680,0,104220,81509,67758,0,0.9678677563150074,0.756955794947994,0.6292533432392273
15,285,64937,32,62889,54476,32397,4.927853149976131e-4,0.9684617398401527,0.8389054006190616,0.4988989328118022,40911,0,40291,32398,23223,0,0.9848451516706999,0.7919141551172056,0.5676468431473198
15,286,161428,178,153533,121122,78292,0.0011026587704735238,0.9510927472309636,0.7503159303218773,0.48499640706692765,137151,33,130696,96059,71751,2.4061071373887176e-4,0.9529350861459267,0.700388622758857,0.5231533127720541
15,287,117894,146,112354,62861,45566,0.0012384005971465893,0.9530086348753966,0.5331993146385736,0.386499737051928,87729,6,84016,47939,41994,6.839243579660089e-5,0.9576764809812035,0.5464441632755417,0.47867865814040966
15,288,56574,83,54642,42233,19461,0.0014671050305794181,0.9658500371195249,0.74650899706579,0.34399193976031395,49435,11,47362,33774,20683,2.2251441286537878e-4,0.95806614746637,0.6832001618286639,0.4183877819358754
16,289,1725739,338094,431944,1361354,698178,0.19591259164914276,0.250295090972621,0.7888527755355822,0.4045675504812721,1518937,293315,381441,1026400,528158,0.19310544150284048,0.25112364765622275,0.6757357283415968,0.34771554053920606
16,290,876001,140168,344835,646810,366845,0.16000894976147287,0.393646810905467,0.7383667370242728,0.41877235299959703,764710,127307,286789,459057,302394,0.16647748819814048,0.3750297498398086,0.6003020752965176,0.3954361784205777
16,291,378230,61688,210608,276217,155831,0.16309652856727389,0.5568252121724876,0.730288448827433,0.4120006345345425,309389,49817,167847,158744,127276,0.16101736002249595,0.542511207573637,0.5130887006325371,0.4113785557986871
16,292,693947,114968,179426,520402,248667,0.16567259459295883,0.25855865073269285,0.7499160598720075,0.35833716407737193,582903,82622,143384,365338,191008,0.14174227959025773,0.24598260774091057,0.6267560812004742,0.32768402289917875
17,293,643291,8810,474009,358702,255693,0.01369520170498266,0.7368500414275966,0.5576045677617129,0.3974764142510932,456437,6665,345165,189195,181215,0.014602234262340695,0.7562160823947226,0.4145040827102097,0.3970208374868821
17,294,317917,509,305180,192147,126073,0.0016010468141055684,0.9599360839464388,0.6043935995873136,0.3965594793609653,223431,347,214976,107130,100425,0.0015530521727065627,0.9621583397111413,0.4794768854814238,0.44946762087624365
17,295,142334,319,134237,82062,53069,0.002241207301136763,0.94311267862913994,0.5765453089212697,0.37284837073362653,83507,222,79754,37159,39360,0.002658459769839654,0.9550576598368999,0.44498066030392663,0.4713377321661657
17,296,383461,168,375097,230678,163345,4.3811495823564846e-4,0.9781881338649824,0.6015683472373984,0.4259755229345357,201566,41,196865,100592,86307,2.0340732067908277e-4,0.9766776142801862,0.4990524195548853,0.42818233233779507
17,297,258840,590,230081,155859,106473,0.002279400401792613,0.8888927522794005,0.6021441817338896,0.4113467779323134,132634,269,115306,69964,59225,0.0020281375816155736,0.8693547657463395,0.5274967202979628,0.4465295474765143
17,298,825922,5642,661158,578030,326786,0.006831153547187265,0.8005090069037997,0.6998602773627534,0.3956620600976848,370262,2133,246097,258464,130793,0.0057607856058682775,0.6646563784563363,0.6980570514932669,0.3532444593287996
17,299,395124,1317,376099,187527,154180,0.003333130865247365,0.951850558305747,0.4746029094663954,0.3902066186817303,89173,46,85078,44094,35576,5.158512105682213e-4,0.9540780281026768,0.4944770277998946,0.39895484059076175
18,300,887142,29570,278665,489305,341131,0.03333175523196963,0.31411544036918554,0.5515520626912039,0.38452806878718404,842358,25247,265426,361512,310287,0.02997181720836034,0.315098805970858,0.4291666963452594,0.36835525987762924
18,301,1949258,70395,6332,922341,669819,0.03611374174172942,0.003248415550942974,0.47317543393434836,0.34362767781381426,1557047,62964,2248,593963,440300,0.04043808568399027,0.0014437586020203629,0.3814676114465395,0.28277887565372145
18,302,1008183,45094,231570,563577,362573,0.04472799085086735,0.22969044310407932,0.5590026810608788,0.35963014651109965,820715,39462,131800,384399,273547,0.0480824646801874,0.16059167920654552,0.46837087173988534,0.3333032782390964
18,303,1693622,95320,27344,897058,561824,0.05628174409638042,0.01614527917091299,0.529668367557814,0.33172927607222863,1393076,80665,26210,632080,419574,0.05790423494482713,0.018814479612024038,0.4537297319026385,0.3011852906804797
18,304,957423,117841,136777,539902,351148,0.1230814384028794,0.14285953021809586,0.5639116670478984,0.3667636979684006,770664,99567,119932,364370,261280,0.12919638130235744,0.15562164574963927,0.47280007889300657,0.3390323149907093
18,305,2823768,266350,115153,1710716,979998,0.09432432126152007,0.040779908264418324,0.6058273909188007,0.3470532989962348,2304258,213799,88406,1158866,723312,0.09278431495084317,0.038366363488810715,0.5029237177434124,0.3139023494764909
18,306,1924110,109130,232207,1108572,770606,0.05671713155692762,0.1206828091949005,0.576147933330215,0.40049997141535565,1654954,87277,187315,819709,625317,0.05273681322864563,0.11318441479340212,0.49530621394914903,0.3778455473686882
18,307,1042137,81840,249426,683486,429995,0.07853094170919946,0.23934089280008292,0.6558504304136596,0.4126088988300003,869800,67365,205486,492934,488596,0.07744883881352035,0.2362451138192688,0.5667210853069671,0.5617337318923891
18,308,686133,44225,325560,423028,316800,0.06445543356754449,0.4744852674335734,0.6165393589872518,0.4617180634075318,568837,30392,269117,303150,248764,0.05342831074631221,0.47310037849155384,0.5329294683714315,0.4373203571497635
18,309,1327929,37688,82066,798322,557196,0.028381035431864203,0.06179999081276183,0.6011782256430879,0.41959773451743276,1147428,31013,66773,587068,465096,0.027028275412487757,0.058193629578500786,0.5116382030070732,0.4053378512638702
18,310,1326335,58876,102871,884531,560557,0.0443899919703544,0.07756034486008437,0.6668986342062903,0.4226360610253066,1180765,47867,88305,695826,470611,0.040538972615211326,0.07478626144914526,0.5893010040101121,0.3985644899704852
18,311,1151050,42347,49039,813505,485717,0.036789887494027194,0.04260370965640068,0.7067503583684462,0.42197732505104035,1045161,35667,41418,667233,428127,0.03412584281273411,0.03962834434120676,0.6384021217783672,0.4096277989706849
18,312,1092256,88665,139971,794929,498618,0.08117602466820965,0.12814852928251252,0.7277863431283509,0.4565028711217883,986988,77389,121996,651835,409859,0.07840926130814153,0.12360433966775686,0.6604284955845461,0.4152623942742972
18,313,1066888,62298,111765,721764,479928,0.05839225860633918,0.10475795022532824,0.676513373475004,0.4498391583746373,931796,51057,92387,549716,382791,0.05479418241761072,0.09914938462925361,0.5899531657143838,0.41080987683999504
18,314,956313,44961,538738,557214,383441,0.04701494176069969,0.5633490290312899,0.5826690633715113,0.40095763625507547,698437,26198,379307,328479,280125,0.03750946756829893,0.5430797623837225,0.470305840039975,0.401074112625763
18,315,214102,4337,151843,140873,85028,0.02025670007753314,0.7092086949211124,0.6579714341762337,0.39713781281818944,176445,3194,119873,100328,65447,0.018101958117260335,0.6793788432656068,0.5686077814616453,0.3709201167502621
18,316,1736617,264897,17569,1174128,608062,0.15253622416456825,0.010116796046566399,0.6761007176596797,0.3501416835145573,1440696,208235,18631,822286,463991,0.1445377789623904,0.012931944004842105,0.5707560790062581,0.3220603097391816
18,317,1228686,157890,1940,795297,399171,0.1285031326148422,0.00157892252373674,0.6472744053403392,0.3248763313002671,1007587,130940,2901,550040,303129,0.12995403870831998,0.002879155844606967,0.5458982698268239,0.3008464777731352
18,318,659296,70659,691,407366,214240,0.10717340921225064,0.0010480876571373101,0.6178802844245984,0.32495267679464157,542852,59244,821,263533,179876,0.10913471811838217,0.0015123827488892,0.4854601254117144,0.331353665455778
18,319,738804,82784,18835,434078,255806,0.11205136951072274,0.025493906367588696,0.5875414859692151,0.34624338796216586,610754,66101,13863,305016,186502,0.10822851753733909,0.022698173077867687,0.49940892732589554,0.3053635342543807
18,320,482162,35135,178688,259902,193894,0.07286969939563881,0.370597434057433,0.5390345983300219,0.40213455228740547,432867,32503,169633,186203,160687,0.07508772902531262,0.39188249508509543,0.4301621514229544,0.3712156389837987
18,321,1517542,107827,182038,995319,628954,0.07105371712941058,0.11995582329846555,0.6558757517090137,0.4144557448821845,1308163,85010,141575,748699,414061,0.0649842565490692,0.10822428091912094,0.5723285248092173,0.3165209534285865
18,322,1253938,101789,75121,1001191,490932,0.08117546481564479,0.05990806563003912,0.7984374028061993,0.39151218002803967,1058100,75398,52005,776725,370204,0.071257915130895,0.049149418769492484,0.7340752291843871,0.34987619317644836
18,323,771639,60216,23364,531771,267623,0.07803649115713436,0.030278407389984177,0.6891447943921963,0.34682409779702683,689053,49866,22807,429539,206093,0.07236888889533896,0.033099050435888094,0.6233758506239723,0.29909600567735717
18,324,950075,73083,331007,572837,406756,0.07692340078414862,0.34840091571718024,0.6029387153645764,0.4281304107570455,848156,57719,330121,422775,326809,0.06805233942812407,0.3892220299095921,0.4984637260126675,0.38531708789420815
18,325,928500,40260,8419,487039,324843,0.043360258481421644,0.009067312870220787,0.524543887991384,0.3498578352180937,756533,36160,7511,332673,240489,0.04779698968848682,0.00992818555172081,0.43973362695348384,0.3178830269135649
18,326,831668,37844,267372,469926,345030,0.04550373466335124,0.32148886334450766,0.5650403766887748,0.41486506634859105,758746,32576,247362,357397,290977,0.042933998993075415,0.3260142392842928,0.47103642062033935,0.3834972441370366
19,327,1846823,317275,397389,1315585,683726,0.1717950231289084,0.21517438325167057,0.7123503443481048,0.3702173949533875,1792076,295860,205283,1129339,629337,0.1650934446976579,0.11455038737196413,0.6301847689495311,0.3511776286273573
19,328,3872846,1458278,731704,2498780,1512910,0.3765391136130897,0.1889318604457807,0.645205102397565,0.3906455356086971,3685243,1277836,644521,2009115,1399355,0.34674402746304656,0.17489240193930225,0.5451784319242992,0.37971851516982735
19,329,2819086,1414336,18125,1850504,1127977,0.5017001964466498,0.006429388816091457,0.6564198467162762,0.40012152875080786,2479068,1242300,14246,1386912,966668,0.5011157418836434,0.005746514415901459,0.5594489542037572,0.3899320228408418
19,330,3007134,807950,162816,1489667,1075626,0.2686777509748485,0.05414324735778319,0.49537765859452887,0.35769140982743036,2441794,676582,124865,923477,935524,0.27708398005728574,0.05113658236526095,0.3781961131856332,0.38312978080870047
19,331,1676276,482754,275366,1083685,702987,0.28799195359236784,0.16427247064325923,0.6464836339600399,0.4193742557908125,1497743,430970,242018,797476,610739,0.2877462955927686,0.16158847011803762,0.532451829185648,0.4077728956169383
19,332,3938973,827432,308436,2064236,1516846,0.21006287679555052,0.07830365935486229,0.5240543664554187,0.3850866710688294,3200184,546798,226650,1310843,1299723,0.17086455028835842,0.07082405261697453,0.409614884644133,0.4061400844451444
19,333,7103807,897534,91035,4055834,2589907,0.12634549333899414,0.012814959640654652,0.5709380899565543,0.36458014695500596,5855374,703086,75864,2616583,2001976,0.12007533592218021,0.01295630304742276,0.44686863725528037,0.34190403550652787
19,334,3498925,1030945,242338,2156183,1330368,0.29464621276534936,0.06926070150117536,0.6162415599076859,0.3802219253056296,3005888,886077,202643,1549397,1124825,0.2947804442480891,0.06741535280090276,0.5154540022781954,0.3742072226243959
19,335,7717563,2115719,489447,5247208,2911251,0.27414340511376456,0.06341989044987388,0.6799047834141425,0.3772241315036884,6863825,1852043,440680,4187714,2441087,0.26982666370427566,0.0642032685856647,0.6101137485294278,0.35564528524547173
19,336,5167600,1546917,140700,3480555,1842607,0.2993492143354749,0.027227339577366668,0.6735341357690223,0.35656920040250795,4603141,1365756,113612,2643331,1615088,0.2967008831578264,0.024681407760483547,0.5742450644027632,0.3508665061530811
19,337,10007260,2168304,264590,7606820,3570796,0.2166730953327884,0.026439804701786505,0.7601301455143565,0.3568205482819473,8932124,1839745,198936,6150161,2987549,0.20596948721267191,0.02227197025030105,0.6885440685776418,0.3344724054435429
19,338,5519145,1344021,229243,4078388,2152870,0.24351978431441826,0.04153596254492317,0.7389528631699294,0.39007310009068435,5041976,1188881,212062,3333988,1859487,0.23579664004747344,0.04205930373329821,0.6612463050200953,0.3688012398313677
19,339,3596674,1174447,368690,2232992,1466220,0.3265369616484563,0.10250859544123266,0.6208491511880143,0.4076599658462235,3191814,997120,330670,1733827,1426807,0.31239915609117574,0.1035993952028533,0.5432105379574123,0.44702072238545226
19,340,2930115,567767,540652,1624905,1249642,0.19376952781716758,0.18451562481336056,0.554553319579607,0.4264822370453037,2539999.5,464366,463492.5,1183449.5,1128431,0.18282129583096374,0.18247739812547206,0.46592509171753776,0.4442642606819411
19,341,4850029,718951,15094,3605206,1819845,0.14823643322545083,0.0031121463397435355,0.7433369986035135,0.37522352959126637,4273094,658704,19168,2895622,1438869,0.1541515351639819,0.004485742649237298,0.6776406042085664,0.33672767320353825
19,342,4496694,241932,10684,3588137,1795740,0.05380219334471058,0.0023759677665413747,0.7979500050481532,0.3993467200570019,4580546,277668,9810,3387891,1720290,0.060618974244555125,0.002141666080855863,0.7396260183829614,0.3755643977813999
19,343,8140975,2457515,96975,5519135,2957795,0.301869862025126,0.011911963861822448,0.677945209265475,0.36332196082164603,6878894,2209073,84697,4050729,2233303,0.321137816631569,0.012312589785509124,0.5888634132172992,0.32466018519837636
19,344,5912509,1128265,880005,4077643,2508543,0.19082677083451374,0.14883782840753393,0.6896637282074327,0.4242772400008186,5193094,937363,772076,3127137,2131138,0.18050183570719114,0.14867360382846911,0.6021722310437669,0.41037924597552056
19,345,5064835,740407,27887,3900631,1897099,0.14618580861962926,0.005506003650661868,0.7701397972490713,0.3745628436069487,4379043,633763,26214,3014001,1604605,0.14472637057914253,0.005986239459169504,0.6882784663224362,0.3664282355756726
20,346,1322784,319946,205874,653476,571431,0.24187320076444832,0.1556368991460435,0.49401565183733703,0.4319911640902823,1021059,244062,158929,310577,397492,0.2390283029678011,0.15565114258823437,0.3041714533636156,0.3892938605898386
20,347,1042886,340553,45563,510061,397690,0.3265486352295457,0.04368933900733158,0.48908605542695943,0.3813360233045606,797931,253647,32447,271963,301249,0.3178808693984818,0.04066391705548475,0.3408352351268468,0.377537656764808
20,348,716259,109003,6903,390249,257418,0.15218377709739075,0.009637575234656737,0.5448434155801184,0.35939234271401826,540895,80591,4113,220076,191694,0.1489956461050666,0.007604063635271171,0.4068737925105612,0.3544015012155779
20,349,2445474,325493,238188,1253475,1036277,0.13310016790200999,0.09739952254654925,0.5125693423851573,0.42375302293134176,1905183,248491,184513,667717,645020,0.1304289404219962,0.09684791434733567,0.3504739439728362,0.3385606527037035
20,350,1492073,190036,180962,793538,551467,0.1273637415863701,0.12128226970128138,0.5318359088328788,0.3695978682008186,1113375,135132,141547,442299,417267,0.12137150555742675,0.12713326597058494,0.3972596833950825,0.37477669248905354
20,351,1313551,115567,279208,604519,552191,0.08798059610932503,0.21255969505561642,0.4602173802159185,0.42038032782891566,1046575,89616,246657,363620,421204,0.08562788142273607,0.23568019492152975,0.3474380718056518,0.4024594510665743
20,352,1150567,72341,308343,483263,490202,0.06287421766833222,0.26799221601175766,0.42002160673824296,0.4260525462663191,924426,59686,270548,276172,386501,0.06456547089761647,0.2926659354020765,0.2987497106312458,0.4180983659048967
20,353,900422,28469,379054,352881,404584,0.03161739717599081,0.4209737212107212,0.3919062395188034,0.4493270932962544,701212,22919,312674,170763,309419,0.032684837110602785,0.44590509004409506,0.2435254958557469,0.4412631272710678
20,354,2684487,437309,233119,1722204,844504,0.16290226028287713,0.08683931045298413,0.6415393332133849,0.31458673482121535,1498604,212872,179423,795052,444571,0.1420468649489792,0.11972675903707718,0.5305284117752255,0.2966567552201916
20,355,2062330,299227,255626,1273520,685368,0.14509171665058454,0.12395009528058071,0.6175151406418953,0.33232702816717014,1802317,242603,218420,937882,515204,0.13460617638295594,0.12118844798112652,0.5203757163695398,0.2858564836263543
20,356,461790,15330,262734,259707,221332,0.03319690768531151,0.5689469239264601,0.5623919963619827,0.4792914528248771,364521,12811,203053,156710,153373,0.03514475160553164,0.5570406094573427,0.42990664461032424,0.4207521651701822
20,357,2293919,111414,653923,1507699,837167,0.048569282524797086,0.28506804294310306,0.6572590400968822,0.36495054969246954,1982582,94095,552125,1169146,692451,0.047460836424420276,0.2784878506916738,0.5897087737102426,0.3492672686426085
20,358,1939869,536382,181208,1024563,713175,0.27650423817278386,0.09341249331784775,0.5281609222066026,0.367640804611033,1498472,413352,138566,553694,545034,0.27584899817947883,0.09247153099957824,0.3695057365102585,0.36372651607771117
20,359,726978,154910,331096,350682,313379,0.21308760375142027,0.4554415676953085,0.4823832358063105,0.4310708164483657,560894,116059,253365,179937,236453,0.2069178846626992,0.45171636708540297,0.32080393086750797,0.4215645023836946
20,360,1734495,303515,121768,1013249,654636,0.17498753239415507,0.07020371923816442,0.5841752210297522,0.37742167028443435,1378705,237695,94902,608874,498922,0.1724045390420721,0.06883415959179084,0.44162746925556956,0.3618772688863825
20,361,949443,106356,201166,596497,312125,0.11201936293173997,0.21187791157552374,0.6282599376687173,0.32874538018606697,820506,92174,170048,428103,264412,0.11233799630959432,0.20724772274669534,0.5217548683373431,0.3222548037430561
20,362,1321442,79614,571077,672409,624779,0.0602478201843138,0.43216198667818945,0.5088448830898367,0.47280092505005894,1105831,66959,495127,421056,517540,0.06055084366417653,0.4477420148286673,0.3807598086868608,0.46801003046577644
20,363,791042,72885,240489,426312,326631,0.09213796486153707,0.3040154631486065,0.5389246083014555,0.4129123358810278,653081,62359,206664,269512,260443,0.09548432736521197,0.3164446676599074,0.4126777536017737,0.3987912678519204
20,364,2914253,152943,1042016,1911433,1142867,0.05248103030176172,0.35755852357362244,0.6558912352496507,0.39216464733844314,2350308,122198,849902,1317983,859285,0.051992334621675115,0.3616130311431523,0.56077033307974955,0.36560527386197894
20,365,531885,24037,389626,284575,259984,0.045192099796008536,0.7325380486383335,0.5350310687460635,0.48879739041334125,434819,21918,314785,182559,217667,0.05040718091895708,0.7239449058113836,0.41985055850825287,0.5005922004328238
20,366,1025213,32459,706754,559720,487508,0.03166073781740965,0.6893728425215053,0.545954840603855,0.47551874586061627,832447,27088,559772,343581,392751,0.032540209767108294,0.672441608895221,0.41273618620765046,0.47180300968109684
20,367,599578,44674,424407,343483,288645,0.07450907138020407,0.7078428494707945,0.5728745884605506,0.48141359422794033,514320,39669,360825,224653,266170,0.07712902473168455,0.7015573961735885,0.43679615803390887,0.5175182765593405
20,368,1502338,56986,1011296,727561,694863,0.03793154403336666,0.673148119797276,0.4842858264917748,0.4625210838040441,1229994,57894,804374,465946,567755,0.04706852228547456,0.6539657917030489,0.37881973408000363,0.46159168256105315
20,369,1065056,56195,374642,612993,430051,0.052762483850614425,0.35175802962473335,0.57555001802722106,0.40378252411140825,838173,42434,303782,381464,346099,0.05062677991297739,0.36243353102521797,0.4551136817816847,0.41292072161713633
21,370,1481255,298780,281135,983783,762092,0.20170733600899238,0.1897951399320171,0.6641550577044466,0.5144907527738303,1346301,260697,260680,749809,593507,0.19363946101206195,0.19362683382096574,0.5569400899204561,0.4408427238782412
21,371,579505,104620,176758,405879,247707,0.18053338625205995,0.305015487355588,0.7003891252016807,0.4274458373957084,514790,88179,162399,315539,192263,0.17129120612288506,0.31546650090328093,0.6129470269430253,0.3734785057984809
21,372,1041099,191827,355261,703691,505840,0.18425433124035273,0.34123652025407764,0.675911704842671,0.4858711803584481,929123,158073,319274,541585,417971,0.17013140348479158,0.3436294225845233,0.582899142524725,0.4498554012762573
21,373,312520,52112,110400,197819,165435,0.1667477281453987,0.3532573915269423,0.6329802892614873,0.5293581210802508,273882,42109,92019,139788,126148,0.15374869469333508,0.33598045873770455,0.5103949876224068,0.4605925179456846
21,374,2093437,191660,1062349,1342322,873227,0.09155279093662719,0.5074664296083427,0.6412048702683673,0.41712599901501696,1829594,157707,917955,1015058,738367,0.08619781219221313,0.5017260660015282,0.5547995894171056,0.4035687699019564
21,375,1801733,209357,818878,1052518,766514,0.11619757200428699,0.45449464487801466,0.5841697965236803,0.4254315151024042,1554235,180017,691471,777296,618334,0.11582354019823257,0.4448947552976223,0.5001148474973218,0.3978381647562949
21,376,2519738,184682,1479576,1369397,1223534,0.07329412819904292,0.5871943829080642,0.5434680113567363,0.4855798499685285,2222848,170788,1257965,964706,1027465,0.07683296383738339,0.5659248855522285,0.4339954868708972,0.46222908628930093
21,377,2320529,478586,275678,1621232,932707,0.2062400426799234,0.11879963577270528,0.6986475928549051,0.4019372306917948,2015041,379056,227984,1213718,642355,0.18811329397267848,0.11314112219056585,0.6023291833764176,0.31878011415152346
21,378,1506337,334896,30428,1094140,468599,0.22232475203092003,0.020199995087420677,0.72635804604149,0.3110851024704299,1332700,286280,25139,842306,384715,0.21481203571696555,0.01886321002476176,0.6320297141142043,0.2886733698506791
21,379,1440361,309780,9484,1089265,466890,0.21507108287436275,0.006584460423463285,0.7562444414976524,0.3241479045878082,1301418,267114,6786,865384,387999,0.20524842902126758,0.00521431238848702,0.6649546878865975,0.2981355721221007
21,380,1136971,248152,7862,889027,403649,0.2182571059420161,0.006914864143412629,0.7819258362790256,0.3550213681791356,1057466,222598,8416,737805,329748,0.21050133053923248,0.00795864831587966,0.697710375558174,0.3118284654069256
21,381,2620015,497695,93745,2007859,934921,0.1899588361135337,0.03578032950193033,0.7663540094236102,0.35683803337003794,2335306,445303,83496,1570579,792236,0.19068293405660758,0.035753772738990094,0.6725367039694156,0.3392429086380971
21,382,1827192,433387,151432,1290455,552234,0.23718744390299432,0.08287689525786014,0.7062503557371091,0.30223096423364376,1623585,373389,125688,1004181,446297,0.2299781040105692,0.07741387115549848,0.6184961058398544,0.2748836679323842
21,383,1192811,234079,162056,829910,435533,0.1962414833531884,0.13586058478669294,0.6957598479557952,0.36513160928261057,1064287,196772,135489,638241,355488,0.18488621960054008,0.12730494687992994,0.5996888057450669,0.33401516696154326
21,384,1273821,239552,179603,869456,526520,0.18805781974076421,0.14099547738654017,0.6825574393890508,0.4133390798236173,1137665,195765,132658,670153,452719,0.1720761384062971,0.11660550337753205,0.589060048432535,0.39793700254468584
21,385,962789,136399,58691,688362,343633,0.14167070874303717,0.06095935869645374,0.7149666230087797,0.35691413175680237,864346,121278,50800,529774,287961,0.1403118658500184,0.058772759982692116,0.6129189005328884,0.3331547782948032
21,386,2251673,297472,115051,1749936,792193,0.13211154550416512,0.051095785222809886,0.7771714631742709,0.3518241769564231,1874407,253262,96816,1309402,573760,0.13511579929012216,0.05165153565901109,0.6985686673171835,0.3061021432378347
21,387,1698730,325133,6129,1291939,621676,0.19139769121637928,0.0036079894980367688,0.7605322799974098,0.3659651622094153,1502173,273889,4482,1024208,450378,0.18232853339795083,0.0029836776456506676,0.6818176068934804,0.2998176641438769
21,388,3529031,688235,118928,2210050,1501772,0.19502095617748894,0.03369990232446244,0.6262483950976911,0.42554797620083246,3150704,584600,89553,1627194,1301898,0.18554583356608556,0.028423171456284056,0.5164541004169227,0.4132086035374951
21,389,577817,39175,313714,262537,293933,0.06779828215507679,0.5429296818889026,0.4543601174766405,0.5086956596984858,516464,38928,261191,175337,274099,0.07537408222063881,0.505729344155643,0.3394951051767403,0.530722373679482
21,390,733110,115544,392820,399786,355349,0.15760799879963444,0.5358268199860867,0.5453288046814257,0.48471443575998147,646144,109300,335175,279051,305156,0.16915733954041204,0.518731118759905,0.431871223751981,0.4722724346275753
21,391,441162,104934,55364,271612,219457,0.23785820174901737,0.12549584959720012,0.6156740607758601,0.49745218309827227,373291,81693,46493,180303,170722,0.21884535121393228,0.12454894438922985,0.48300923408279334,0.4573429308501946
21,392,610183,156219,57192,398421,286661,0.25601991533687435,0.09372925827169881,0.652953294339567,0.4697951270356598,540983,127792,52697,291608,236592,0.23622184061236676,0.09740971527755955,0.5390335740679467,0.43733721762051675
21,393,1648997,294777,347164,927260,720601,0.17876139253133874,0.2105304012075219,0.5623175785037814,0.43699351787783725,1335288,226124,275014,637284,558933,0.16934474061026536,0.20595856474408517,0.4772633319553535,0.4185861027733343
21,394,610382,82159,206327,299383,305438,0.1346025931302037,0.3380292996844599,0.49048464731921976,0.500404664619861,529672,72174,183514,187258,243919,0.1362616864776692,0.34646724765515263,0.35353577308220935,0.46050952287453367
21,395,1576869,286580,449456,802036,751930,0.18173989088503864,0.2850306525145716,0.5086256372596583,0.4768500110028163,1333812,235834,381913,513044,620185,0.17681202448321054,0.2863319568274989,0.38464491247642096,0.4649718251147838
21,396,967911,139514,541905,407735,467122,0.14413928553348396,0.5598706905903539,0.4212525738420165,0.48260842164207246,829930,115586,462446,247700,398617,0.13927198679406697,0.5572108491077561,0.29845890617280973,0.48030195317677393
21,397,1220946,177384,681173,470379,610906,0.14528406661719684,0.557905918853086,0.38525782467037856,0.50035464303908606,1017090,144302,557424,283851,502785,0.1418773166583095,0.5480576940093796,0.27908149721263603,0.49433678435536677
21,398,1379647,196540,697583,568090,693406,0.1424567298736561,0.5056242647575793,0.41176474851900524,0.5025966787156425,1178417,153839,584511,349794,569198,0.1305471662408129,0.49601372010077927,0.29683380331410697,0.4830191689359539
21,399,613192,138295,354614,244706,310666,0.22553294889691972,0.5783082623387128,0.39906913332202637,0.5066373990528252,501095,107522,286670,126361,245819,0.2145740827587583,0.5720871291870803,0.2521697482513296,0.49056366557239645
22,400,658917,54776,304280,397823,307071,0.08313034873891552,0.4617880552482331,0.6037528247108513,0.4660237935885703,568069,46409,256527,294800,273312,0.08169606156998534,0.4515771851658865,0.518951042919082,0.48112465211092315
22,401,2359886,115652,1300628,1187941,1155807,0.0490074520548874,0.5511401821952416,0.5033891467638691,0.4897723873102345,1951717,93184,1071553,860103,975883,0.04774462691056132,0.5490309302014585,0.4406904279667595,0.5000125530494431
22,402,851669,48844,530378,495415,487360,0.05735091919513332,0.6227513271000823,0.5816989933882765,0.5722410936643226,737165,35993,466832,391623,395516,0.04882624649840945,0.6332802018544017,0.5312555533700054,0.536536596284414
22,403,1493984,224942,505609,951639,690167,0.1505652001627862,0.3384299965729218,0.636980717330306,0.4619641174202669,1261731,178949,446980,744259,600079,0.14182817098097772,0.35425934688138755,0.5898713751187852,0.4755997910806662
22,404,1206640,124679,493559,748759,521186,0.10332742160047736,0.4090358350460784,0.6205322217065571,0.43193164489822977,832421,77863,399149,395989,379921,0.09353800540832102,0.4795037607172332,0.4757076046856098,0.45640487205392466
22,405,1619707,397908,187196,1019634,846466,0.24566665452455289,0.11557398961664055,0.629517560892186,0.5226043969680936,1311348,294938,152322,717035,573587,0.22491207520810647,0.11615680963405595,0.5467923083727584,0.43740258116075975
22,406,2663629,552992,498469,1596560,1203197,0.20760849202347625,0.18713904977006934,0.5993927833042815,0.4517134330644395,1697781.1886829257,330811.0768742169,382014.8930683351,829681.7714001986,765522.5492211253,0.19484906481432251,0.22500832004428542,0.48868592544828127,0.45089588359439225
22,407,822526,119798,167043,414167,404156,0.14564645980795743,0.2030853735930536,0.5035305874829489,0.49135954364968404,584321,74351,121737,260987,291512,0.12724341586217164,0.20833925188381044,0.4466500433836881,0.49889016482378695
22,408,1537133,156623,405194,1008379,800092,0.10189293964803306,0.2636037350053639,0.6560128498965282,0.5205092857937472,1282785,127416,341356,822839,649170,0.09932763479460704,0.26610538788651256,0.6414473196989363,0.5060629801564565
22,409,3343872,458040,397416,2303378,1496805,0.13697892742305925,0.11884904685346807,0.6888355774383709,0.4476262847381718,2688475,343939,338368,1707794,1124851,0.12793089018867573,0.1258587117231888,0.6352277778294386,0.41839741861092256
22,410,4063872,724250,476446,2629749,1757664,0.17821673517276135,0.11723942092664336,0.6471042887177549,0.4325096853444203,2978835,481065,363644,1692385,1249885,0.16149434258695095,0.1220759122274312,0.5681365365990395,0.4195885304154141
22,411,1032754,139581,279896,637963,499260,0.1351541606229557,0.27101904228887036,0.6177298756528661,0.48342586908402196,860208,104391,232460,484808,411725,0.12135553261536744,0.27023696594312074,0.5635939214701561,0.4786342373007459
22,412,799781,58581,207633,546833,402895,0.07324630117494664,0.2596123188722913,0.6837284206551544,0.5037566533838639,690096,48395,181678,430856,347259,0.07012792423083165,0.26326482112633603,0.6243421205165658,0.5032039020657996
22,413,748941,31543,414770,456042,389359,0.042116802258121804,0.5538086444726621,0.608915789094201,0.5198794030504406,646393,27426,364586,393489,350349,0.04242929610933287,0.5640314793012919,0.608745763026518,0.5420061789035463
22,414,1413199,37963,931780,650863,726531,0.026863166475492837,0.6593409703799678,0.4605600485140451,0.5141038169429784,1187776,34320,780163,430959,624204,0.02889433697936311,0.6568267080661674,0.362828513120319,0.5255233309984374
22,415,139820,4979,108161,56621,71089,0.03561007009011586,0.7735731654984981,0.4049563724789014,0.5084322700615077,116888,3935,90722,35126,64064,0.033664704674560265,0.7761446855109164,0.30050988980904797,0.5480802135377455
22,416,533638,12996,410255,191237,286595,0.02435358801284766,0.7687889543098505,0.35836465918843863,0.5370588301432806,474195,14351,365032,118549,255379,0.030263920960786176,0.7697930176404222,0.25000052720927046,0.5385527051107667
22,417,255230,10122,204189,86919,134525,0.039658347372957724,0.8000195901735689,0.3405516592877013,0.5270736198722721,233757,9665,189028,56862,118175,0.04134635540326065,0.8086517195206988,0.24325260847803487,0.5055463579700287
23,418,687861,108391,161448,328025,277455,0.15757689416902543,0.23471021034773012,0.47687686901859533,0.4033591088897321,552671,90240,114611,206148,225866,0.1632797812803639,0.20737654047344622,0.3730031067307675,0.40868075220158107
23,419,1965970,421519,17030,1179685,675993,0.21440764609836366,0.008662390575644593,0.6000523914403577,0.3438470576865364,1592550,335700,12974,837758,590522,0.21079400960723368,0.008146682992684688,0.5260481617531632,0.37080280054001447
23,420,1703005,374799,6131,1094917,520768,0.22008097451269962,0.003600106869915238,0.6429323460588783,0.3057935825203097,1427839,306523,6711,827188,525202,0.21467616446952353,0.004700109746266911,0.5793286217843888,0.36782998643404474
23,421,2032036,393068,72133,1357210,685311,0.19343554937018834,0.035497894722337595,0.6679064740978998,0.33725337543232503,1619954,303902,56845,949512,527253,0.18759915405005329,0.03509050256982606,0.5861351618626208,0.32547405667074497
23,422,786754,200270,15061,491445,321160,0.25455224886050787,0.01914321376186203,0.6246488737267304,0.40820891917931146,664140,165431,10918,391740,334187,0.24909055319661516,0.01643930496582046,0.5898455144999548,0.5031875809317312
23,423,1726050,321515,227802,900846,759281,0.1862721242142464,0.13197879551577302,0.5219118797253846,0.43989513629385013,1402692,261743,158862,662874,632523,0.18660047964913182,0.1132550837960151,0.47257273870528954,0.4509350591576768
23,424,1445166,361604,67857,747940,655318,0.2502162381345811,0.046954467514458545,0.5175460812114318,0.45345517400769186,1202515,292131,51952,542387,565896,0.24293335218271706,0.043202787491216324,0.4510438539228201,0.4705937140077255
23,425,1762375,405313,73597,943033,751797,0.2299811334137173,0.04176012483154834,0.5350921341939144,0.42658174338605576,1473781,342954,51207,631045,592039,0.23270350208070262,0.03474532511953947,0.4281809848274608,0.4017143659743205
23,426,1016520,207990,170879,552559,431998,0.2046098453547397,0.16810195569196867,0.5435790737024357,0.4249773737850706,854538,171275,131061,420005,372560,0.2004299399207525,0.15337059323283458,0.49149950031479,0.4359782712998135
23,427,2378458,501630,221936,1545719,1006035,0.21090555309364303,0.09331087620634881,0.6498828232409402,0.42297782849224164,2021373,415339,196210,1118761,839428,0.20547370524885808,0.09706768617172586,0.5534658868007043,0.41527615140797863
23,428,1264219,246337,166295,747715,574595,0.19485310693795932,0.131539709496535,0.591444203891889,0.4545059044358612,1095393,212510,137130,556947,490362,0.19400343073216644,0.1251879462439508,0.5084449142910352,0.44765851160268505
23,429,2228935,398569,319975,1371781,911349,0.17881589189455951,0.14355510591381085,0.6154423525136444,0.4088719500568657,1864595,303967,265902,982402,742837,0.16302038780539474,0.14260576693598342,0.5268715190161939,0.398390535210059
23,430,2365106,383508,311985,1441757,991946,0.1621525631409332,0.13191163525017482,0.6095950879157214,0.41940868612231336,1972899,307235,254029,991204,862729,0.15572768803674186,0.12875925224758084,0.5024099054234403,0.4372899981195185
23,431,644758,58147,300687,356672,289691,0.0901842241585215,0.466356369366491,0.5531873974421411,0.4493019086230803,515456,35097,226974,247057,217287,0.06808922585050907,0.44033632356593,0.47929794201638937,0.4215432549043953
23,432,826067,111162,71441,508834,418682,0.1345677771899858,0.0864832997807684,0.6159718279510016,0.5068378230821471,725825,91075,61709,403274,348122,0.12547790445355286,0.08501911617814212,0.5556077566906623,0.4796224985361485
23,433,1340411,249024,33092,834591,679723,0.18578182363469115,0.02468795018841236,0.6226381311403741,0.5071004341205795,1180299,211839,37393,691782,569254,0.17947909809294085,0.03168095541892351,0.5861074185439452,0.48229643505586295
23,434,1455069,198612,409865,825880,690980,0.13649661974792948,0.2816808000170439,0.5675882037209232,0.4748778236633452,1241666,165751,319507,688354,556685,0.13349080992795165,0.25732121198454333,0.5543793580560312,0.4483371534696126
23,435,1986864,523869,48730,1240990,897442,0.26366625999565146,0.02452608734166002,0.6245973554304673,0.45168768471319626,1710982,422882,53230,1014882,755288,0.2471574803241647,0.031110789008884955,0.5931576135809729,0.4414353862284933
23,436,1512681,353914,37836,894612,717871,0.2339647288489774,0.025012543953417805,0.5914082347831433,0.47456866318807467,1290656,283631,35302,748339,629773,0.21975723972925396,0.027351982247787173,0.5798129013462922,0.4879479892395805
23,437,1563715,292007,272701,925369,742676,0.1867392715424486,0.17439303197833364,0.5917759949862986,0.4749433240712022,1305900,238823,214121,655641,579283,0.18288000612604335,0.16396431579753426,0.5020606478290834,0.44358909564285165
23,438,2185793,145436,1222814,1077338,1027974,0.06653695020525731,0.5594372385674216,0.49288198836760844,0.4702979650863554,1747258,113380,950428,739106,814990,0.06489024517272206,0.5439540125156102,0.4230090805135818,0.4664394153582356
23,439,3276697,545239,217679,2309130,1268195,0.166398968229287,0.06643244706483388,0.7047127030665331,0.38703456560066435,2450306,384178,161724,1568079,887992,0.15678776446696863,0.06600155245916224,0.6399523161596959,0.36240045120895104
23,440,1873046,209091,730169,986234,894119,0.11163153494361591,0.38982972121346726,0.526540191751831,0.47736094041470417,1515403,172847,541248,772174,699668,0.11406008830654288,0.35716439785324433,0.5095502648470407,0.46170424632919427
23,441,1385881,87991,962145,549926,653897,0.06349102123486793,0.694247918832858,0.39680607498046366,0.4718276677434787,1055888,67811,700195,348241,509796,0.06422177352143409,0.6631337793402331,0.329808653948146,0.48281257103026076
23,442,1545814,295718,53751,804245,745603,0.19130244647803682,0.03477197127209354,0.520272814193687,0.48233681413158375,1253692,218698,47264,548527,625279,0.17444316466883414,0.03769984972385562,0.43752931341988305,0.49875009172906903
23,443,1458875,292144,67603,862918,550402,0.2002529346242824,0.04633913117984748,0.591495501670808,0.3772783823151401,1214701,241112,59292,608058,451722,0.19849493826052667,0.048812012174189366,0.5005824478616548,0.3718791702649459
23,444,2371061,357516,69429,1660690,867457,0.15078313042135988,0.029281827839941696,0.7003995257819179,0.3658518275151926,1843498,258173,60558,1159816,591450,0.1400451749879848,0.032849506752922975,0.6291387351654301,0.3208302911096188
23,445,1311332,271281,145512,780362,586087,0.2068743842139138,0.11096503402647079,0.5950910982115895,0.44694021041200854,1078892,221072,116110,550968,451429,0.2049065152026338,0.10761966906789558,0.5106794748686615,0.41841908179873427
23,446,1331597,225891,205006,820220,517838,0.16963916259949519,0.1539549878829706,0.6159671432122481,0.38888492539409447,1125146,184234,177135,658700,411715,0.16374230544302695,0.1574329020411573,0.5854351346403045,0.3659214004227007
23,447,1575362,159296,667018,939769,786980,0.10111707658303298,0.423406175850376,0.596541620275213,0.49955502290902026,1390066,146965,549366,766451,614315,0.10572519578207078,0.3952085728303548,0.5513774166118731,0.4419322535764489
23,448,570465,92865,159678,352550,230979,0.16278825168941127,0.2799084957008756,0.6180046102740746,0.4048960058899319,473843,76142,125860,257475,212894,0.16069035524424757,0.2656154042583725,0.5433761815622474,0.4492922761336561
23,449,1241350,205007,197300,810644,478082,0.16514842711564023,0.15893986385789666,0.653034196640754,0.3851307044749668,1083580,170775,163399,635752,386794,0.1576025766440872,0.15079551117591686,0.5867144096421123,0.3569593384890825
23,450,1292042,155717,317699,790773,543874,0.1205200759727625,0.2458890655257337,0.6120335097465872,0.4209414245047762,1059500,121764,244157,553315,441363,0.11492590844738083,0.2304454931571496,0.5222416234072675,0.4165766871165644
23,451,2463289,348029,375231,1756468,1005624,0.14128630461143618,0.15232926384196088,0.7130580293258323,0.40824442442604175,2142230,272713,320706,1390530,796612,0.12730332410618841,0.14970661413573705,0.6491039710955406,0.37186109801468564
23,452,1091854,184155,145879,718785,477818,0.16866266002597416,0.13360669100447495,0.6583160385912402,0.43762078080036343,968747,155942,126621,631566,407433,0.16097288559345216,0.13070595315391945,0.6519411156886163,0.42057730243293656
23,453,704524,39782,455789,378714,389925,0.05646649368935622,0.6469460231305109,0.537545917527295,0.5534587891966775,580712,33848,374429,261758,330895,0.05828706828858367,0.644775723594484,0.45075355770158015,0.5698091308600477
23,454,1054905,48425,610528,604962,559649,0.04590460752390026,0.5787516411430413,0.5734753366416881,0.5305207577933558,892971,41301,510771,446563,463516,0.04625122204416493,0.5719905797612689,0.5000867889326753,0.5190717279732489
23,455,2090922,232244,769778,1294198,957984,0.11107253163915248,0.36815242271112936,0.6189604394616346,0.4581634322083751,1825329,208799,635921,1004844,773123,0.11438978945713348,0.34838705789476854,0.5505002111948037,0.423552685570656
23,456,1379131,130797,519856,864194,684434,0.09484015659136079,0.3769446122232043,0.6266221265420037,0.4962791787002105,1165709,120615,428607,635824,568652,0.1034692191619006,0.36767924070243946,0.5454397280968063,0.4878164275989977
23,457,1701698,125426,383026,1147623,893014,0.07370638033305557,0.22508459197813008,0.6743987476038639,0.5247781921351498,1497389,116070,326005,870510,753292,0.0775149276507307,0.21771563701883745,0.5813519399434616,0.5030703444462328
23,458,1241519,193115,190819,653980,514897,0.1555473577126085,0.15369801026001212,0.5267579473209834,0.4147314700781865,977489,153477,143277,453109,418678,0.15701148555124406,0.14657658551656336,0.4635438352758957,0.4283199094823573
23,459,845071,175764,82072,469109,315270,0.20798725787537378,0.09711846696904756,0.5551119373401762,0.3730692450693492,688899,140049,60440,344736,264164,0.20329395165329026,0.08773419615937895,0.5004158809927145,0.38345824279030744
23,460,1066063,89733,476008,604194,493057,0.08417232377448612,0.446510196864538,0.5667526215617651,0.46250268511335635,904392,67081,390122,430144,393659,0.07417248272872826,0.4313638333819848,0.4756167679501809,0.4352747481180727
23,461,749237,74385,358543,436595,346471,0.0992810018725717,0.4785441722712573,0.5827194866243925,0.4624317805981285,684212,49077,310779,347563,291022,0.07172776858634458,0.4542144832303438,0.5079755982064038,0.4253389300392276
23,462,1127033,130202,313304,600785,461760,0.11552634217454147,0.2779900854722089,0.5330677983697016,0.40971293653335794,911920,101118,250728,403839,372904,0.11088472673041495,0.27494517062900253,0.442844767084832,0.408921835248706
23,463,1178273,150664,383994,585054,499439,0.12786849906600592,0.325895611628205,0.49653518327246743,0.4238737542148551,929704,116479,298328,361716,388735,0.1252861125691618,0.3208849268154165,0.3890657671689054,0.4181277051620731
23,464,1025048,17427,891818,352081,515121,0.017001155067860235,0.8700255988012269,0.3434775737331325,0.502533539892766,784255,13718,669105,250842,395273,0.0174917596955072,0.8531727563101287,0.3198474985814563,0.5040108128096091
23,465,728999,26877,648638,209754,366797,0.03686836333108825,0.8897652808851589,0.2877287897514263,0.5031515818265868,610264,25572,541986,145743,336942,0.04190317633024396,0.8881172738355859,0.2388195928319547,0.5521249819750141
23,466,1310061,156601,459122,731615,612976,0.11953718185641737,0.3504584901008426,0.5584587282576918,0.4678988230319046,1008499,124434,323440,519504,455460,0.12338534792796027,0.32071424959271155,0.5151259445968712,0.4516216674483564
23,467,757847,64254,230095,408679,328339,0.08478492360595212,0.3036166930792099,0.5392632022030832,0.4332523583256251,633885,56288,167246,311835,266757,0.08879844135765952,0.2638428106044472,0.49194254478335975,0.42082869921200217
24,468,2092371,258859,24228,1252319,776228,0.12371563169246753,0.011579208467332036,0.5985167066452365,0.37098009865363263,1577804,185885,130051,792867,602852,0.11781247860951044,0.08242532025524082,0.502512986403888,0.38208294566372
24,469,3120506,327460,284155,1704923,1248600,0.10493810939636072,0.09106055235913663,0.5463610709288814,0.4001274152332987,2492433,270381,205894,1032063,1088051,0.10848074953268554,0.08260763679505126,0.41407853290339197,0.43654172449169143
24,470,1343734,123408,13303,837913,554830,0.09183960515994981,0.009900024856109914,0.623570587631183,0.4129016605965169,1184299,116969,12637,599967,533900,0.09876644327150491,0.010670447243474832,0.5066009512800399,0.45081520798379465
24,471,2035064,162288,9392,1502645,812064,0.07974589496939653,0.00461508827240814,0.7383772697074883,0.3990360991103965,1846799,149138,9008,1194562,832589,0.08075486287354498,0.004877628805300414,0.6468283771000526,0.4508281626749852
24,472,2428589,187685,542156,1578734,1084878,0.07728149966914945,0.2232390906818733,0.6500622377849854,0.44671123850103905,2096907,174138,420245,1180523,945017,0.08304517081587309,0.2004118446836221,0.5629830030611753,0.4506718705216779
24,473,1391753,108608,18204,1030494,534976,0.07803683555918327,0.01307990713869487,0.7404287973512541,0.38439004622228223,1237168,103124,16392,807595,520995,0.08335488793761235,0.01324961525031362,0.6527771491018196,0.42111903961305175
24,474,7214225,759483,89138,5435760,2594952,0.10527575727122455,0.012355866361251555,0.7534780243200067,0.35969934400438025,5099073,582471,54048,3457218,1780194,0.11423076312106141,0.010599573687217265,0.678009120481311,0.3491211049537828
24,475,1756268,179461,21453,1093626,723500,0.10218315200185848,0.012215106122755753,0.6226988136207002,0.41195307322117125,1514740,166211,14338,781050,647383,0.10972906241335147,0.009465650870776502,0.515633045935276,0.4273888588140539
24,476,3804558,290169,24017,2725056,1479050,0.07626878076244337,0.006312691250862781,0.7162608639426709,0.38875737996371723,3155744,243777,13147,2030137,1240510,0.07724866148838436,0.004166054027196123,0.6433148569719217,0.39309589117494953
24,477,2160119,173895,24187,1396534,847440,0.080502509352494,0.01119706830966257,0.6465079007221362,0.3923117198635816,1813468,145705,9848,1033253,708833,0.08034605518266658,0.005430479060010984,0.5697663261772471,0.39087152351185683
24,478,585449,51830,13039,393678,231169,0.08853034166938538,0.022271794810478796,0.6724377358232742,0.39485762209859443,519497,45459,6341,307242,208591,0.08750579887853058,0.012206037763451954,0.5914220871342857,0.40152493662138566
24,479,2743082,265793,55571,1842818,1123709,0.09689575448346058,0.020258599633550874,0.6718056550988997,0.40965198998790414,2419015,234681,18774,1386900,992170,0.0970151073887512,0.007761010163227595,0.573332534109958,0.41015454637528087
24,480,1514190,132915,7322,995459,657139,0.08777960493729321,0.004835588664566534,0.6574201388200952,0.4339871482442758,1393918,115490,3256,789978,600819,0.08285279334939358,0.0023358619373592994,0.5667320459309658,0.43102894144418824
24,481,2880365,157034,9110,1887255,1150632,0.05451878494565793,0.0031627936042827906,0.6552138357465113,0.39947437217158244,2469598,142128,7298,1368894,944540,0.05755106701576532,0.0029551368279371786,0.5542983108991828,0.38246710598243117
24,482,2092745,104465,24824,1551253,844794,0.049917691835364555,0.011861932533586271,0.7412527565470232,0.40367746667654203,1856872,98485,22835,1193404,784711,0.053038120021196934,0.012297562783002813,0.6426958885695945,0.42259832664825575
24,483,2299885,115631,40336,1660243,933983,0.05027686166917041,0.017538268217758713,0.7218808766525283,0.4060998702109018,2037894,106518,32421,1250457,915375,0.05226866559300925,0.015909070834891313,0.6136025720670457,0.44917694443381256
24,484,2390776,100446,721604,1440805,1097507,0.042013973705608554,0.30182836033154087,0.6026516076788457,0.45905889970453106,2024533,92354,555994,1025348,976272,0.045617433748918884,0.2746282722978583,0.5064614901313044,0.4822208380895742
24,485,2127086,41444,1580850,1007171,999124,0.019483932478517558,0.7431998518160525,0.4734980155950441,0.46971490574429053,1636433,32884,1182509,588074,814590,0.02009492597619334,0.7226137580945874,0.35936332254360553,0.4977838994935937
24,486,4165626,221629,1149901,2893080,1693473,0.053204248293053674,0.2760451850454169,0.6945126614823318,0.4065350561956354,3641732,204285,967323,2228008,1518796,0.056095561123113945,0.2656216877024449,0.6117990011346249,0.41705320435441157
24,487,590297,8733,481392,370336,294795,0.014794247641441511,0.8155081255706873,0.6273723227460075,0.4994011489131742,509884,9677,399467,255760,257918,0.018978826556628567,0.7834468231990022,0.5016042864651568,0.5058366216629665
24,488,1551019,62235,488194,1118276,627124,0.04012523379790963,0.3147569436609094,0.7209943914291186,0.4043303144577855,1370656,61491,444043,875519,570693,0.04486246001914412,0.32396385380430975,0.6387591051292228,0.41636486470711837
24,489,228291,992,216073,140968,118257,0.004345331178189241,0.9464805883718588,0.6174925862167147,0.5180099084063761,186729,921,175079,89586,92993,0.0049322815416994684,0.93761011947796,0.4797647928281092,0.49801048578421137
24,490,1329672,35464,639659,1001909,591834,0.0266712392229061,0.4810652551907538,0.7535008633708162,0.4450977383896179,1213215,39150,588167,807143,539407,0.0322696306920043,0.48480030332628593,0.6652926315615946,0.4446095704388752
24,491,1705678,38237,902794,1170657,743245,0.022417478562776795,0.5292874739546386,0.6863294244282918,0.43574754437824725,1327390,34357,752049,770825,617125,0.025883124025342968,0.5665622010110065,0.5807072525783681,0.4649161135762662
24,492,6081322,158115,856952,4571410,2553542,0.026000103267019903,0.14091541280004577,0.7517131965714033,0.4198991600839423,4189718,157319,801982,2793519,1750119,0.03754882786860595,0.19141670155366064,0.6667558532579042,0.4177176124980249
24,493,807022,8168,679320,490036,450902,0.01012116150489082,0.8417614389694457,0.607215168855372,0.558723306180005,719634,8385,601114,354064,396204,0.011651756309457308,0.8353051690164722,0.4920056584319251,0.5505632029615054
25,494,52074,1862,123,38058,15750,0.03575680761992549,0.002362023274570803,0.7308445673464685,0.30245419979260285,44215,1773,116,26167,13862,0.040099513739681104,0.0026235440461381885,0.5918127332353273,0.31351351351351353
25,495,191173,4262,15240,150348,105521,0.022293943182353157,0.07971837027195262,0.7864499693994444,0.5519660203062148,113989,3065,13881,81433,58929,0.026888559422400406,0.12177490810516804,0.7143934941090807,0.5169709357920501
26,496,343709,6186,178564,223230,157161,0.017997783008300627,0.5195208737623979,0.6494738281511395,0.4572501738389161,191920,3447,131621,84039,100808,0.017960608586911214,0.6858117965819092,0.43788557732388494,0.5252605252188411
27,497,1648295,47985,1141933,906509,792065,0.029111900478979793,0.6927964957729047,0.5499676938897466,0.4805359477520711,1308065,41142,858910,600430,608990,0.03145256543061698,0.6566263908903609,0.45902153180461214,0.46556554911262055
27,498,2050862,127571,647315,1293916,936370,0.0622036002422396,0.3156306957757275,0.6309132452597981,0.45657386991421167,1707727,109075,443462,1040763,737843,0.06387145017909772,0.25967967948038534,0.609443429775368,0.4320614477606784
27,499,4229917,389273,604367,2891882,1863571,0.09202851970854274,0.1428791628771912,0.6836734621506758,0.4405691648323123,3681523,286694,435839,2380428,1563634,0.07787374953246251,0.1183855159943317,0.6465878387830254,0.424724767439997
27,500,2586258,470895,124837,1879874,1219641,0.1820758021821489,0.048269352864254066,0.7268702503771859,0.4715852014764188,2231892,241608,114908,1433717,1015739,0.10825254985456285,0.05148457004191959,0.6423774089427267,0.45510221820769103
27,501,1813906,364059,100280,1411281,768154,0.20070444664718018,0.05528401140963203,0.7780342531531402,0.42348059932543364,1630099,168430,100491,1135160,648050,0.1033250127752977,0.06164717603041288,0.6963748827525199,0.39755254128736967
27,502,1197160,229462,80471,869917,569792,0.19167195696481673,0.06721824985799726,0.7266505730228207,0.47595308897724614,1020710,162634,70951,631054,455636,0.1593341889469095,0.06951141852240107,0.6182500416376836,0.4463912374719558
27,503,2888445,506374,404128,2251875,1236322,0.17531024478568918,0.13991195954916918,0.7796149831483722,0.42802338282363,2601926,445694,355206,1853615,1093074,0.17129387999504983,0.13651656503682272,0.7124011213232044,0.4201018783777863
27,504,1300774,188830,149507,1019458,608235,0.14516741570787853,0.11493695292187575,0.7837318396585418,0.4675946782454139,1231129,157674,153675,861903,547947,0.12807268775246136,0.12482444975303157,0.7000915419911318,0.44507683597738334
27,505,4653570,867713,437571,3673808,1868560,0.1864617916997058,0.09402910023917121,0.7894601349071788,0.40153258680969667,4055728,694284,442039,2968718,1533300,0.17118603614443573,0.10899128343912609,0.7319815332783658,0.37805789737378837
27,506,1200334,200372,88886,899860,597305,0.16693020442643464,0.07405105578947194,0.749674673882436,0.4976156636402868,1129471,200894,97378,765869,534566,0.17786556715488933,0.08621558233898878,0.6780776133251761,0.47328882282059476
27,507,1322507,175961,214253,1004243,665419,0.13305109160102743,0.1620051916549402,0.7593479656440382,0.503149699774746,1200138,167693,196362,808048,579259,0.13972809793540408,0.16361618413882403,0.6732959043043384,0.4826603273956828
27,508,1072942,120745,415306,708365,584237,0.11253637195673205,0.38707218097529966,0.6602081007174666,0.544518715829933,969038,108744,370709,489758,496378,0.11221850949085588,0.38255362534802556,0.5054063927317608,0.5122379101748332
27,509,2204307,348365,389441,1578615,1058172,0.15803833132136313,0.17667275928443724,0.7161502458595831,0.4800474707016763,2069435,296838,374848,1310106,929952,0.14343915126592524,0.18113543068518703,0.6330742449025942,0.44937482936163736
27,510,2772348,328518,514057,2022574,1355999,0.11849811062680443,0.18542296998789473,0.729552711275785,0.48911572428858135,2441346,251280,471597,1526206,1112216,0.10292682806943383,0.1931708983486978,0.6251494052870834,0.45557491646001835
27,511,3361292,640483,281695,2189425,1493953,0.19054667074446374,0.08380557238109632,0.6513641183211694,0.44445796437798324,2875965,498157,253579,1625577,1201867,0.1732138603912078,0.08817179624925894,0.5652283668264392,0.4179004264655516
27,512,1177345,182565,111954,790743,569182,0.1550649979402809,0.09509022419087014,0.6716323592489882,0.48344537922189335,979325,99898,86750,539308,456271,0.10200699461363695,0.08858142087662421,0.5506935899726852,0.4659035560207286
27,513,1836086,247308,40514,1157814,822797,0.13469303725424625,0.022065415236541208,0.6305881097072795,0.44812552353212215,1527648,152432,35210,842507,644709,0.09978214876725529,0.023048503320136575,0.551505975198475,0.42202719474643374
27,514,1959046,272266,42263,1195523,930886,0.13897887032770032,0.021573255553978824,0.6102577479038267,0.4751731199777851,1607309,180543,32085,867671,714023,0.11232625462807712,0.01996193637937696,0.5398283715203486,0.44423505374511063
27,515,3701282,539368,143366,2503837,1575079,0.14572464351540898,0.03873414670916726,0.6764783121091557,0.42554957984827957,2902175,376634,100434,1774127,1179459,0.12977646075787985,0.03460645894889178,0.611309448947772,0.4064051961029228
27,516,6107187,554687,1564369,4345366,2763328,0.09082528502893394,0.25615213681847304,0.7115167752354725,0.4524714897382379,4993796,426516,1194271,3126188,2185573,0.08540917570521503,0.23915093848447153,0.6260143586161709,0.43765764560666875
27,517,11060148,730089,1542451,8227161,4492767,0.06601078032590522,0.13946024953734795,0.7438563209099914,0.40621219535217795,8128041,339282,1199002,5633452,3178365,0.04174216148762045,0.14751426573758672,0.6930885314185792,0.3910370284795561
27,518,9356962,583302,104560,7575485,3735021,0.0623388232206137,0.011174567129801319,0.8096094651234023,0.39917026487870744,11978450,585038,91120,9207877,4464248,0.04884087674114764,0.007606994227132893,0.7687035467861034,0.37268995571213304
27,519,3085411,219934,25093,2509022,1284396,0.0712819134954792,0.008132790088581391,0.8131889074097421,0.4162803594075473,11978450,585038,91120,9207877,4464248,0.04884087674114764,0.007606994227132893,0.7687035467861034,0.37268995571213304
27,520,2634200,134952,305125,1939994,1072969,0.05123073418874801,0.11583213119732746,0.7364642016551515,0.4073225267633437,2207874,53667,269124,1458271,913940,0.02430709361132021,0.12189282540579761,0.6604865132702319,0.41394572335196667
27,521,9429408,1180703,348876,7171723,4048993,0.1252149657751579,0.03699871720472802,0.7605698045943076,0.42940055197526716,7213458,755936,260743,5026946,2947336,0.10479523135783143,0.03614674127166194,0.6968843514442034,0.40858850221350146
27,522,4543159,573698,378230,3151890,2204590,0.1262773325784988,0.08325264425039934,0.6937661657890468,0.4852548634111199,4014656,477423,302549,2580774,1848283,0.11892002702099508,0.07536112683129015,0.6428381410511884,0.46038390337802293
27,523,2585049,351254,32722,1718507,1255548,0.1358790491011969,0.012658173984322927,0.6647870117742449,0.485696015820203,2161243,281240,24193,1241430,957580,0.13012881938773196,0.011194021218345184,0.5744055619844691,0.4430691042145654
27,524,2454196,480913,57488,1650672,1046857,0.19595541676377926,0.023424371973550604,0.6725917571375717,0.4265580255203741,2080285,404251,47836,1254534,840518,0.1943248160708749,0.022994926175980694,0.603058715512538,0.40403983108083746
27,525,1657576,265184,36039,1137810,773916,0.15998301133703674,0.02174198950757009,0.6864300641418554,0.466896238845157,1474900,244476,27506,863650,650385,0.16575767848667705,0.018649399959319277,0.5855651230591905,0.4409688792460506
27,526,4317756,649745,77592,2910676,1898395,0.1504821022772014,0.017970445759324983,0.6741177593175715,0.4396716720444601,3849543,578123,68989,2336825,1743041,0.15017964470068265,0.017921348066510752,0.6070395888550927,0.4527916690370779
27,527,3003741,323236,29635,2225694,1354947,0.10761114223896134,0.009866030393432723,0.7409740054152472,0.4510864951405597,2790784,244730,21620,1895925,1296703,0.08769220405448791,0.007746927028390588,0.6793521103747191,0.46463753554556714
27,528,1615069,66948,20374,1199392,714076,0.04145209895057115,0.012614940909645347,0.7426258568519364,0.44213343207008493,1693295,24457,20023,1093056,762088,0.014443437203794967,0.011824873988289105,0.6455201249634588,0.4500621569189066
27,529,849651,55586,6976,666067,347178,0.06542215568509895,0.008210429929465158,0.7839301077736623,0.40861247735835066,865796,38226,4918,610937,403293,0.04415127813018309,0.00568032192340921,0.7056362006754477,0.4658060328299045
27,530,3876001,504461,30206,2825845,1704054,0.1301498632224295,0.007793083644715262,0.7290619894060915,0.4396423014338748,3523120,449641,21387,2364283,1652946,0.1276257975885011,0.00607047162742115,0.671076489021095,0.4691710756375031
27,531,2822143,353093,18333,2049467,1215104,0.12511520500555784,0.006496127233807784,0.7262094798172878,0.43056074763043545,2577270,313153,17815,1713849,1215829,0.12150570176970205,0.006912352993671598,0.6649862063346099,0.47175072848401606
28,532,2741239,488596,495794,1483347,1323667,0.1782391101250201,0.18086493005535087,0.5411228280350601,0.4828717962935738,2477440,458344,415740,1106805,1119246,0.18500710410746576,0.1678103203306639,0.4467535036166365,0.45177521958150346
28,533,2551335,371074,192941,1389810,1261076,0.14544307196036585,0.07562354610429442,0.5447383428675576,0.4942808372871457,2372090,353209,166067,1060240,1169449,0.1489020231104216,0.07000872648171022,0.4469644912292535,0.49300363814189174
28,534,3776269,709757,106745,2206829,1876768,0.18795191762027547,0.028267318880090375,0.5843940143035361,0.49699001845472346,3491822,650246,90636,1661089,1711559,0.18621968702872024,0.025956649565756787,0.47570838376068425,0.4901621560320085
28,535,3033288,537947,168985,1637137,1442203,0.177347815308009,0.055710173250940895,0.5397235607037644,0.4754586442171004,2577268,459212,133646,1109575,1263669,0.1781778224072933,0.05185568594340984,0.4305237173627267,0.49031338611273645
28,536,3943323,247927,48937,2892155,1413297,0.06287260769660512,0.012410091691702659,0.7334309160066269,0.35840254526448884,3829753,307248,34560,2634949,1119842,0.08022658380318522,0.009024080665254392,0.6880206112509083,0.29240580267186944
28,537,5296741,652042,218757,3538028,2196078,0.12310248887004292,0.04130030144951396,0.6679631871749062,0.41460928521896767,2279799,403743,129716,1137908,1015320,0.17709587555745046,0.05689799846389967,0.4991264580781025,0.4453550510373941
28,538,4053028,708954,364269,1940646,2082501,0.17491959098234702,0.08987576695744515,0.47881386459703706,0.5138136228025072,3504500,598942,278550,1312482,1819265,0.17090654872307035,0.07948352118704523,0.3745133399914396,0.5191225567127978
28,539,3488809,637385,394279,2001019,1741693,0.18269415149983848,0.11301249222872332,0.5735536109887357,0.4992228006749581,3247525,575788,342324,1595519,1594414,0.17730055965696953,0.10541073586808415,0.4913030692604368,0.49096281014002974
28,540,3512576,616102,530656,2065023,1705655,0.17539890951825668,0.15107317250929234,0.5878941836418629,0.48558522292471396,3245005,551305,457104,1595415,1565557,0.1698934208113701,0.14086388156566784,0.49165255523489176,0.4824513367467847
28,541,2797370,462896,765565,1630234,1410062,0.1654754287062491,0.2736731286887326,0.5827738196949277,0.5040670343930191,2564932,424951,681133,1259670,1238517,0.1656772967080609,0.26555596795548575,0.49111243494954254,0.4828654326898335
28,542,2703114,255664,166118,1495381,1290288,0.0945812866198022,0.0614543078834263,0.5532067829917643,0.47733391932415725,2529721,228800,151147,1215290,1197559,0.09044475655615777,0.05974848609787403,0.4804047560976092,0.47339568276501637
28,543,2344474,247728,235556,1238388,1157962,0.10566463948843109,0.10047285659811113,0.5282157106455435,0.4939112141998589,2235842,235748,214563,989760,1168774,0.10544036653752814,0.09596518895342336,0.44267886550122953,0.5227444515310116
28,544,4290589,329486,618500,2568249,1889879,0.07679272006710501,0.14415270257766474,0.598577258273864,0.4404707605412683,3524580,272423,551732,1794752,1509585,0.07729232986625356,0.15653836769203708,0.5092101753967848,0.42830209556883375
28,545,5154296,945269,213195,3288577,2093681,0.18339439566528581,0.041362583755376096,0.6380264152466215,0.40620115724824496,4852630,876409,190869,2778003,1923463,0.18060495030529836,0.039333103904480665,0.5724736895250616,0.396375367584176
28,546,3936966,811698,109072,2652389,1773112,0.20617348486118497,0.027704582665941235,0.6737139716218021,0.4503752381910334,3803407,728961,96659,2458752,1678285,0.1916600037808207,0.025413793475165817,0.6464603972175473,0.4412583244443732
28,547,4517398,871063,132464,3009718,2048880,0.1928240549094855,0.02932307492056268,0.6662503503122815,0.4535531294785184,4233310,757169,109712,2569469,1857655,0.17885980473908125,0.025916363318537975,0.6069645265761308,0.43881856041726214
28,548,4887813,957407,247089,2960441,2381624,0.1958763561535599,0.050552056717390784,0.6056780404651324,0.4872575935290487,4311120,795756,203094,2362118,2134338,0.18458219673773868,0.04710933585703947,0.5479128393549704,0.49507738128374995
28,549,3397448,787861,151145,1904435,1700567,0.2318978833524457,0.04448780378684236,0.5605486824228068,0.5005424659921212,3051018,649805,117996,1526801,1534092,0.2129797333217962,0.038674304773029855,0.5004234652171833,0.5028131594110556
28,550,2963557,666588,285997,1832189,1314561,0.2249283546764918,0.09650463952608301,0.6182398381404508,0.44357540617575436,2659897,584559,241562,1516403,1209105,0.21976753235181662,0.09081629852584518,0.5700983910279233,0.45456835358662384
28,551,2882469,465794,75886,1716766,1320404,0.16159549330799394,0.026326735864288568,0.5955887123157265,0.45808090217102077,2383480,381412,56555,1273278,1097101,0.16002315941396614,0.023727910450265996,0.5342096430429456,0.4602937721315052
28,552,4053463,737945,82831,2127161,2029425,0.1820529754434665,0.020434625898891886,0.5247762222080231,0.5006644935453957,3510954,625493,68118,1581988,1738455,0.17815471236592675,0.01940156436113945,0.4505863648455662,0.4951517450812514
28,553,4081148,583135,154127,2310960,2036166,0.1428850411697885,0.037765599287259366,0.5662524368143473,0.49891991175032124,3651304,515070,127371,1781750,1782602,0.1410646716898949,0.03488370182269129,0.48797635036688264,0.48820969166084227
28,554,4174064,785760,159165,2667878,1933357,0.18824819169040052,0.03813190214620571,0.6391559880250998,0.46318336278504596,3738975,701778,128013,2172512,1750194,0.18769261629189818,0.034237458126893064,0.5810448050602104,0.4680945981184683
29,555,4779661,577418,297198,3052032,2105668,0.12080731248513231,0.06217972362475079,0.6385457043920061,0.4405475618459133,4212603,461973,241951,2304680,1876953,0.10966449959799203,0.057435034822887414,0.5470916675509181,0.44555658342359816
29,556,1889752,319149,97203,1113412,818081,0.16888406521067315,0.05143690812339397,0.589184189248113,0.4329038942676076,1651253,250457,80181,794634,719275,0.15167693866415383,0.04855767105343639,0.48123091979242427,0.43559345539417643
29,557,2177331,442773,39314,1248268,927722,0.20335585172856124,0.01805605119295137,0.5733019003541492,0.4260822079876693,1805974,333532,30051,866260,717933,0.18468261447839227,0.016639774437505746,0.47966360534537045,0.39753230112947363
29,558,1703300,399785,235822,1042673,702608,0.23471202958962015,0.13845006751599837,0.6121487700346386,0.4124980919391769,1497800,297244,181918,765644,556226,0.19845373214047268,0.12145680331152357,0.5111790626251836,0.3713619975964748
29,559,1928812,400933,367071,979769,903413,0.20786525591918756,0.19030937177910548,0.5079650064391967,0.46837794455861953,1669127,317184,302898,676622,732408,0.1900298778942525,0.18147091263876267,0.4053747857412887,0.4387970477980405
29,560,1389920,258608,164271,809085,654766,0.18605962933118453,0.11818737769080234,0.5821090422470357,0.4710817888799355,1196053,185209,138588,534523,554486,0.15485016132228255,0.11587111942363758,0.4469057809311126,0.4635965128635604
29,561,1064570,174196,61654,700177,495722,0.1636303859774369,0.057914463116563494,0.6577087462543563,0.4656546774754126,971542,137361,54396,551188,457695,0.14138452068979004,0.055989344773566145,0.5673331672742918,0.4711016096061725
29,562,1847023,177855,87548,1301664,784833,0.09629279115636351,0.04739951803523833,0.7047362160622797,0.424917827227923,1604020,131955,70431,992464,684345,0.0822651837258887,0.04390905350307353,0.6187354272390618,0.4266436827470979
29,563,1437169,116431,34239,1081906,608526,0.08101413264549959,0.02382392049925931,0.7528036020815924,0.4234199318243018,1353344,101882,23776,903824,581113,0.07528167265676723,0.01756833443677291,0.6678449825026009,0.4293904580062423
29,564,1597668,219976,141380,1085443,730066,0.13768567687404393,0.08849147632674623,0.6793920889696733,0.4569572652140495,1439116,175360,127163,837509,666714,0.12185258172378043,0.08836188326722794,0.5819607314490284,0.46328023592260803
29,565,2452595,517409,451406,1421621,1116880,0.21096389742293367,0.1840524016398957,0.5796395246667305,0.45538704922745094,2025961,374189,364316,979919,920209,0.1846970400713538,0.1798237972004397,0.4836810777700064,0.45420864468763217
29,566,1659456,389117,302554,1087392,856587,0.23448467449573837,0.1823211944155193,0.6552701608237881,0.5161854246210806,1516940,336272,265975,849373,721371,0.22167785146413174,0.17533653275673394,0.5599252442416971,0.4755435284190542
29,567,1945497,392595,233112,1308540,875207,0.20179676452854978,0.11982131044149644,0.6725993409396159,0.44986293990687215,1790220,333066,209636,1045241,783449,0.18604752488520965,0.1171006915351186,0.58386176000715,0.43762721900101664
29,568,1752753,308158,65412,1263016,780598,0.17581370563907178,0.03731957668878615,0.72058983781514,0.4453553923456414,1641216,269479,55823,1068183,713959,0.16419471903759164,0.03401319509436905,0.6508485171970051,0.43501830350179377
29,569,1177361,75429,52897,926429,513241,0.06406616152564931,0.044928445905716256,0.7868691081155228,0.4359249202241284,1117299,67854,41660,814358,490634,0.060730386405071515,0.03728634859603383,0.7288630885734257,0.43912506858056793
29,570,1137961,253651,44970,818345,565774,0.2228995545541543,0.03951805026710054,0.7191327295047897,0.49718224086765717,1139584,232885,41000,722818,515970,0.20435966106930248,0.03597804110973829,0.6342823346063124,0.4527704846680894
29,571,2678980,506901,209559,1813391,1354646,0.1892141785306348,0.07822342831973363,0.6768960574547029,0.5056573770614189,2582960,473785,193680,1524549,1315896,0.18342715334345092,0.07498373958559172,0.5902332982314864,0.5094527209093443
29,572,9621551,1198385,190239,7512276,4246927,0.12455216419889059,0.01977217602442683,0.7807759892349997,0.44139733812147336,5442029,706640,69598,3999569,2128069,0.1298486281495376,0.012788979992572624,0.7349407730094787,0.3910433038853707
29,573,1805769,265294,22402,1149649,871408,0.14691469396140924,0.012405794982636206,0.6366534146947921,0.48256892216003267,1754419,246036,16732,945454,837128,0.1402378793207324,0.009537060417152346,0.5388986325387493,0.4771539751906472
29,574,1776421,345031,32329,1225256,903580,0.19422817001150064,0.018198951712460054,0.6897328955242029,0.5086519468076542,1713122,310501,26428,1038691,861014,0.18124862093884733,0.015426805563176469,0.6063146699417788,0.5025993478573038
29,575,2089649,148178,82268,1666323,997721,0.07091047348143158,0.03936929120632221,0.7974176524382803,0.47745865453959013,1886593,131586,62851,1383786,940564,0.06974795305611756,0.03331455168125823,0.7334841166059665,0.4985516218919502
29,576,554519,73584,58054,412877,278938,0.1326987894012649,0.10469253533242323,0.7445678146285339,0.5030269476789795,548516,67422,46071,373519,266349,0.12291710724937832,0.08399208044979545,0.6809628160345368,0.4855810951731581
29,577,3001127,536643,334547,1962180,1314268,0.17881382560618062,0.111473789679677,0.6538143837298455,0.43792481957611257,2627553,464731,269655,1462998,1104997,0.17686836383509677,0.10262590326436803,0.5567910523593625,0.4205422307371155
29,578,1020791,259445,120219,565279,481693,0.25416074397207655,0.11777043488823863,0.5537656582003564,0.4718820992739944,964884,237611,105677,432574,447955,0.24625861761621087,0.10952301001985731,0.4483171034031034,0.4642578797036742
29,579,2566326,648782,65259,1427368,1087028,0.2528057620115293,0.025428959532031396,0.5561912243417243,0.42357362236909885,2169055,516058,47059,982784,902855,0.2379183561504895,0.021695623209185565,0.4530931673009675,0.4162434793031989
29,580,1174271,273315,146849,510003,547696,0.23275291649031613,0.1250554599406781,0.4343145662287496,0.4664136302437853,955924,200489,107053,310553,444256,0.20973320054732383,0.11198902841648499,0.324872060958821,0.4647398747180738
29,581,1536401,465867,78875,1016219,717872,0.30321966726134647,0.051337508892535216,0.6614282339050808,0.4672426013781558,1386740,396906,68124,790684,634219,0.2862151520833033,0.04912528664349482,0.5701746542250169,0.45734528462437085
29,582,1255104,312565,156487,783222,639778,0.2490351397175055,0.12468050456376524,0.6240295624904391,0.5097410254449034,1147996,274648,137550,590914,600038,0.23924125171167843,0.11981749065327754,0.5147352429799407,0.522683005864132
29,583,990923,213700,52903,688749,459891,0.2156575233393513,0.05338759923828592,0.6950580418458346,0.46410366900354516,843793,186082,43391,513096,393068,0.22053039074749375,0.05142374966372084,0.6080827880771705,0.4658346300573719
29,584,1082636,203819,22946,674758,531459,0.18826179805585627,0.021194565855929416,0.6232547227322941,0.49089352284609045,1030434,191077,17885,553724,496270,0.1854335163630082,0.017356764237204905,0.5373696908293011,0.4816126020686429
30,585,818008,17606,56606,663060,327658,0.02152301688981037,0.06919981222677529,0.8105788696443067,0.4005559847825449,758527,17083,281,566668,307593,0.022521281378250213,3.70454842082088e-4,0.7470637169144935,0.4055135809272445
30,586,640537,7843,92669,502427,249590,0.012244413671653628,0.1446739220372906,0.7843840402662141,0.38965742806426484,589078,6708,285,418894,215219,0.011387286573255155,4.838068982375848e-4,0.7111010765976662,0.36534890116419216
31,587,64473,0,61120,52553,18753,0,0.9479937338110527,0.8151164053169544,0.29086594388348613,60650,0,57321,44683,15354,0,0.9451112943116241,0.7367353668590272,0.25315746084089036
32,588,1307375,53283,48857,1037492,462998,0.040755712783248875,0.03737030308824935,0.7935687924275744,0.3541432259298212,1204078,90218,30338,883860,417845,0.07492703961039068,0.025196042116872826,0.7340554349469054,0.3470248605156809
32,589,2523003,83350,41371,2138434,824116,0.03303602889096842,0.016397523110356985,0.8475748938863727,0.3266409116437832,2408956,98991,19969,1971403,767197,0.041092904976263576,0.00828948307897695,0.8183640548021632,0.3184769667856117
32,590,817420,32578,151443,645585,340077,0.039854664676665603,0.18526950649604854,0.7897837097208289,0.416037043380392,780619,33364,136062,576735,308613,0.042740440599063054,0.17430013873605435,0.738817528141129,0.3953439514026689
32,591,3086293,199191,15228,2615443,948981,0.06454053455067292,0.004934074632577011,0.8474383345975253,0.30748247169014736,2879131,200983,5940,2335442,802900,0.06980682712943594,0.0020631225185654975,0.8111621180140813,0.27886886702966973
32,592,4112920,308266,22990,3311315,1062424,0.07495064333855266,0.005589702692977252,0.8051007556675063,0.25831380138684923,3625471,285442,12267,2754509,874476,0.07873239090865711,0.003383560370500826,0.7597658345632885,0.24120341881096277
32,593,2809934,403833,48972,2239492,1042340,0.1437161869282339,0.017428167351973393,0.7969909613535406,0.3709482144420474,2617482,432578,39665,1938818,945052,0.16526493782956292,0.01515387689390032,0.740718751838599,0.36105386780119214
32,594,3121200,324350,9430,2678548,1095727,0.10391836473151352,0.0030212738690247342,0.8581789055491478,0.351059528386518,2974232,354226,4826,2437592,955300,0.1190983084036484,0.0016226037511532388,0.8195702285497567,0.3211921598584105
32,595,3282388,268411,16559,2855676,1249343,0.0817730871548397,0.005044802747268148,0.8699995247362591,0.3806201460643897,3105798,263518,10046,2578813,1117091,0.08484711497656963,0.003234595424428762,0.8303221909473829,0.35967921931819136
32,596,1108974,145486,55815,923010,516363,0.13118973032731154,0.05033030530923178,0.8323098647939446,0.4656222778892923,1117874,157866,50481,873221,482763,0.14121985125336128,0.04515804106724013,0.7811443865766625,0.431858152170996
32,597,1974551,153909,21972,1749798,735735,0.07794632805128862,0.011127593057864801,0.8861751355118201,0.3726087601687675,1953646,150282,18340,1668266,642157,0.07692386440532215,0.009387575845368097,0.8539244059568621,0.3286967034969488
32,598,2127789,201211,6574,1852797,804471,0.09456341770730087,0.0030895920601149832,0.8707616215705599,0.3780783714926621,2109160,199231,3131,1758978,723354,0.0944598797625595,0.001484477232642379,0.8339708699197785,0.3429583341235373
32,599,1197412,164465,8108,1062553,392794,0.13735038566508437,0.006771270039050886,0.8873746045638427,0.3280357972026337,1234016,162002,6549,1049876,366049,0.13128030754868655,0.005307062469206234,0.8507798926432072,0.29663229650182815
32,600,2635375,328263,10761,2240273,912025,0.1245602618223213,0.004083289854385049,0.8500775032016317,0.34607029360147984,2585208,322887,5190,2090444,828566,0.12489788055738649,0.0020075754059247844,0.8086173336922986,0.32050264427465797
32,601,3301427,372977,26759,2785408,1231669,0.11297448042922045,0.008105282957945156,0.8436981947503307,0.3730717050536026,3234356,370857,20893,2558494,1047935,0.11466177501796339,0.006459709444476737,0.7910366082150512,0.32400113036412814
33,602,3728104,821646,47243,2791721,1538054,0.22039245686279138,0.012672125026555053,0.7488313094269903,0.4125566239568424,2724690,591252,36575,1846336,1026633,0.21699789700846703,0.013423545430856354,0.677631583776503,0.3767889191063938
33,603,4646732,779667,10061,3776276,1817297,0.16778824343646245,0.002165177591477193,0.8126735090381799,0.3910914165051912,4343645,598110,6728,3336695,1488364,0.13769771700956224,0.0015489295280806787,0.7681785689208027,0.34265323248101537
33,604,3998252,948081,41210,3013382,1673814,0.23712387313255892,0.010307004160818277,0.7536748559120335,0.4186364441260831,2790193,688038,25497,1896775,1110432,0.24659154402580755,0.0091380775451734,0.6798006446149065,0.3979767707825229
33,605,3936331,860212,72955,2773928,1689330,0.21853141923278302,0.018533756434608778,0.7046988680575896,0.429163604381847,3440894,707371,57606,2180997,1411448,0.20557767835917062,0.016741579368617573,0.6338460295492974,0.4101980473679224
33,606,2464875,565329,90954,1626813,1238177,0.22935402403773011,0.0369000456412597,0.659998174349612,0.5023285156448096,2176845,465720,72549,1291618,1060291,0.21394265554047256,0.03332759107791322,0.5933440368974364,0.48707693933192303
33,607,3458873,1015716,74859,2195776,1703249,0.2936551876868564,0.021642598615213685,0.6348241175666178,0.4924288923010472,2956226,809749,63742,1647618,1443451,0.27391309054179214,0.021561950946916777,0.5573383090467373,0.48827491538197687
33,608,3482056,580512,119369,2285562,1694160,0.1667152969395093,0.03428118330090039,0.6563828956225862,0.4865401360575476,3012765,475681,101953,1733244,1452794,0.15788851769056,0.03384034267525014,0.5753000980826583,0.4822128509857224
33,609,1726601,345392,57059,1176131,898245,0.20004158459308202,0.03304700970287866,0.6811828557958671,0.5202388971163575,1541656,291249,51298,937136,860186,0.18891957738950843,0.03327460860269736,0.607876205846181,0.5579623469827251
33,610,2251744,369483,21880,1492662,1195773,0.16408748063723053,0.009716912757400486,0.6628915187516876,0.531043049298677,1994706,304689,16805,1173818,1088384,0.1527488261428,0.008424800446782633,0.5884666712788752,0.5456362992842053
33,611,735394,235878,32813,569647,349974,0.3207505092508234,0.044619618870972565,0.7746146963396492,0.4758999937448497,760573,237743,28058,540324,342478,0.3125840649089568,0.03689060747620544,0.7104170145403531,0.4502894528204393
33,612,2159775,452376,8064,1481834,1105155,0.2094551515782894,0.0037337222627357018,0.6861057286059891,0.5116991353265965,1895912,369081,6480,1163468,962360,0.19467201009329546,0.003417880154775116,0.6136719425796134,0.5075973990353982
33,613,1064493,221385,575,727044,543298,0.20797224594243457,5.401632514257962e-4,0.6829955669036809,0.5103819376924038,920462,187568,1450,559639,487019,0.2037759299134565,0.0015752958840234577,0.6079979401648302,0.5291027766491175
33,614,2722290,466561,18198,2038981,1213979,0.17138548795315708,0.006684813153631685,0.7489947801299641,0.44594036638271456,2409355,397859,18884,1666460,1060965,0.16513091678063216,0.00783778231103345,0.6916622913601358,0.44035229345613247
33,615,565223,175289,2584,375823,299726,0.31012361492720575,0.0045716469428880285,0.6649110174214425,0.5302791995371738,493646,149145,3307,286197,265707,0.30212946119283857,0.006699132576785794,0.5797616105468291,0.5382541335288851
33,616,754894,176230,10722,480604,359851,0.23344999430383603,0.014203318611619645,0.6366509735141622,0.4766907671805578,695524,151220,8529,388605,345891,0.21741880941563482,0.012262696901904176,0.5587226321449728,0.4973099418567871
33,617,2605914,763944,15702,1815281,1169880,0.2931577941559084,0.006025525017325974,0.6966005017817165,0.4489326969347415,2279087,632414,11771,1414902,971729,0.2774856773787047,0.005164787478494678,0.6208196527820131,0.42636766389348013
33,618,1616450,509767,3756,1213008,671994,0.3153620588326271,0.002323610380772681,0.7504147978595069,0.41572210708651675,1488839,441231,3420,996580,586734,0.29635910934627585,0.0022970918950940967,0.6693672049160453,0.3940882795251871
33,619,1264277,430927,3034,946471,540168,0.3408485640409499,0.002399790552228665,0.7486262899665184,0.427254470341547,1163967,376403,2673,784669,488151,0.32337944288798565,0.0022964568583129933,0.6741333731970064,0.4193856011381766
33,620,2405890,455062,3561,1790998,974079,0.18914497337783523,0.0014801175448586595,0.7444222304427883,0.4048726250992356,2207672,397056,3632,1470884,893689,0.17985280422091687,0.0016451719277138996,0.6662602053203556,0.40481058780471013
33,621,1618345,284804,1283,1110545,761693,0.1759847251358641,7.927852219396977e-4,0.6862226533897284,0.47066169450889644,1453008,247211,789,903747,674822,0.17013739772939998,5.430114631165141e-4,0.6219834990585048,0.4644310285972273
33,622,1339101,227746,790,959744,620171,0.1700738032456103,5.899480322992814e-4,0.7167077016595462,0.46312488751781977,1153809,188996,1230,734712,514036,0.16380180775154293,0.001066034326305307,0.6367709040231095,0.4455122121598982
33,623,3038252,408976,11096,2273430,1354632,0.13460897911035688,0.0036520999574755483,0.7482690705050141,0.4458590005042373,2579389,324616,5979,1777513,1089090,0.12584995904068755,0.0023179908110021403,0.6891217261142076,0.42222789970803165
33,624,1245899,258200,1835,870080,591642,0.20723991270560455,0.0014728320674468798,0.6983551636208072,0.474871558609486,1093437,211765,1686,692564,519962,0.1936691368592795,0.0015419269697293945,0.6333826274398983,0.4755299116455726
33,625,1942288,399831,2294,1398788,950158,0.20585567124957782,0.0011810812814577448,0.7201753807880191,0.4891952171871525,1703713,326152,1919,1105830,858621,0.1914359989035712,0.0011263634191909083,0.6490705887670047,0.503970445726481
33,626,1353445,249008,1105,978946,602977,0.18398087842505606,8.164350971040567e-4,0.7232994321897085,0.44551274710091654,1195497,218688,1098,762299,525296,0.18292643143395593,9.184464703801014e-4,0.637641917963826,0.43939549827393964
33,627,1750176,347895,4911,1349697,748095,0.1987771515550436,0.0028060035105040865,0.7711778701113488,0.427439868904613,1579378,293042,3509,1134381,684453,0.18554266299771174,0.002221760718460052,0.7182454105350334,0.4333687059082753
33,628,3077233,569714,10270,2273457,1436454,0.18513840193446515,0.0033374138389910676,0.7387991094596996,0.466800531516463,2696103,474037,8342,1811933,1266018,0.17582303049994752,0.0030940954407157294,0.6720562975524303,0.46957330636107003
33,629,1870374,74249,7282,1548738,679620,0.03969740811196049,0.0038933389792629707,0.8280365317310869,0.3633604829836172,1675061,67712,5220,1307608,547544,0.04042360248373044,0.0031163044211524236,0.7806330635123139,0.32688003601062887
33,630,1506843,245392,63044,917709,751170,0.1628517370422798,0.041838466250299466,0.6090276160157362,0.49850581646528536,1289152,199859,40449,674217,657501,0.15503136945837265,0.03137643970610138,0.52299263391749,0.5100259705604925
33,631,1879809,267386,22388,1187958,877779,0.14224104682975772,0.011909720615232718,0.6319567573088543,0.46695116365545647,1536249,214387,16743,823529,741782,0.13955224706411526,0.01089862385589836,0.5360647915800107,0.4828527146315474
33,632,3458045,535911,28342,2635907,1567950,0.15497513768617818,0.00819596043429163,0.7622535276435095,0.4534209358177814,2913189,433510,23133,2055326,1294195,0.1488094318631575,0.007940782420913988,0.7055244270110865,0.44425370272920844
33,633,2479052,395876,5458,1760566,1266137,0.15968846155707908,0.0022016480493349875,0.710177116091151,0.5107343452255136,1909283,310068,3768,1216874,1009159,0.16240023087200797,0.0019735157124428386,0.6373460613224965,0.5285539126467894
34,634,55626,8427,0,39274,16760,0.1514939057275375,0,0.7060367454068242,0.3012979541940819,31394,5802,0,19898,9909,0.18481238453207618,0,0.6338153787347901,0.3156335605529719
34,635,950289,152406,0,726649,348105,0.16037857956895218,0,0.7646610662651047,0.3663148789473518,735332,120980,0,522551,265804,0.1645243237068426,0,0.7106327482008127,0.36147481681743754
34,636,41816,144,0,36470,11802,0.0034436579299789555,0,0.8721541993495313,0.2822364645111919,36828,121,0,31234,9308,0.0032855436081242534,0,0.8481047029434127,0.25274247854893017
34,637,200222,35348,0,154916,68301,0.1765440361199069,0,0.773721169501853,0.3411263497517755,170791,30868,0,122344,57532,0.1807355188505249,0,0.7163375119297856,0.33685615752586495
35,638,36842,0,23681,25332,17125,0,0.6427718364909614,0.687584821670919,0.4648227566364475,37196,0,22690,23855,17244,0,0.6100118292289494,0.6413324013334767,0.4635982363695021
35,639,105597,0,758,78683,38579,0,0.007178234230139114,0.7451253350000473,0.3653418184228719,105258,0,285,70999,39969,0,0.002707632674001026,0.674523551654031,0.37972410648121757
35,640,238142,0,4091,190266,96831,0,0.01717882607855817,0.7989602842001831,0.40661034172888444,207689,0,2565,154836,76204,0,0.01235019668831763,0.7455185397397069,0.36691399159319943
