pc11_state_id,pc11_district_id,emp_all,count_all,emp_manuf,emp_services,census_year
01,001,4568,2118,662,3906,1998
01,001,25709,13577,4613,20684,2005
01,001,43585,22204,5606,37862,2013
01,002,92323,38863,23004,69319,1998
01,002,140468.98626226583,63953.391034790366,45257.47622658341,94562.29727921498,2005
01,002,91532,44944,44679,46594,2013
01,003,3653,1665,379,3259,1998
01,003,13289,6329,1376,11832,2005
01,003,18508,7719,1657,16839,2013
01,004,1162,575,156,1006,1998
01,004,8520.605527797103,3723.8632597558662,1722.3898551641264,6686.1376257036245,2005
01,004,11003,4569,924,10073,2013
01,005,2933,1224,317,2616,1998
01,005,17067,9210,3003,14026,2005
01,005,24703,12607,3561,21076,2013
01,006,6458,2903,1196,5262,1998
01,006,24300,12419,3033,21164,2005
01,006,33107,15264,5235,27655,2013
01,007,8462,3717,1626,6800,1998
01,007,33078,15627,5333,27693,2005
01,007,54178,20407,10879,42936,2013
01,008,14274,7515,3270,10956,1998
01,008,46719,24023,11939,34445,2005
01,008,85022,44288,21617,60911,2013
01,009,4475,2069,1990,2485,1998
01,009,17413,8680,6191,10918,2005
01,009,21128,10754,4696,15621,2013
01,010,89416,37453,22216,67200,1998
01,010,94972.98626226584,44581.391034790366,25023.476226583407,69440.29727921498,2005
01,010,156205,66625,34123,120236,2013
01,011,1465,624,332,1133,1998
01,011,9319,5214,1723,7555,2005
01,011,20768,9246,4908,15685,2013
01,012,5006,2142,1382,3624,1998
01,012,33031,14790,10849,21244,2005
01,012,50343,24266,12445,37089,2013
01,013,1731,1126,259,1472,1998
01,013,11735,6230,2666,9029,2005
01,013,15945,8902,4458,11402,2013
01,014,17377,7097,3218,14136,1998
01,014,51461,26480,12948,38048,2005
01,014,84551,43943,17948,65574,2013
01,015,13291,4922,2251,11017,1998
01,015,32180,16279,10186,21736,2005
01,015,34434,20704,10278,23953,2013
01,016,3384,1524,414,2970,1998
01,016,13054,7608,1757,11278,2005
01,016,17000,8785,1823,15166,2013
01,017,3016,1159,393,2621,1998
01,017,7288,3902,1398,5882,2005
01,017,11586,6162,1767,9731,2013
01,018,1902,997,246,1656,1998
01,018,6465,3526,782,5670,2005
01,018,14427,7718,1616,12638,2013
01,019,7912,3730,960,6952,1998
01,019,24822,13855,4588,20098,2005
01,019,36477,16704,5535,30931,2013
01,020,2254,820,203,2051,1998
01,020,12116,5697,1169,10932,2005
01,020,24530,10506,2063,22412,2013
01,021,32541,17988,4500,28035,1998
01,021,99204,43704,14479,84292,2005
01,021,162125,66717,24718,137276,2013
01,022,7522,2628,1665,5857,1998
01,022,18197,8887,3880,14174,2005
01,022,54494,13743,30274,24075,2013
02,023,23149,10585,6258,16739,1990
02,023,22765,12284,3571,19160,1998
02,023,29008,14646,5186,23542,2005
02,023,41928,20083,6829,35017,2013
02,024,68264,35191,17302,49252,1990
02,024,85901.48483580841,42468.47845638988,18858.74963396779,66769.80882660531,1998
02,024,100773,55655,15576,84386,2005
02,024,168812,87138,33746,133586,2013
02,025,3316,1655,535,2771,1990
02,025,3968,1966,556,3412,1998
02,025,4562,1770,420,4142,2005
02,025,9261,2529,494,8755,2013
02,026,16407,8639,6196,10117,1990
02,026,32942,15095,8418,24503,1998
02,026,33011,15484,5930,26980,2005
02,026,63576,32530,8089,55431,2013
02,027,40299.594846098786,21634.396564065857,15156.717251252685,24961.877594846097,1990
02,027,47599,24485,13957,33541,1998
02,027,68054,35291,16486,51385,2005
02,027,106510,53956,20817,85383,2013
02,028,22390,12149,7455,14792,1990
02,028,27088,14733,6211,20774,1998
02,028,36087,19035,7039,28923,2005
02,028,55727,28380,9753,45783,2013
02,029,22693,9968,9280,13341,1990
02,029,29098,13273,10401,18622,1998
02,029,35594,17784,8923,26638,2005
02,029,67652,25444,24908,42155,2013
02,030,18105,8941,4989,12654,1990
02,030,22491,10512,5606,16729,1998
02,030,31970,16817,6536,25184,2005
02,030,47844,23300,7382,40012,2013
02,031,39495,11282,21188,18217,1990
02,031,66136.71477780302,16374.092626239686,28766.039594216065,37026.67518358695,1998
02,031,83294,21374,31840,51137,2005
02,031,171992,38372,92040,79274,2013
02,032,24586,10501,10186,14295,1990
02,032,34122,13075,11072,22395,1998
02,032,39785,14884,10759,27372,2005
02,032,76851,23115,33048,43532,2013
02,033,30158,15470,8917,21012,1990
02,033,61677,24591,9658,51709,1998
02,033,70561,25687,9360,59904,2005
02,033,110113,40637,12618,96956,2013
02,034,6038,3355,1237,4790,1990
02,034,8834,3954,2399,6435,1998
02,034,9779,3676,3151,6616,2005
02,034,18332,6538,4247,14045,2013
03,035,61862,30758,15570,46239,1990
03,035,109669,51588,26019,83320,1998
03,035,138217,76246,30398,106548,2005
03,035,171091,85391,34879,135537,2013
03,036,48904,18207,15647,33253,1990
03,036,60993,21021,17614,43375,1998
03,036,82876,30814,25966,56876,2005
03,036,117442,43860,35427,81960,2013
03,037,166935,55474,68105,98786,1990
03,037,198366,67804,70018,128308,1998
03,037,259495,104397,79139,180163,2005
03,037,324320,129663,103192,220884,2013
03,038,66227,31913,18231,47912,1990
03,038,88500,43326,19200,69295,1998
03,038,137481,68385,34545,102625,2005
03,038,176549,77358,51188,125269,2013
03,039,22436,9556,8787,13553,1990
03,039,38400,14252,12102,26261,1998
03,039,52848,24644,15306,37428,2005
03,039,59344,23863,13181,46101,2013
03,040,27156,8843,13223,13902,1990
03,040,28341,8456,13319,15006,1998
03,040,66533,23718,26563,39942,2005
03,040,74106,25079,29540,44463,2013
03,041,270697,61657,126891,143664,1990
03,041,323810,77931,162197,161533,1998
03,041,496130,148556,224034,271791,2005
03,041,627284,185493,274161,352930,2013
03,042,38330,16010,11257,27049,1990
03,042,49873,20386,12470,37391,1998
03,042,67556,30325,20216,47315,2005
03,042,85358,36406,23295,61980,2013
03,043,69041,30660,16637,52372,1990
03,043,97166,39313,21025,76073,1998
03,043,121108,63455,24837,96034,2005
03,043,165775,77837,45273,120295,2013
03,044,34686,13466,8241,26438,1990
03,044,34447,14426,6503,27940,1998
03,044,46989,22350,12498,33508,2005
03,044,71762,30597,20078,51525,2013
03,045,16971,6583,5115,11847,1990
03,045,35937,13993,8255,27651,1998
03,045,42997,19657,8705,34258,2005
03,045,59877,26491,15455,44274,2013
03,046,40606,15086,11135,29450,1990
03,046,63995,24276,14674,49304,1998
03,046,76081,34713,13958,62087,2005
03,046,113340,46496,32204,81019,2013
03,047,24292,10940,4289,19998,1990
03,047,30090,13327,8453,21636,1998
03,047,37990,18406,10208,27650,2005
03,047,51647,21979,14304,37249,2013
03,048,55215,24614,17725,37447,1990
03,048,122477,46563,35513,86773,1998
03,048,157937,75404,39455,118407,2005
03,048,185721,79533,49626,135635,2013
03,049,40342,18753,10393,29942,1990
03,049,192558,69719,44707,147793,1998
03,049,218677,102219,47495,171054,2005
03,049,290208,132858,94585,191489,2013
03,050,36329,15797,9602,26675,1990
03,050,43536,16939,10548,32983,1998
03,050,50927,26359,9926,40357,2005
03,050,102453,50965,51382,50284,2013
03,051,23067,11084,5837,17134,1990
03,051,43486,17241,14392,28938,1998
03,051,52830,20473,17439,35368,2005
03,051,70186,29475,20665,49097,2013
03,052,34152,8934,16657,17470,1990
03,052,61093.29139965476,14782.207193359976,33294.51332497813,27785.77807467663,1998
03,052,90074.0263425477,25757.017191231764,31431.765376339,58287.96642152806,2005
03,052,138895,33561,41741,97059,2013
03,053,61559,24162,22466,39079,1990
03,053,88607,35438,23130,65459,1998
03,053,119822,55466,31297,88459,2005
03,053,190925,79688,57159,133499,2013
03,054,23282,9115,4207,19071,1990
03,054,32615,12653,7693,24921,1998
03,054,51340,17548,13192,38135,2005
03,054,63528,22058,21981,41496,2013
04,055,11848.272321012551,7316.488367298337,1963.3304278334915,9875.457205121891,1990
04,055,148905.88520887506,38252.489190882,27983.447226070948,120866.43798280411,1998
04,055,186187.84309056573,63155.46235323097,24922.11922161097,161253.64332046965,2005
04,055,244274,82381,28056,215947,2013
05,056,12701,6405,2709,9989,1990
05,056,12878,6773,2179,10668,1998
05,056,18005,10021,2051,15946,2005
05,056,21358,10382,1901,19197,2013
05,057,17619,10168,3878,13737,1990
05,057,15415,8238,1881,13520,1998
05,057,25321,14199,4189,21097,2005
05,057,30997,15625,4095,26810,2013
05,058,8916,5359,1756,7158,1990
05,058,7122,3895,891,6230,1998
05,058,11816,6813,1243,10569,2005
05,058,16485,8229,1615,14818,2013
05,059,21713,10982,4630,17060,1990
05,059,22924.263881000676,12046.388136128015,3947.8644038764933,18952.399477124185,1998
05,059,28321.78901098901,15507.614835164835,4354.417582417582,23891.37142857143,2005
05,059,41296,18258,4487,35943,2013
05,060,82554.77483309731,29682.775440016187,19168.52525456875,62712.24957852856,1990
05,060,71117.04545947706,28340.33796246067,10642.310317890853,60443.34004556797,1998
05,060,104493.76383763837,42527.28597785978,16928.85147601476,87232.68450184501,2005
05,060,185439,60316,41258,143453,2013
05,061,21604,12328,4963,16638,1990
05,061,21562.812138104062,10286.185870888516,3123.0684653742537,18439.743672729808,1998
05,061,37438,18645,5345,32025,2005
05,061,50275,21328,7063,43083,2013
05,062,20066,11684,4111,15818,1990
05,062,22773,11623,3527,18761,1998
05,062,28451,17927,5842,22536,2005
05,062,33691,17974,5082,28470,2013
05,063,9556,5514,2083,6819,1990
05,063,2074.677769732078,1074.9062273714699,288.64916727009415,1784.028602461984,1998
05,063,10785.08888888889,6935.392592592592,1958.0814814814814,8792.007407407407,2005
05,063,14901,8029,2161,12498,2013
05,064,28672,16006,5780,22839,1990
05,064,26119,13657,4524,21560,1998
05,064,37341,20933,6046,31221,2005
05,064,39327,18145,6169,32789,2013
05,065,4868,3099,1120,3732,1990
05,065,5811,2617,439,5369,1998
05,065,15476,9015,2496,12843,2005
05,065,17081,9433,1963,14661,2013
05,066,41720,16171,7981,33682,1990
05,066,26144.888972146444,11318.86646919015,4311.8767723127,21823.012199833745,1998
05,066,65199,26437,11494,53626,2005
05,066,74499,28741,10267,63158,2013
05,067,56489,19191,23898,32555,1990
05,067,71893.65482233503,25835.83502538071,26330.030456852794,45463.62436548223,1998
05,067,93688,42016,26496,66847,2005
05,067,184551,53074,85371,97580,2013
05,068,76834,28484,26477,50297,1990
05,068,96839,40274,32889,63884,1998
05,068,138165,54255,51687,85731,2005
05,068,270248,80547,139595,129626,2013
06,069,21242,7027,8998,11773,1990
06,069,29941.065308941823,8367.248523808463,12686.606124245192,17214.45918469663,1998
06,069,25881.897819692953,13197.033751866129,6510.200583791974,18742.21165801377,2005
06,069,54127,17410,15846,38253,2013
06,070,60730,26678,19452,41231,1990
06,070,52893.57740278797,23366.989728539986,15684.554658840792,37174.02274394718,1998
06,070,88975.15917545625,42357.050899382906,19320.554641340976,69277.59648124644,2005
06,070,118474,45301,31218,87183,2013
06,071,75230.91657020745,27734.41768319829,36142.527735731455,38922.26978897694,1990
06,071,81839,31857,36026,45580,1998
06,071,100708.16732380484,42422.496467882374,39351.82536553311,60434.341958271725,2005
06,071,130297,51945,43846,86424,2013
06,072,23098,10420,9716,13336,1990
06,072,77671,34607,18332,59280,1998
06,072,92140,43094,20335,71564,2005
06,072,107460,49576,20872,86537,2013
06,073,46280,21494,15068,31139,1990
06,073,47539,21201,13607,33932,1998
06,073,78263,39745,21940,56244,2005
06,073,98621,45118,24567,70101,2013
06,074,62368,25421,21595,40742,1990
06,074,64766.448363921736,28176.54920374778,19915.398494643236,44841.96829732531,1998
06,074,90057,44536,22015,67958,2005
06,074,126283,53893,30877,95327,2013
06,075,77366,22553,23351,53953,1990
06,075,96869.41512054217,25233.039906677033,29872.594622819688,66987.82049772248,1998
06,075,119797,37978,48999,70455,2005
06,075,182032,57080,57649,111774,2013
06,076,73726,21623,36711,36895,1990
06,076,67365,21186,27069,40286,1998
06,076,119254,35732,52394,66773,2005
06,076,160091,47272,56004,97673,2013
06,077,52809,22520,16277,36408,1990
06,077,48897,22431,11412,37461,1998
06,077,75382,37079,16601,58694,2005
06,077,94452,48149,22568,71445,2013
06,078,33176,15650,9113,24061,1990
06,078,34646,15664,8897,25736,1998
06,078,62395,30082,19175,42543,2005
06,078,76265,37772,17277,58957,2013
06,079,59292,24994,15810,43459,1990
06,079,75896,30946,15360,60510,1998
06,079,87232,38913,17537,69291,2005
06,079,128288,47370,26673,101546,2013
06,080,69961,28861,22163,47785,1990
06,080,74190,31453,16589,57530,1998
06,080,105667,48422,25172,80267,2005
06,080,145419,61472,35456,109855,2013
06,081,49948,22184,14233,34957,1990
06,081,50369,20962,12526,37775,1998
06,081,82612,38794,21371,59645,2005
06,081,110403,47655,22402,87884,2013
06,082,45104,19248,13764,31314,1990
06,082,60845.96094692909,20563.79164391043,17603.546692423355,43210.28326287329,1998
06,082,78305.15320204683,35506.84586757637,17007.434641029617,61198.123585051944,2005
06,082,97334,39535,27635,69615,2013
06,083,35078,9943,18502,16501,1990
06,083,42472,13125,20252,22220,1998
06,083,83882,22377,46621,37197,2005
06,083,109307,33472,46263,62936,2013
06,084,28538,14980,6859,21479,1990
06,084,37189,17991,7668,29451,1998
06,084,45962,23922,10459,35083,2005
06,084,69294,33951,9214,56825,2013
06,085,40556,15345,13356,26382,1990
06,085,50361,20319,18721,31340,1998
06,085,69589,26040,26304,43084,2005
06,085,101215,30541,47304,53539,2013
06,086,15344.033986980849,7272.516993490424,4460.348719604046,10391.685267376803,1990
06,086,85354.75482449857,23835.622098289485,41563.94707589967,43780.80774859889,1998
06,086,141993.7881744579,33832.955517391056,56999.192839753145,84910.83289297375,2005
06,086,605425,60922,343018,262116,2013
06,087,15381,8638,5228,9769,1990
06,087,19304,9471,5931,13280,1998
06,087,37316,17524,11774,25352,2005
06,087,40818,18309,9439,31133,2013
06,088,7871,3101,3713,4156,1990
06,088,165296,34216,102610,62675,1998
06,088,204649,55027,107853,94552,2005
06,088,225510,59142,117830,106953,2013
06,089,24488,11678,7304,17176,1990
06,089,31419,12810,10054,21310,1998
06,089,49605,20270,17023,32359,2005
06,089,64684,25216,17420,47113,2013
07,090,9455930.237776697,1877510.448592884,4144588.020260857,5311315.729282508,1998
07,090,7701442.080917814,1694740.6211526154,2475749.571793144,5219627.294828417,2005
07,090,285336,92841,91733,193539,2013
07,091,9455930.237776697,1877510.448592884,4144588.020260857,5311315.729282508,1998
07,091,7701442.080917814,1694740.6211526154,2475749.571793144,5219627.294828417,2005
07,091,316420,72545,177279,139108,2013
07,092,9455930.237776697,1877510.448592884,4144588.020260857,5311315.729282508,1998
07,092,7701442.080917814,1694740.6211526154,2475749.571793144,5219627.294828417,2005
07,092,181905,85849,77322,104561,2013
07,093,9455930.237776697,1877510.448592884,4144588.020260857,5311315.729282508,1998
07,093,7701442.080917814,1694740.6211526154,2475749.571793144,5219627.294828417,2005
07,093,214050,79353,55864,158136,2013
07,094,9455930.237776697,1877510.448592884,4144588.020260857,5311315.729282508,1998
07,094,7701442.080917814,1694740.6211526154,2475749.571793144,5219627.294828417,2005
07,094,268427,37891,70465,197913,2013
07,095,9455930.237776697,1877510.448592884,4144588.020260857,5311315.729282508,1998
07,095,7701442.080917814,1694740.6211526154,2475749.571793144,5219627.294828417,2005
07,095,597710,149975,219865,377798,2013
07,096,9455930.237776697,1877510.448592884,4144588.020260857,5311315.729282508,1998
07,096,7701442.080917814,1694740.6211526154,2475749.571793144,5219627.294828417,2005
07,096,312807,106352,91948,220822,2013
07,097,9455930.237776697,1877510.448592884,4144588.020260857,5311315.729282508,1998
07,097,7701442.080917814,1694740.6211526154,2475749.571793144,5219627.294828417,2005
07,097,102615,41023,20809,81778,2013
07,098,9455930.237776697,1877510.448592884,4144588.020260857,5311315.729282508,1998
07,098,7701442.080917814,1694740.6211526154,2475749.571793144,5219627.294828417,2005
07,098,143780,56539,20862,122898,2013
08,099,55976,26981,12949,42985,1990
08,099,90546.95454545454,40594.2,17880.00909090909,72665.94545454546,1998
08,099,117882.10852090032,53822.427652733124,30915.12459807074,86056.93167202572,2005
08,099,182700,76041,45266,137247,2013
08,100,32845,16851,7782,25038,1990
08,100,60539,29007,13062,47415,1998
08,100,91250,44972,28102,63073,2005
08,100,135967,60409,42701,92995,2013
08,101,69172,27459,15247,53459,1990
08,101,82054.08899920722,38859.78589225716,18458.41324700819,63510.67575219903,1998
08,101,117807.4416172751,56949.24042055193,30377.709615312015,86886.71909094341,2005
08,101,180796,86508,46492,133271,2013
08,102,19820.33186653715,12459.54445445715,4923.848151485716,14789.483715051436,1990
08,102,57219.7546805544,33809.99626985735,12045.035680661655,45011.71512674143,1998
08,102,91329.96387839496,52564.53386325989,20615.210747101097,70302.75313129387,2005
08,102,139319,80816,28899,109632,2013
08,103,43316.738665707235,21086.655971773533,12681.697329070252,30414.041336636983,1990
08,103,92913.67087587318,45363.35626007523,19103.10934981193,73511.56152606125,1998
08,103,94767,50155,22789,71642,2005
08,103,139658,67064,28313,110770,2013
08,104,102072.25714583768,45178.80794909243,34582.665658251615,65941.59148758606,1990
08,104,153257,65319,51007,100818,1998
08,104,185648.0357142857,77345.42857142857,70385,114230.03571428571,2005
08,104,327691,118292,114312,211612,2013
08,105,74325,34964,21290,52167,1990
08,105,98575,51483,22751,75502,1998
08,105,115812,58589,30862,83760,2005
08,105,161335,80740,41260,118744,2013
08,106,27378,14408,6490,20165,1990
08,106,31332,16393,8945,22365,1998
08,106,39581,20554,12975,26062,2005
08,106,61493,29657,16207,44704,2013
08,107,19669,10562,4862,12551,1990
08,107,43674,23766,8765,34683,1998
08,107,43766,22994,13413,30290,2005
08,107,65294,32628,11704,52990,2013
08,108,30502,17377,8855,21516,1990
08,108,54299.70367071261,30123.090965152704,11034.218598277212,43216.48188136257,1998
08,108,56413.35743931089,33239.446769772905,12114.025538371183,43998.322327721224,2005
08,108,79079,41397,13696,65081,2013
08,109,31249.189067999832,16476.78916029377,9152.6553225992,21998.533745400633,1990
08,109,46511.86279231378,25031.78728768363,10932.441763498555,35483.4031869677,1998
08,109,73071,37211,21300,50982,2005
08,109,109311,53101,25168,79334,2013
08,110,73112.00551199442,38009.75646300753,28703.799239189502,43233.206272804906,1990
08,110,354455.97212543554,130390.04529616726,99785.99303135888,248743.93728222995,1998
08,110,483693.58800970495,176540.30633168976,144601.089066291,337516.49401267903,2005
08,110,810320,270055,234894,569285,2013
08,111,64638.51417804642,34385.52238638907,18912.106372658756,45392.40780538766,1990
08,111,96147,50606,20912,75176,1998
08,111,137014,76052,33554,102834,2005
08,111,228423,109118,50653,174768,2013
08,112,61723.50951283336,32838.510371927696,26108.15984387528,34403.34966895808,1990
08,112,113320,59791,28534,77393,1998
08,112,130496,69400,30725,92616,2005
08,112,185638,93385,34773,148557,2013
08,113,101368,39941,29261,69766,1990
08,113,145705,62175,37961,102664,1998
08,113,180367,79366,58665,119296,2005
08,113,216712,95328,57361,155681,2013
08,114,14889,7476,2774,11368,1990
08,114,18646,8014,3190,15248,1998
08,114,23363,11454,5109,17233,2005
08,114,30673,14906,6137,23655,2013
08,115,49387,22064,11814,36207,1990
08,115,59705,26767,16939,42398,1998
08,115,73146.3348051822,38142.003800928396,18778.378604816666,53226.95597392725,2005
08,115,108017,55448,24265,82134,2013
08,116,41254,22426,16310,24487,1990
08,116,57012,28124,14859,41190,1998
08,116,89693,53333,31074,56705,2005
08,116,97412,52282,27223,69451,2013
08,117,35777,15780,11947,23290,1990
08,117,49751,21346,14819,34588,1998
08,117,64420,28029,19520,43475,2005
08,117,74155,32598,14355,59199,2013
08,118,76585.74897521893,33988.970467672814,21726,54599.74897521893,1990
08,118,106409,46536,31945,73093,1998
08,118,119987,57311,32910,86044,2005
08,118,166330,78539,37969,127388,2013
08,119,152040.61499299048,56851.146093115916,49111.848963329154,102339.76602966133,1990
08,119,170861.73849878935,66057.12994350283,44819.260694108154,125063.4778046812,1998
08,119,199455.27730375426,86216.2585324232,51465.03132618235,147165.24597757193,2005
08,119,254368,107366,59228,194148,2013
08,120,48015.616070399265,24899.536679091572,20565.634169772893,27037.981900626368,1990
08,120,61876,31839,18219,43170,1998
08,120,72960,40289,19896,52659,2005
08,120,100833,50850,18712,81582,2013
08,121,39641,17464,11893,22320,1990
08,121,49579,23893,11005,35742,1998
08,121,60594,33260,16044,41380,2005
08,121,85688,45329,16542,68047,2013
08,122,94644,40690,21740,69846,1990
08,122,144675,48712,23924,116764,1998
08,122,148761,64428,31463,113287,2005
08,122,226634,92022,46256,175330,2013
08,123,45528,20989,18001,24576,1990
08,123,57286.2517010899,24982.138134521585,20301.58192328536,32444.356536400315,1998
08,123,83762,37680,29387,48277,2005
08,123,105651,48849,29427,70041,2013
08,124,25842,12745,7817,16051,1990
08,124,35520,17105,5691,27693,1998
08,124,42170,22659,7405,33666,2005
08,124,56062,27315,10151,45218,2013
08,125,40490,16441,10414,27591,1990
08,125,50169,20856,13471,34924,1998
08,125,67040.11611678732,25579.563479525852,21334.44984032095,44729.65079725875,2005
08,125,78668,30351,12704,65541,2013
08,126,65825,30246,24415,37515,1990
08,126,76300,37871,25305,48854,1998
08,126,90715,50823,22456,66105,2005
08,126,128156,60761,40073,86993,2013
08,127,99381,36611,26075,68378,1990
08,127,121862.48427026754,51718.04743933394,26707.112246469715,93024.64503747055,1998
08,127,126947.63283914982,56140.594463395435,30871.51266071897,93357.90035423773,2005
08,127,193315,78506,44712,147462,2013
08,128,25792,14659,6864,18721,1990
08,128,35218.69982064243,19940.011902820806,7272.624816566117,27709.07500407631,1998
08,128,48053.63283914983,27519.594463395435,9687.51266071897,38091.90035423773,2005
08,128,80401,40390,16743,63156,2013
08,129,37859,20803,11418,25766,1990
08,129,50205.7890625,24902.2734375,15454,33716.7890625,1998
08,129,61417.57518056467,31904.921864740645,13845.845699277741,46281.72948128694,2005
08,129,97995,49174,19096,77977,2013
08,130,59266.719201414206,28903.86650559036,17991.861902334855,37561.85729907935,1990
08,130,129024.32407407407,53005.7207977208,30536.04772079772,95244.58831908832,1998
08,130,150802,66850,36376,111793,2005
08,130,212511,92629,42377,167525,2013
08,131,18393,9973,4330,12787,1990
08,131,23033,12866,4830,17796,1998
08,131,27681,15706,5956,21508,2005
08,131,44818,24321,7987,35966,2013
09,132,114929,44589,46113,68761,1990
09,132,143224,65034,48857,94264,1998
09,132,195180,94683,68327,125928,2005
09,132,247479,115774,69718,176615,2013
09,133,167309,68288,66567,100704,1990
09,133,200531,84606,82059,118313,1998
09,133,186703,92855,58129,128369,2005
09,133,233368,114878,65329,167582,2013
09,134,119148,45557,47601,71127,1990
09,134,124789,57929,45296,79334,1998
09,134,150832,81875,43013,107244,2005
09,134,232944,110409,59913,171937,2013
09,135,167511,62791,75000,92157,1990
09,135,173955,64652,89551,84227,1998
09,135,198460,89172,64618,133329,2005
09,135,333777,162467,104145,229436,2013
09,136,74991,35738,27906,46882,1990
09,136,88376,40726,40914,47317,1998
09,136,86682,52448,26525,59266,2005
09,136,163398,86390,63998,98165,2013
09,137,50413,20708,22540,27715,1990
09,137,64897,24986,30277,34539,1998
09,137,62607,35652,20393,41917,2005
09,137,128232,61124,50915,77020,2013
09,138,171429.52770970037,63463.853427148395,53505.78828365879,117872.73942604157,1990
09,138,173548,72907,51736,121783,1998
09,138,193107,94277,46949,145430,2005
09,138,322445,154486,97717,223475,2013
09,139,53721,20148,23213,30491,1990
09,139,60604,21568,29899,30705,1998
09,139,66340,31238,24865,41085,2005
09,139,65114,33116,20391,44652,2013
09,140,206304.1168331657,51484.13426835117,93492.2681733293,112759.84865983643,1990
09,140,191131.9733696334,52101.598774408456,81627.73080193084,109458.24256770255,1998
09,140,244280,112707,66689,175428,2005
09,140,414552,174494,118809,294436,2013
09,141,62889,12316,40236,22650,1990
09,141,110796,22119,61797,48987,1998
09,141,258178,39556,137736,114057,2005
09,141,608571,59817,309026,299148,2013
09,142,105211,46883,40415,64790,1990
09,142,123007,56827,39728,83245,1998
09,142,112981,63948,28797,83346,2005
09,142,199007,100659,55586,143125,2013
09,143,107021,40895,46442,60492,1990
09,143,121018,47093,45812,75206,1998
09,143,167076,72716,50254,116675,2005
09,143,215594,101784,67454,147888,2013
09,144,45801,19641,17170,28628,1990
09,144,38605,17892,11659,26937,1998
09,144,56901,29459,18562,38080,2005
09,144,139390,54690,27661,111546,2013
09,145,65808,28545,20106,45688,1990
09,145,79078,36500,21215,57813,1998
09,145,85791,47849,19350,65783,2005
09,145,115634,55270,27446,88108,2013
09,146,193948,66896,85809,108058,1990
09,146,226036,78300,77911,147758,1998
09,146,185006,86246,44775,139507,2005
09,146,380399,155610,97648,281892,2013
09,147,40317,15578,18623,21636,1990
09,147,114039,35138,64461,49549,1998
09,147,105415,47252,30513,74620,2005
09,147,211687,68335,115929,95681,2013
09,148,28636,14615,6995,21619,1990
09,148,34808,17097,10374,24429,1998
09,148,39990,22740,8673,31072,2005
09,148,72758,39670,11926,60777,2013
09,149,62099,32879,20123,41726,1990
09,149,92357,46242,33664,58593,1998
09,149,122626,69542,33162,89174,2005
09,149,189093,96508,57103,131434,2013
09,150,129330,53109,51115,77942,1990
09,150,174467,67653,70757,103455,1998
09,150,185294,101183,69725,114501,2005
09,150,436662,217610,194264,241250,2013
09,151,33090,15466,15236,17607,1990
09,151,55602,27486,20310,34853,1998
09,151,74952,42643,20964,53708,2005
09,151,129321,67722,42410,86320,2013
09,152,57428,25273,23412,33879,1990
09,152,59218,29779,19467,39609,1998
09,152,87243,47604,31315,55813,2005
09,152,149606,74600,49457,99911,2013
09,153,100870,27729,59531,41065,1990
09,153,77502,33804,30595,46611,1998
09,153,79600,47368,21242,58081,2005
09,153,130008,71341,30206,99006,2013
09,154,81779,36841,36265,45313,1990
09,154,96698,45432,32316,64293,1998
09,154,126256,80358,35874,89066,2005
09,154,210839,103456,57822,152061,2013
09,155,260980,30827,20121,240711,1990
09,155,79992,41452,26403,53251,1998
09,155,92586,54186,28039,64285,2005
09,155,162843,81869,43047,119244,2013
09,156,50149,23889,19034,31054,1990
09,156,63790,30339,20789,42871,1998
09,156,81609,49531,24625,56833,2005
09,156,102585,54234,24562,76052,2013
09,157,190956,65640,46467,144335,1990
09,157,295094,118504,62855,232231,1998
09,157,331071,152914,63207,267253,2005
09,157,482302,206533,103631,377263,2013
09,158,74055,36259,25909,47974,1990
09,158,77871,40446,27956,49786,1998
09,158,75512,45747,15617,59713,2005
09,158,126821,64287,33406,92614,2013
09,159,52763,20767,17866,34867,1990
09,159,57374,23229,22873,34471,1998
09,159,51965,29077,13943,38014,2005
09,159,84856,39556,28667,55967,2013
09,160,28948,11255,13531,15404,1990
09,160,36878,18169,15117,21757,1998
09,160,31484,21021,8131,23253,2005
09,160,76849,39891,25469,51040,2013
09,161,32742,15491,8650,24059,1990
09,161,27398,12993,7824,19551,1998
09,161,58038,27880,13280,44596,2005
09,161,80133,44535,13882,65754,2013
09,162,25142,12632,6150,18986,1990
09,162,30787,15577,8274,22512,1998
09,162,42366,23786,8556,33761,2005
09,162,48056,26361,7981,40015,2013
09,163,37326,19342,13650,23594,1990
09,163,40163,19694,13933,26203,1998
09,163,65689,26649,22817,42521,2005
09,163,72986,31346,15834,56774,2013
09,164,34346,16096,13468,20821,1990
09,164,286388,95573,79522,205391,1998
09,164,340004,139126,95151,244339,2005
09,164,408639,157175,117155,290997,2013
09,165,44437,22840,11075,33320,1990
09,165,49620,26019,12158,37394,1998
09,165,65109,38511,13852,51081,2005
09,165,79906,45889,13889,65764,2013
09,166,49568,18858,11609,37492,1990
09,166,65078,33543,14175,50306,1998
09,166,66256,38809,13404,52544,2005
09,166,105812,57271,16915,87176,2013
09,167,25079,14352,6351,16647,1990
09,167,31096,17268,8197,21499,1998
09,167,36078,21673,9291,25978,2005
09,167,48272,24500,10117,37469,2013
09,168,29202,16540,8043,21089,1990
09,168,31185,17695,7208,23959,1998
09,168,32690,19244,7252,25235,2005
09,168,42698,21576,8348,34072,2013
09,169,23641,14003,6951,16148,1990
09,169,26446,15258,7532,18535,1998
09,169,30369,19529,6904,22981,2005
09,169,39561,20857,7332,30626,2013
09,170,29430,15621,8471,20902,1990
09,170,39287,21032,9396,29826,1998
09,170,45280,26990,9200,36001,2005
09,170,65543,31878,12239,52996,2013
09,171,14554,7984,4344,10140,1990
09,171,10340,5486,3355,6925,1998
09,171,21483,13574,3899,17533,2005
09,171,29085,15100,4002,25019,2013
09,172,60152,33746,21107,38958,1990
09,172,63572,38968,19639,43692,1998
09,172,85774,51150,23956,61676,2005
09,172,125176,62099,31834,92444,2013
09,173,44776,21940,15128,29633,1990
09,173,60565,30162,20970,39532,1998
09,173,76020,45727,19939,55939,2005
09,173,106913,55527,21185,85553,2013
09,174,15606,7308,6587,8902,1990
09,174,22015,11208,9233,12766,1998
09,174,25411,15706,5200,20040,2005
09,174,67313,34595,23167,44097,2013
09,175,157941,58548,67686,89345,1990
09,175,159340,70223,50615,107854,1998
09,175,206005,110623,53018,152239,2005
09,175,354528,198044,89278,264698,2013
09,176,64016,27269,17841,46118,1990
09,176,72850,34916,22775,49975,1998
09,176,90723,50154,24945,65619,2005
09,176,148411,75476,38289,109879,2013
09,177,50639,22926,14888,35656,1990
09,177,45635,21693,9523,36084,1998
09,177,76148,41995,22277,53647,2005
09,177,102624,52323,17000,85489,2013
09,178,63428,23810,12471,50880,1990
09,178,50124,20156,7974,42094,1998
09,178,62722,37995,7898,54671,2005
09,178,101740,51428,16642,84851,2013
09,179,54592,26743,20573,33953,1990
09,179,62050,34847,18914,43096,1998
09,179,104878,59389,33223,71060,2005
09,179,187337,76583,54113,132603,2013
09,180,50049,25645,16515,33033,1990
09,180,54509,29428,16862,37509,1998
09,180,64195,37931,18297,45600,2005
09,180,97287,50131,17601,79474,2013
09,181,13231,7051,4574,8613,1990
09,181,10450,6760,3768,6679,1998
09,181,18304,12633,4476,13778,2005
09,181,29458,15895,6061,23250,2013
09,182,32155,15559,11234,20812,1990
09,182,34057,17442,11078,22862,1998
09,182,42991,28050,10226,32580,2005
09,182,62284,35378,13575,48581,2013
09,183,56686,23550,24315,32353,1990
09,183,52947,25989,16152,36594,1998
09,183,68081,41487,22286,45561,2005
09,183,88114,47800,15415,72604,2013
09,184,30436,15266,9285,21006,1990
09,184,37313,20111,10183,27057,1998
09,184,42561,26269,7310,35129,2005
09,184,88382,49760,20596,67336,2013
09,185,46967,20772,14607,32246,1990
09,185,47953,23138,14478,33287,1998
09,185,54056,27850,12517,40715,2005
09,185,116545,50092,19369,96891,2013
09,186,34541,13549,8198,26183,1990
09,186,26730,11977,8469,18068,1998
09,186,47632,26239,14396,32693,2005
09,186,87821,53313,10869,76404,2013
09,187,44259,23449,14681,29360,1990
09,187,45571,27577,12039,32941,1998
09,187,43761,26054,9360,34154,2005
09,187,105562,59445,19945,85116,2013
09,188,135566,49064,30360,104630,1990
09,188,141320,59130,27907,113019,1998
09,188,171208,100189,31211,139503,2005
09,188,231828,109415,37377,193777,2013
09,189,66933,29030,19256,47504,1990
09,189,59760,35473,14830,44497,1998
09,189,60285,37058,15153,44683,2005
09,189,123100,67581,20680,101799,2013
09,190,60269,30980,13653,46279,1990
09,190,75289,34468,21022,54048,1998
09,190,103829,59679,20796,82730,2005
09,190,127566,72533,22093,104933,2013
09,191,83768,38570,18915,64700,1990
09,191,115392,48846,21527,93369,1998
09,191,130269,70477,23161,106696,2005
09,191,193560,102409,26022,166360,2013
09,192,93792,35937,11737,81909,1990
09,192,116909,43207,15829,100889,1998
09,192,123740,54664,13694,109703,2005
09,192,157192,70702,15575,141228,2013
09,193,51627,24528,12670,38634,1990
09,193,64491,29643,16125,48324,1998
09,193,101417,60527,15706,85538,2005
09,193,176012,78427,24471,150482,2013
09,194,95953,45638,34875,60959,1990
09,194,125033,54505,45232,79716,1998
09,194,143029,76973,44812,97899,2005
09,194,176376,91132,39882,136099,2013
09,195,71741,35899,19465,52079,1990
09,195,70693,32585,21585,48666,1998
09,195,117964,67102,30824,86900,2005
09,195,154460,80368,29510,123687,2013
09,196,35695,14213,12377,23295,1990
09,196,33372,14873,9420,23909,1998
09,196,49179,25611,10282,38842,2005
09,196,67326,35006,11564,55441,2013
09,197,69666,27352,21423,48209,1990
09,197,209844,75309,31327,178486,1998
09,197,254498,110843,39515,214592,2005
09,197,311672,137255,40409,270593,2013
09,198,72625,22411,58748,13846,1990
09,198,56161,15571,37877,18271,1998
09,198,58992,23147,34333,24594,2005
09,198,113348,41929,59473,53764,2013
09,199,82290,33413,45781,35834,1990
09,199,67401,30557,32537,34575,1998
09,199,69865,37091,23313,46129,2005
09,199,119527,54051,38124,80592,2013
09,200,28563,12158,12400,15567,1990
09,200,39723,15987,16502,23202,1998
09,200,49102,23299,19526,29321,2005
09,200,70346,29164,8093,61989,2013
09,201,33094,16571,9387,23693,1990
09,201,39362,21527,10961,28401,1998
09,201,56745,31953,14073,42506,2005
09,201,78772,38162,17367,61375,2013
09,202,30052,14249,9656,20392,1990
09,202,31302,17069,8226,23073,1998
09,202,47138,26171,13544,33505,2005
09,202,64834,33036,14137,50245,2013
10,203,54918,26257,19504,35298,1990
10,203,73659,37926,16428,57132,1998
10,203,90546,51306,21963,68178,2005
10,203,106895,61012,19786,85705,2013
10,204,69917.5017263311,28695.717063419954,17216.710158095586,52273.79156823551,1990
10,204,52291.17665433621,28077.216933826552,12321.458528565558,39860.718125770654,1998
10,204,83654.69115555976,48289.72414446867,17112.3730685373,65609.95724713244,2005
10,204,121427,62631,19729,99628,2013
10,205,6234,3181,1807,4333,1990
10,205,4792,2777,1009,3783,1998
10,205,9688,6632,784,8903,2005
10,205,14839,8768,2231,12441,2013
10,206,56514,26393,16142,39635,1990
10,206,34510,18978,6627,27872,1998
10,206,47400,24822,12661,34558,2005
10,206,72994,39179,14683,56756,2013
10,207,66080,28089,16966,48587,1990
10,207,54052,27769,12090,41354,1998
10,207,71949,40676,17433,53692,2005
10,207,99315,54180,15424,81862,2013
10,208,27490,14301,7517,19303,1990
10,208,26840,15891,6657,20141,1998
10,208,31438,21199,9319,22073,2005
10,208,55505,31468,10660,44420,2013
10,209,28761,15071,8317,19970,1990
10,209,31078,16658,7609,23467,1998
10,209,46501,27831,10893,34856,2005
10,209,77345,41554,16825,57469,2013
10,210,25159,13299,6518,18476,1990
10,210,23435,12329,5973,17380,1998
10,210,26844,14736,6437,20231,2005
10,210,42744,25688,10610,32035,2013
10,211,40302,19366,10010,29212,1990
10,211,43546.720197652874,21468.208153180974,10257.248919085856,33280.47127856701,1998
10,211,53763,33327,10969,42038,2005
10,211,103164,51883,21675,80948,2013
10,212,38228.04457982384,22615.77510313864,11334.099684211074,26006.30784998205,1990
10,212,45537.18404061586,23922.033993708956,10912.658572926439,34486.525467689426,1998
10,212,52390.91107677936,31815.169457119246,13327.44783171056,38801.37522006252,2005
10,212,96006,48295,17184,78420,2013
10,213,20012.646007151372,10274.116805721096,4580,15355.64600715137,1990
10,213,22841.24462365591,10590.34677419355,4850,17991.24462365591,1998
10,213,23692.54515050167,13960.602006688963,6129.943143812709,17427.60200668896,2005
10,213,61759,32963,15518,45613,2013
10,214,22917,10536,6136,16293,1990
10,214,23247,11554,4906,18094,1998
10,214,34636,19918,5989,28545,2005
10,214,42779,22996,7445,34989,2013
10,215,62212.01151813008,29794.806437992942,14264.302156693857,47719.932140987316,1990
10,215,56539.363178863496,29239.44063220801,9210.307637869573,47147.05554099392,1998
10,215,77768.537677293265,44649.584110298194,16399.612662106127,60943.61828794802,2005
10,215,147215,72544,31565,114955,2013
10,216,94472.60115783059,40594.0400670323,19396.16118220597,74484.43997562461,1990
10,216,90523.8823733407,41617.19736914297,16073.445006557991,73929.43736678272,1998
10,216,87954,42773,21159,66500,2005
10,216,133735,65634,23947,108876,2013
10,217,48050,20091,16603,31275,1990
10,217,32596,15162,7985,24607,1998
10,217,50198,29661,13324,36641,2005
10,217,64752,34293,12783,51827,2013
10,218,54060,27643,12430,41626,1990
10,218,56976,33653,9624,47019,1998
10,218,69497,41191,14090,55376,2005
10,218,81192,44719,11379,69792,2013
10,219,63510,32632,14952,48324,1990
10,219,68476,34298,8347,60118,1998
10,219,75241,48881,15894,59189,2005
10,219,101858,52195,37098,63137,2013
10,220,67094,28683,19278,47774,1990
10,220,63953,26097,17481,45908,1998
10,220,82421,43911,15781,66493,2005
10,220,111723,55092,13970,97145,2013
10,221,85850.04294478528,39312.02147239263,20519,64625.04294478527,1990
10,221,72653.30939226519,36448.85635359116,16724,55415.3093922652,1998
10,221,108490.55419222904,58898.27198364008,19470.24335378323,88230.3108384458,2005
10,221,135205,72367,27712,105900,2013
10,222,45560.03391432416,21954.88926340978,11977.450984916513,33311.58292940765,1990
10,222,36192.6819121118,17649.42566538822,7762.946159136265,28400.735752975543,1998
10,222,46580.01922666127,27234.736493271612,8616.96385926553,37752.99364934911,2005
10,222,98740,52256,19188,79120,2013
10,223,17144,9524,4045,13068,1990
10,223,20722,9946,3928,16734,1998
10,223,32882,16529,6953,25801,2005
10,223,53148,28635,9403,43171,2013
10,224,31331,13292,10238,20807,1990
10,224,67863,29269,12780,54959,1998
10,224,69958,35948,13016,56812,2005
10,224,98738,52708,13972,84033,2013
10,225,24274,11173,6520,17754,1990
10,225,23444,10669,4722,18711,1998
10,225,27812,19847,6870,20927,2005
10,225,56801,32578,9445,46833,2013
10,226,32685,12807,10105,22300,1990
10,226,28512,14054,7640,20662,1998
10,226,41060,19676,9631,31253,2005
10,226,56132,24965,17401,38473,2013
10,227,12515,6406,2874,9563,1990
10,227,14807,7037,1835,12955,1998
10,227,24743,12537,6300,18386,2005
10,227,36711,18383,9930,26074,2013
10,228,11592,5211,2396,9132,1990
10,228,10623,5763,1671,8952,1998
10,228,17893,9191,3533,14144,2005
10,228,23795,11250,3078,20597,2013
10,229,59641,26619,14945,44638,1990
10,229,68248,37454,17485,50686,1998
10,229,74627,42932,14982,59545,2005
10,229,104967,55303,13378,91386,2013
10,230,82748.13294797688,32937.53179190752,24735.059248554913,57486.134874759155,1990
10,230,296359.0483225449,114449.70034738583,32750.736218830458,263605.31210371444,1998
10,230,205077.28195293044,95534.24319929632,27251.848222626315,177378.43373030412,2005
10,230,278468,138969,39156,237685,2013
10,231,50477,23335,11641,38796,1990
10,231,45204,24815,5400,39794,1998
10,231,50316,27807,10505,39740,2005
10,231,76802,39613,12689,62965,2013
10,232,33627,15507,8515,25007,1990
10,232,17982,8413,2956,15016,1998
10,232,25736,15302,4582,21144,2005
10,232,56064,30865,10412,45599,2013
10,233,17941.042944785277,8828.021472392638,5295,12511.042944785277,1990
10,233,19025,10333,3785,15212,1998
10,233,40438.554192229036,22189.271983640083,8168.243353783231,32229.310838445806,2005
10,233,41732,21987,7669,33977,2013
10,234,71379.5,30431.5,17655,53335.5,1990
10,234,49430,25413,9935,39457,1998
10,234,73456,44024,20615,51056,2005
10,234,98282,50476,19223,78908,2013
10,235,38303,19190,9388,28729,1990
10,235,26406,13893,5472,20856,1998
10,235,48439,29754,9934,38296,2005
10,235,65111,34509,11949,53042,2013
10,236,79438.64600715137,35416.116805721096,21040,58219.64600715137,1990
10,236,86610.24462365592,36216.346774193546,15972,70556.24462365592,1998
10,236,75399.54515050168,47822.60200668896,19182.943143812707,55624.60200668896,2005
10,236,116450,58962,24143,91579,2013
10,237,29671,14910,6956,22582,1990
10,237,27240.256690187725,16063.301557715351,5401.644787644787,21783.611902542936,1998
10,237,36058,23667,5968,29964,2005
10,237,84814,48186,28680,56055,2013
10,238,9864,5570,2286,7575,1990
10,238,25150,13416,12158,12967,1998
10,238,22366,13519,5430,16902,2005
10,238,50577,27301,7955,42222,2013
10,239,13330,6176,3354,9963,1990
10,239,15562,7141,4430,11127,1998
10,239,24556,12740,3570,20693,2005
10,239,28320,14921,3850,24222,2013
10,240,8193.75705604738,4379.46994046701,2225.2080878497177,5965.548968197661,1990
10,240,7667.555070883315,4467.249475715124,1996.0869054609511,5665.931717137824,1998
10,240,10205.70176796382,6310.7784603477885,2048.1497327496554,8148.510266766633,2005
10,240,20233,10358,1562,18624,2013
11,241,2226,598,231,1995,1990
11,241,2410,835,208,2185,1998
11,241,493,198,19,474,2005
11,241,3909,1715,141,3768,2013
11,242,3463,1087,315,3072,1990
11,242,2960,1081,179,2771,1998
11,242,729,373,85,644,2005
11,242,12161,5121,1001,11118,2013
11,243,5485.839729119639,1530.8487584650113,1231.6997742663657,4242.139954853274,1990
11,243,5021.098252427184,1639.8718446601943,769.0636893203883,4248.034563106796,1998
11,243,2351.432621359223,887.545631067961,240.0893203883495,2111.3433009708738,2005
11,243,18316,8562,2527,15703,2013
11,244,7023.549033054091,2194.6620378500647,919.3247612522484,6089.224271801842,1990
11,244,17681.366307541626,6117.499706170422,1085,16563.366307541626,1998
11,244,15668.429897528633,5044.646323086196,1130.2830620855937,14525.685593731165,2005
11,244,50266,17556,7524,42723,2013
12,245,258,112,16,242,1998
12,245,1031.0987066031314,515.3085432266848,95,936.0987066031314,2005
12,245,3034,1340,366,2668,2013
12,246,898,191,122,776,1990
12,246,2588,837,199,2383,1998
12,246,8235.204527674297,2384.0659090548643,1517.4809043952632,6379.6370801203475,2005
12,246,6416,2624,545,5854,2013
12,247,2760,987,183,2577,1998
12,247,1080,568,196,879,2005
12,247,5110,2034,334,4738,2013
12,248,5663.828947401976,1902.8289474019757,418,5244.828947401976,1998
12,248,17282.99449087207,5108.291610727299,3111.446581740285,14155.547909131785,2005
12,248,21588,6743,1390,20063,2013
12,249,2378,962,146,2232,1998
12,249,1576,531,215,1361,2005
12,249,3667,1503,113,3548,2013
12,250,1585,499,178,1407,1990
12,250,3831,1429,533,3298,1998
12,250,7079.383346359541,2622.791447370637,559.0065928468364,6439.3767535127045,2005
12,250,10050,4149,673,9246,2013
12,251,2584,621,282,2302,1990
12,251,6020,1665,737,5265,1998
12,251,6113,1927,941,5101,2005
12,251,17639,5744,2104,15144,2013
12,252,1585,487,307,1278,1998
12,252,2449,575,301,2137,2005
12,252,2129,784,219,1903,2013
12,253,175,85,41,134,1998
12,253,4274.7832764944515,1886.2423532764897,572.2201587752244,3479.379068639474,2005
12,253,9348,2108,2329,6717,2013
12,254,768,225,98,670,1990
12,254,3052,915,773,2279,1998
12,254,2482,976,305,2173,2005
12,254,1860,756,166,1694,2013
12,255,1477,436,247,1225,1990
12,255,1819,688,116,1703,1998
12,255,5520.3396107972385,1812.9510357815443,1112.0929064657878,4296.24670433145,2005
12,255,6352,2376,282,6045,2013
12,256,114.82894740197563,65.82894740197563,3,111.82894740197563,1998
12,256,2352.309849505016,622.625464772847,103,2249.309849505016,2005
12,256,1865,687,70,1793,2013
12,257,600.3497900603385,230.91935441153925,41.23957574515693,559.1102143151815,2005
12,257,743,249,26,717,2013
12,258,1438,340,316,1051,1990
12,258,1622,611,218,1404,1998
12,258,4332.950519986406,1539.4223372113152,771.1662996755182,3552.7842203108876,2005
12,258,6006,984,270,5674,2013
12,259,4252,775,508,3732,1990
12,259,5771,2056,1091,4680,1998
12,259,7112,2669,1374,5509,2005
12,259,11142,3697,2199,8896,2013
12,260,669,233,117,552,1998
12,260,684,246,86,598,2005
12,260,1428,378,442,986,2013
13,261,8627,1728,2055,6557,1998
13,261,10789,2187,943,9809,2005
13,261,17835,7423,2885,14216,2013
13,262,1619.4600179358793,520.5023914505642,32.196024213436964,1587.2639937224424,1990
13,262,9155,2015,1668,7484,1998
13,262,10042,2695,1147,8771,2005
13,262,15908,5419,2540,13266,2013
13,263,1369,458,63,1306,1990
13,263,7003,2011,505,6492,1998
13,263,8212,2515,707,7493,2005
13,263,8349,2869,774,7561,2013
13,264,5249,1904,656,4591,1998
13,264,8328,2582,756,6921,2005
13,264,12612,4316,1114,11073,2013
13,265,96,53,7,89,1990
13,265,26862,8241,2131,24561,1998
13,265,24250,8190,2854,21254,2005
13,265,41551,15149,4232,36914,2013
13,266,692,283,24,668,1990
13,266,7374,1927,556,6818,1998
13,266,8334,2740,946,7324,2005
13,266,13845,3249,941,12864,2013
13,267,1518,471,73,1430,1990
13,267,5587,1846,282,5305,1998
13,267,7818,2424,519,7254,2005
13,267,8722,3358,1042,7511,2013
13,268,1186,214,64,1122,1998
13,268,2020,484,146,1874,2005
13,268,5775,3447,925,4573,2013
13,269,1102,284,30,1072,1998
13,269,3380,755,202,3174,2005
13,269,3347,901,183,3159,2013
13,270,16143,5607,793,15344,1998
13,270,26504,6491,1220,25130,2005
13,270,25353,10574,1993,22533,2013
13,271,2362,759,226,2136,1998
13,271,3624,1331,341,3275,2005
13,271,6472,3144,821,5346,2013
14,272,7656,3794,687,6821,1998
14,272,6185,2669,546,5457,2005
14,272,21091,8502,2412,18652,2013
14,273,2995,1241,215,2750,1998
14,273,5510,2110,514,4956,2005
14,273,9760,3285,1424,8282,2013
14,274,3602,1697,319,3258,1998
14,274,11647,5208,1090,10393,2005
14,274,36154,20205,4549,26236,2013
14,275,19713,10564,2548,13328,1998
14,275,26235,14416,3761,18246,2005
14,275,46208,30679,6164,30854,2013
14,276,1907,701,609,1291,1990
14,276,24010,11333,4806,18772,1998
14,276,30856,15700,5890,23685,2005
14,276,71655,43383,10881,55294,2013
14,277,1729,889,319,852,1990
14,277,85972.52677090927,34628.12585173402,13437.2260230488,69758.62793591249,1998
14,277,91169.76702103742,42556.51885016862,12621.103703227878,76729.16929500562,2005
14,277,97394,50178,16770,77828,2013
14,278,813,365,121,680,1990
14,278,85637.52677090927,37222.12585173402,13070.2260230488,72417.62793591249,1998
14,278,95554.76702103742,46850.51885016862,12186.103703227878,82875.16929500562,2005
14,278,72837,43563,10341,60193,2013
14,279,5649,2068,610,5039,1998
14,279,8069,3215,953,7093,2005
14,279,15454,6905,1459,13704,2013
14,280,1815,763,124,1632,1990
14,280,4974,2407,518,4453,1998
14,280,5777,3241,657,5058,2005
14,280,15363,8417,2139,11754,2013
15,281,2497,1227,231,2197,1990
15,281,1981,923,218,1750,1998
15,281,3266,1804,312,2932,2005
15,281,5893,2772,516,5370,2013
15,282,2692,1102,292,2191,1990
15,282,2771,1204,400,2365,1998
15,282,3844,2259,452,3341,2005
15,282,7582,3529,886,6665,2013
15,283,21404,8171,2251,18611,1990
15,283,1398,771,235,1147,1998
15,283,2030,1105,193,1837,2005
15,283,48019,20384,5716,41901,2013
15,284,3798,1834,355,3440,1990
15,284,4061,1999,371,3644,1998
15,284,6297,3480,753,5504,2005
15,284,9373,4550,815,8516,2013
15,285,1966,945,201,1750,1990
15,285,2323,1211,305,2001,1998
15,285,2890,1653,291,2584,2005
15,285,6393,2805,721,5588,2013
15,286,7045,3093,652,6287,1990
15,286,6643,2649,472,6117,1998
15,286,10186,5210,1174,8995,2005
15,286,12737,6123,1003,11693,2013
15,287,2239,1037,81,2157,1990
15,287,2274,970,121,2106,1998
15,287,4417,2078,349,4023,2005
15,287,6969,3391,433,6518,2013
15,288,1534,587,95,1434,1990
15,288,2078,756,207,1833,1998
15,288,3242,1345,260,2972,2005
15,288,4084,1933,204,3878,2013
16,289,41422.949675888776,13183.994781907872,6661.601755915439,34607.29025885855,1990
16,289,111866.5096425023,48542.03114779812,21588.917567019853,89281.81360057714,1998
16,289,158224.69285824432,87603.37908960768,30471.326085652196,124764.75559771778,2005
16,289,198430,108481,35451,159481,2013
16,290,40444.62523228944,19641.755411142847,7231.590589494785,33032.034642794664,1998
16,290,73210,44462,14580,53876,2005
16,290,87074,54666,16866,68694,2013
16,291,14531.302379497396,6678.787295590995,4220.057341661144,10023.836874570945,1998
16,291,27378.127552012444,15142.543068248104,5438.5189578067275,20882.14310713591,2005
16,291,31119,18834,5400,24646,2013
16,292,34631,16437,8876,25400,1998
16,292,60501,31484,16152,42638,2005
16,292,65619,39534,11331,53201,2013
17,293,23364,9392,1664,20549,1998
17,293,37294,15603,3436,32833,2005
17,293,47870,19287,4115,41593,2013
17,294,8928,3703,421,7996,1998
17,294,10865,4664,784,9717,2005
17,294,24794,9009,1523,22750,2013
17,295,5860,2575,308,4984,1998
17,295,6779,2857,366,5301,2005
17,295,14225,5108,700,12498,2013
17,296,10515,4079,488,9940,1998
17,296,10751,4866,927,9370,2005
17,296,26047,10488,2360,22135,2013
17,297,5920,2263,1188,4711,1998
17,297,9871,3157,3740,5964,2005
17,297,29837,10705,6370,22190,2013
17,298,28580,7873,2645,25900,1990
17,298,54069,17381,4325,48743,1998
17,298,53822,19950,4858.999999999999,48013,2005
17,298,93965,33030,11789,81091,2013
17,299,17509,6645,1256,14411,1998
17,299,10813,3867,1160,7033,2005
17,299,40710,12159,7482,26719,2013
18,300,18229,7405,3045,14923,1990
18,300,27714,9000,3872,23703,1998
18,300,42495,19218,6706,35063,2005
18,300,75660,44372,7008,65667,2013
18,301,43372,20552,8177,34198,1990
18,301,56944,21874,13003,43393,1998
18,301,98682,51851,14877,79323,2005
18,301,162263,88645,26657,129084,2013
18,302,31531,14659,5276,25615,1990
18,302,38913,13310,6964,31067,1998
18,302,57347,27994,9600,46605,2005
18,302,95695,49810,12852,79078,2013
18,303,38378,17283,4997,32879,1990
18,303,62806,21745,9607,50962,1998
18,303,94130,47865,15876,71321,2005
18,303,240808,133062,33182,190267,2013
18,304,19042,9393,1906,16816,1990
18,304,30838,11246,5957,24242,1998
18,304,34379,15946,6221,27175,2005
18,304,77611,41243,11164,62085,2013
18,305,55082.83002678093,22194.608034279594,12024.63746116765,42799.04701660418,1990
18,305,127906,42856,22292,104704,1998
18,305,138675,68474,23055,113458,2005
18,305,332392,172508,50627,269054,2013
18,306,50720,18886,15013,35083,1990
18,306,76752,25278,15459,60978,1998
18,306,79601,38201,16876,61593,2005
18,306,173676,84775,32513,137603,2013
18,307,31331,14960,3903,27335,1990
18,307,49657,19250,6253,42915,1998
18,307,56588,26216,5781,50204,2005
18,307,104526,51541,13123,87256,2013
18,308,8128,4102,539,7587,1990
18,308,16273,8092,1673,14363,1998
18,308,25672,11732,2874,22608,2005
18,308,52164,26569,5018,45494,2013
18,309,40578,11026,17997,21521,1990
18,309,119317,27282,46744,68759,1998
18,309,76088,30553,18688,56993,2005
18,309,147915,59981,37019,107712,2013
18,310,65367,19766,19754,44035,1990
18,310,89961,20887,26339,61508,1998
18,310,91629,34640,27616,63349,2005
18,310,147384,65096,32766,111774,2013
18,311,21856,9125,3279,18397,1990
18,311,81889,22054,20331,61295,1998
18,311,83878,32990,19047,64200,2005
18,311,149155,61947,27676,117234,2013
18,312,46274,18029,11096,34834,1990
18,312,76344,23376,14188,61036,1998
18,312,68430,27450,14119,53747,2005
18,312,149113,80678,22351,125033,2013
18,313,49918,18812,13104,36580,1990
18,313,62412,18702,18028,43538,1998
18,313,54225,25414,10142,43789,2005
18,313,119637,58841,23900,93506,2013
18,314,17062,5981,3869,12749,1990
18,314,30610,10962,7156,22024,1998
18,314,32744,14872,7308,24271,2005
18,314,84922,47442,13743,67478,2013
18,315,8991,3420,755,8207,1990
18,315,15549,4864,2217,12886,1998
18,315,13030,6045,1282,11450,2005
18,315,67048,39580,3270,61654,2013
18,316,83166,25636,34083,48324,1990
18,316,67676.57737594617,19152.52721920636,16104.802049086322,50917.68116828504,1998
18,316,110654.62145423962,62072.840813517854,19821.910046639652,88567.52309045034,2005
18,316,194351,130679,28321,161849,2013
18,317,38213,18634,5689,31623,1990
18,317,57244,19432,17829,38760,1998
18,317,65425,39291,11449,52267,2005
18,317,183429,83151,15771,161869,2013
18,318,21362,8629,5367,15884,1990
18,318,38690,9556,6916,31347,1998
18,318,29163,13139,4849,24145,2005
18,318,63783,40176,8481,54294,2013
18,319,3276,1427,586,2689,1990
18,319,27416,10012,3958,23215,1998
18,319,40304,18486,9170,30586,2005
18,319,81083,42418,12154,66817,2013
18,320,11059,4371,2362,8617,1990
18,320,15033,5750,2085,12890,1998
18,320,16851,8697,2630,14146,2005
18,320,30810,15167,3331,27073,2013
18,321,46130,17741,7170,38368,1990
18,321,117096,24642,28054,82817,1998
18,321,60278,29306,9297,48980,2005
18,321,173259,84521,26816,141150,2013
18,322,109001,29714,16497,92008,1990
18,322,156626,47905,24313,129563,1998
18,322,217703,89203,32404,184670,2005
18,322,439938,198395,52458,386017,2013
18,323,21557,9640,2990,18479,1990
18,323,42564,15011,7120,35268,1998
18,323,51366,25284,5937,43959,2005
18,323,97885,53630,11694,83399,2013
18,324,9760,4758,823,8878,1990
18,324,36367,9836,6314,29455,1998
18,324,32774,16494,6570,25475,2005
18,324,78403,41850,10770,65318,2013
18,325,15593,6999,2233,13294,1990
18,325,37268,13079,6287,29941,1998
18,325,39292,20175,5242,33647,2005
18,325,79043,42449,11650,65482,2013
18,326,78793,8145,4970,73795,1990
18,326,40329,10648,11811,27538,1998
18,326,30561,15666,4322,26000,2005
18,326,63915,34051,11489,51525,2013
19,327,57616,17179,18283,39037,1990
19,327,209620.44900598028,62133.60998868596,43736.53903345725,165318.82948117022,1998
19,327,190423,66358,29200,159924,2005
19,327,235433,106908,44514,190159,2013
19,328,125552,63561,37876,84604,1990
19,328,340391.4490059803,134106.60998868596,82785.53903345726,256647.82948117022,1998
19,328,386211,168584,79104,304034,2005
19,328,465383,271599,85961,370718,2013
19,329,99718,60081,22731,72194,1990
19,329,160995,91086,38612,115390,1998
19,329,218369,106588,55015,152273,2005
19,329,233326,124713,49569,180527,2013
19,330,90349.8492410839,50560.22106341373,23700.98035198808,64928.80324052519,1990
19,330,120405.50796163516,62613.27144054382,34996.09414284384,84558.39631250582,1998
19,330,147623.38559176674,78261.4449399657,38262.48164665523,107405.00308747856,2005
19,330,227485,140293,43113,180811,2013
19,331,66689,37604,18045,46172,1990
19,331,88565,49535,27963,58892,1998
19,331,166087,77027,42267,119997,2005
19,331,166061,103837,34031,128748,2013
19,332,158959,87356,48126,104830,1990
19,332,220966,110753,83648,128254,1998
19,332,336754,168936,137172,192506,2005
19,332,456894,273623,200497,243345,2013
19,333,349687,192000,155669,183677,1990
19,333,504560,236969,276879,219943,1998
19,333,753822,378077,393721,350590,2005
19,333,891621,475024,445698,435633,2013
19,334,136530,66345,40149,93275,1990
19,334,184274,88661,43975,133736,1998
19,334,236722.40755218008,118341.21624035823,49349.22770427114,177482.57164077656,2005
19,334,276193,172067,84501,184301,2013
19,335,249128.93717914444,120375.24837694241,57409.53357897806,184163.40360016638,1990
19,335,679390.7257947453,219221.76876179417,183254.82203512845,378283.9037596168,1998
19,335,724934.7285338315,283895.3036851439,222585.31034983307,469022.55828131805,2005
19,335,1037921,407424,269759,745387,2013
19,336,224695.92223113045,120656.9622036422,46392.83793379911,174240.08429733134,1990
19,336,413911,185193,72919,337779,1998
19,336,459013,249782,88540,367285,2005
19,336,507031,303516,94931,408164,2013
19,337,277321,142543,84924,180132,1990
19,337,760337,308952,237192,501380,1998
19,337,1051646,445390,261937,775547,2005
19,337,1400522,538535,337757,1048377,2013
19,338,252664.50759955408,113206.89148771185,74331.06335135762,173099.4823191813,1990
19,338,518945.0718767927,179933.0826530162,162842.66776399984,352483.29611226334,1998
19,338,496548.9061325168,212347.20532975713,153742.91132842298,339409.13079985743,2005
19,338,611179,301888,176842,428938,2013
19,339,183204,89809,60987,115008,1990
19,339,230468,113230,82050,137939,1998
19,339,258114,128920,75163,176389,2005
19,339,244979,135860,62099,176750,2013
19,340,115716.59898477157,52982.89795203921,44732.14020654647,63778.458778225104,1990
19,340,195874,71705,77594.5,112104,1998
19,340,208165.5,88971,78037,126001.5,2005
19,340,235333,113863,86221,139766,2013
19,341,309397.0644788965,105797.02557670961,133703.187385776,171419.46331311454,1990
19,341,613368,157780,310906,299815,1998
19,341,531098,199778,252198,276429,2005
19,341,697004,312132,342519,349612,2013
19,342,1256044,310136,273893,981799,1998
19,342,1281951,356209,304417,975153,2005
19,342,1422183,542535,394324,1026387,2013
19,343,296907.6863866116,153742.22662800865,90719.49954671845,175057.15862905426,1990
19,343,565260,236364,190322,336137,1998
19,343,763056,382108,252527,466758,2005
19,343,938158,483102,286704,621564,2013
19,344,303721.73986486485,154735.83445945947,127978,168087.73986486485,1990
19,344,341678,176502,146498,186560,1998
19,344,399245.57102709654,208296.2668604349,128404,242476.57102709654,2005
19,344,504453,276997,177260,320391,2013
19,345,344236,179059,99655,224088,1990
19,345,416349,207476,133706,261455,1998
19,345,468526.6828235408,233072.0072355048,130734.77069015584,318928.814853354,2005
19,345,514084,272624,126327,367035,2013
20,346,14426,7280,6660,7748,1990
20,346,11973,6278,2958,9015,1998
20,346,18131,11124,5845,12034,2005
20,346,20892,11040,2000,18878,2013
20,347,12899,7233,4961,7671,1990
20,347,9219,5555,2149,7070,1998
20,347,15862,9377,3578,12172,2005
20,347,24276,12623,3774,20197,2013
20,348,22265,8566,6158,15019,1990
20,348,16569,6760,5299,11212,1998
20,348,21900,11418,4528,16425,2005
20,348,30944,11358,8245,22294,2013
20,349,53459,20464,20872,32113,1990
20,349,37154,22879,9735,27296,1998
20,349,46334,25577,9306,36803,2005
20,349,78943,32537,13203,65323,2013
20,350,36579,15927,15772,20712,1990
20,350,33725,15343,13277,20046,1998
20,350,43130,22684,15439,27478,2005
20,350,53209,26365,8046,44967,2013
20,351,16051,8203,5785,9906,1990
20,351,21879,11315,5423,16372,1998
20,351,27505,14368,5968,21355,2005
20,351,57540,26455,6293,48729,2013
20,352,28820,10731,7636,18383,1990
20,352,14948,8088,2910,10880,1998
20,352,28145,15172,6393,18761,2005
20,352,28972,15166,4175,22593,2013
20,353,11931,5330,3568,7541,1990
20,353,20355,6567,3856,8173,1998
20,353,20137,11519,5600,12724,2005
20,353,25568,13551,3408,20869,2013
20,354,60592,18155,18702,40857,1990
20,354,86782,18998,33058,48163,1998
20,354,88912,35675,19907,59206,2005
20,354,194146,88736,99858,90512,2013
20,355,56299,18000,15856,40246,1990
20,355,45735.45816011801,21841.50388896339,8272.366434222879,36854.09172589513,1998
20,355,74037.44106208932,31374.24440123374,19841.473313665014,46978.50911894864,2005
20,355,90906,44458,25153,65516,2013
20,356,11415,5479,3556,7744,1990
20,356,8827,5073,2466,5969,1998
20,356,14562,7694,3600,10440,2005
20,356,20442,9517,2885,16970,2013
20,357,139413,24265,94343,44798,1990
20,357,152070,29151,63768,86212,1998
20,357,113780,43769,35971,76802,2005
20,357,179467,72273,27862,150517,2013
20,358,28137,14297,8849,19087,1990
20,358,14570,8471,2423,12134,1998
20,358,26858,15884,6454,19865,2005
20,358,53975,22936,6569,46071,2013
20,359,14814,7032,5090,9282,1990
20,359,9194,4593,2285,6585,1998
20,359,15124,7761,3776,11031,2005
20,359,19410,10856,1987,17253,2013
20,360,33118,15221,7781,24492,1990
20,360,33611,17781,7207,26404,1998
20,360,45312,23510,10946,33801,2005
20,360,65542,31259,12312,51276,2013
20,361,34271,9249,9443,21961,1990
20,361,30172,11130,9557,20596,1998
20,361,30495,14299,7388,22265,2005
20,361,42478,19821,7722,33586,2013
20,362,29970,13801,12817,16956,1990
20,362,33815,16520,9747,23274,1998
20,362,36808,18896,12586,21624,2005
20,362,31338,16335,6313,23734,2013
20,363,14127,7207,6396,7578,1990
20,363,19588,11243,5849,13539,1998
20,363,21955,13328,8284,13443,2005
20,363,28906,15377,4405,24371,2013
20,364,120888,36259,45610,73826,1990
20,364,115521,43834,33872,79777,1998
20,364,114784,47145,31668,81030,2005
20,364,169319,60282,25716,142735,2013
20,365,12310,5632,4943,7087,1990
20,365,11221,5699,3829,6076,1998
20,365,10858,5865,3354,7323,2005
20,365,15055,6734,2409,12596,2013
20,366,17617,8802,8129,9267,1990
20,366,20568,10999,7886,12415,1998
20,366,22126,10362,8500,12292,2005
20,366,29603,14658,5458,23362,2013
20,367,16898,7984,7958,8763,1990
20,367,10468,5552,3305,7107,1998
20,367,12686,6493,4966,7396,2005
20,367,18379,7940,2158,16102,2013
20,368,24523,8993,10236,14255,1990
20,368,42406,14580,10876,30086,1998
20,368,43603,16822,10824,25556,2005
20,368,38426,16214,5509,32488,2013
20,369,18373,8126,7964,10220,1990
20,369,25387,6661,10835,13450,1998
20,369,37433,10582,19808,15500,2005
20,369,68705,19374,19354,49050,2013
21,370,36783,16340,12027,24159,1990
21,370,62673,31571,11437,49725,1998
21,370,141299,63709,28750,108757,2005
21,370,142633,73145,19053,91392,2013
21,371,25109,8381,5591,17143,1990
21,371,58507,21883,19813,30569,1998
21,371,58205,27805,21692,31258,2005
21,371,72608,33378,24861,42475,2013
21,372,38154,14577,12536,25337,1990
21,372,89019,41380,32158,44836,1998
21,372,126224,69799,49177,58922,2005
21,372,165163,82958,69107,85743,2013
21,373,1505,777,614,891,1990
21,373,24890,12771,2663,7625,1998
21,373,40806,25123,7225,12155,2005
21,373,24058,9174,4387,15368,2013
21,374,8488,4282,2949,5442,1990
21,374,105980,32977,49295,51973,1998
21,374,169597,62295,54750,107557,2005
21,374,173779,72821,42279,119068,2013
21,375,28727,8213,5194,23066,1990
21,375,62740,33214,14219,47660,1998
21,375,136451,69196,46990,74886,2005
21,375,187185,84736,40446,118097,2013
21,376,68392.80335652886,29988.675480966027,40318.64089234547,26051.16246418338,1990
21,376,151658.32947976878,69065.1936416185,90359.47302504817,57276.48554913295,1998
21,376,326095.2193784278,155159.84643510054,212170.51736745887,102940.63619744059,2005
21,376,282321,130176,135480,111138,2013
21,377,35872,18492,9679,24173,1990
21,377,74922,37994,22744,50275,1998
21,377,168227,94060,41631,111682,2005
21,377,192251,102248,30417,156282,2013
21,378,18082,9042,3710,14184,1990
21,378,40452.69886975242,23433.3471474704,4777.7785252960175,33765.09284176534,1998
21,378,80903,51609,9391,69315,2005
21,378,99254,56227,12284,80920,2013
21,379,18136,10260,3990,13190,1990
21,379,41810,22970,6402,33541,1998
21,379,78948,47893,11104,64262,2005
21,379,133626,59777,20849,99590,2013
21,380,29351.98977216032,12913.528521536671,5321.2894561782805,22733.34641609845,1990
21,380,48197,27008,6422,40605,1998
21,380,87830,46971,13299,66030,2005
21,380,87649,46591,13106,70283,2013
21,381,27467,14215,7031,19786,1990
21,381,154707,64484,25245,128739,1998
21,381,234544,127833,39612,188926,2005
21,381,251339,129326,43354,203922,2013
21,382,26461.043426752065,13089.203990966644,6245.440450186961,19378.338787901226,1990
21,382,45359.903655528775,25368.522924423018,5999.4829615865365,39166.42069394224,1998
21,382,107124.70441408303,59943.731285530026,18074,85190.70441408303,2005
21,382,279721,111198,49424,219290,2013
21,383,6601,2340,1564,5009,1990
21,383,39649,22828,8587,30442,1998
21,383,72324,38721,14136,55838,2005
21,383,82697,45070,13435,66442,2013
21,384,13814,6718,6319,7159,1990
21,384,60855,29631,22233,36161,1998
21,384,92310,50492,24895,65502,2005
21,384,96911,49324,20118,71986,2013
21,385,24914,13950,7669,16191,1990
21,385,34615,19820,9088,24724,1998
21,385,69921,42974,18470,48172,2005
21,385,99497,49465,22433,70006,2013
21,386,17468.367781821693,9430.803936017239,4480.332690557077,12952.035091264614,1990
21,386,130012.54545454546,56055.005010737295,18130.521116678596,110444.3299928418,1998
21,386,197576,91900,26748,164518,2005
21,386,266060,113678,34708,230122,2013
21,387,30610,13969,3324,24583,1990
21,387,65278,37022,7272,55685,1998
21,387,126239,71570,18439,102021,2005
21,387,205365,83782,26528,162386,2013
21,388,5015,2895,1325,3642,1990
21,388,150848,88970,28593,114344,1998
21,388,269474,147256,59979,189723,2005
21,388,321538,161469,52048,251051,2013
21,389,4550.995655361556,2494.9956553615552,1422,2853.9956553615552,1990
21,389,18144,10807,2739,14708,1998
21,389,42431,22837,6317,29994,2005
21,389,50691,24690,7844,32937,2013
21,390,8431,3791,2608,5677,1990
21,390,30096,19154,9127,17038,1998
21,390,58940,33744,16078,28844,2005
21,390,87309,49098,10522,32088,2013
21,391,5851,2329,1316,3906,1990
21,391,13142,7611,2524,9738,1998
21,391,27058,14397,4526,20359,2005
21,391,53261,31776,5084,24954,2013
21,392,3714,2109,922,2351,1990
21,392,34089,18027,6238,26405,1998
21,392,64261,29701,10517,46457,2005
21,392,76938,36453,6693,47148,2013
21,393,41992,20556,12167,28903,1990
21,393,117523,59002,25149,55358,1998
21,393,167042,81724,39362,94746,2005
21,393,181994,86614,24988,67433,2013
21,394,10789,6129,3659,6723,1990
21,394,24932,13691,6568,18232,1998
21,394,34607,17986,8185,24186,2005
21,394,39956,20221,8959,29790,2013
21,395,20454,10897,6292,13512,1990
21,395,47523,25185,11043,35799,1998
21,395,87379.22554323121,48766.0990544595,21523.597077007,57832.67258387126,2005
21,395,112264,61259,21781,77528,2013
21,396,2623,1302,738,1847,1990
21,396,32490,15150,8973,22182,1998
21,396,54064,28828,10082,37452,2005
21,396,72240,35408,10419,42820,2013
21,397,6945.298741407465,4070.703918317981,2080.0208026689797,4679.277938738485,1990
21,397,24191.58690615794,13898.772273546321,5576.235820724766,18538.773846637872,1998
21,397,63686,38707,15406,45034,2005
21,397,74765,45973,16921,49987,2013
21,398,31882,10682,5139,26342,1990
21,398,36730,17443,8656,27622,1998
21,398,89222,40205,18252,62952,2005
21,398,106944,46303,15084,86834,2013
21,399,2599,1330,632,1857,1990
21,399,7932,4407,1384,6497,1998
21,399,21142,11656,5087,15538,2005
21,399,31303,17240,6615,22962,2013
22,400,11963.37527593819,5021.941869021339,2300.075055187638,7070.300220750552,1990
22,400,17243.015315499288,8336.24892791505,3640.4329181131307,13501.363487849703,1998
22,400,18349.75138121547,8381.872928176796,3551.524861878453,14355.226519337017,2005
22,400,42862,14124,3663,36862,2013
22,401,52904,25941,15800,33892,1990
22,401,48569.07847058111,24705.121447615587,14273.427058716597,34157.40847118705,1998
22,401,56981,28880,11686,44003,2005
22,401,83243,35057,11602,66852,2013
22,402,32163,15951,11887,19178,1998
22,402,32687,15824,6565,19073,2005
22,402,30669,13711,3907,26730,2013
22,403,77038.19632721202,38068.102170283804,17792.062103505843,40501.134223706176,1998
22,403,132916.98984771574,59045.58085569253,15803.854242204496,47286.13560551124,2005
22,403,85516,29432,21324,59517,2013
22,404,23863,5954,10088,13772,1998
22,404,123930,42945,10142,33410,2005
22,404,260010,117679,11052,50699,2013
22,405,19644,7244,5786,13487,1998
22,405,58340,30342,10991,45853,2005
22,405,68478,30899,14875,50100,2013
22,406,53422.4166040006,21110.570762520678,11123.415551210708,42182.678598285456,1998
22,406,108700,50548,23010,83481,2005
22,406,125778,53873,23503,100383,2013
22,407,14267,8252,3379,10610,1998
22,407,6505.452444653515,3389.850527739394,1003.0482756593067,5395.846911475024,2005
22,407,106866,47914,7128,30452,2013
22,408,72379,32274,21750,48830,1998
22,408,33867.36611053694,14100.827402923373,9201.693981003002,24439.337122889905,2005
22,408,95299,41830,23419,70821,2013
22,409,159275,67052,42319,111284,1998
22,409,209702,87611,66620,139795,2005
22,409,213429,85552,54391,154460,2013
22,410,183025.9253490349,71925.7148448297,45787.82535155518,134283.4457559559,1998
22,410,237701.37873708562,102153.46803505265,61414.73341959262,165317.36558254424,2005
22,410,302983,105780,82878,218076,2013
22,411,55932,26933,16720,38278,1998
22,411,44847.59935198455,23727.820487257773,13147.227428500217,31140.067480839927,2005
22,411,46504,22610,8475,37736,2013
22,412,38339,17653,12295,25478,1998
22,412,45830,22613,13145,32088,2005
22,412,44544,22047,10037,34389,2013
22,413,33394,16761,7290,19906,1998
22,413,32970,15926,9396,22594,2005
22,413,164961,69594,5659,32530,2013
22,414,39927.17692296895,18042.151453386286,10250.950986001772,26350.96467395602,1998
22,414,87216.08756755522,33274.61587504714,12133.35444064853,61709.62703808229,2005
22,414,66540,27831,9133,56101,2013
22,415,2089,1023,714,1193,1998
22,415,5905,2175,1990,3831,2005
22,415,6135,2331,445,5600,2013
22,416,17793.58666823143,11268.959629151508,2470.3895082736767,9145.197159957752,1998
22,416,15492.9324023002,6753.077807769041,1614.7709189062316,11740.631381293275,2005
22,416,85268,39176,2389,19954,2013
22,417,3885,1855,536,2332,1998
22,417,4933,2012,353,3513,2005
22,417,5871,2448,271,5586,2013
23,418,12716.463432905703,7935.238973686675,3651.2988107500705,8901.164622155633,1990
23,418,15164,9001,3375,11706,1998
23,418,13741,7719,5067,7778,2005
23,418,20230,11164,2712,17403,2013
23,419,36710,16238,11178,25316,1990
23,419,47134,21435,10945,35996,1998
23,419,53538,27202,10766,42288,2005
23,419,76454,38351,10369,65856,2013
23,420,32287,15406,9314,22937,1990
23,420,46140,20835,13541,32569,1998
23,420,51875.013935701325,22925.851568576614,18288.50453720508,33416.839512574545,2005
23,420,63882,30061,15766,48046,2013
23,421,82547,30554,23057,58955,1990
23,421,141750,55394,38160,103317,1998
23,421,140800,65401,31549,108574,2005
23,421,223547,101838,53391,169845,2013
23,422,19742,10751,6428,13198,1990
23,422,31312,17008,8744,22505,1998
23,422,28778,14567,8030,20382,2005
23,422,33061,17625,6686,26333,2013
23,423,39603.36893203884,22000.88349514563,11181.398058252427,26651.970873786406,1990
23,423,45701.540131186644,25688.208586762077,10613.315563506261,34471.22456768038,1998
23,423,44119.67458432304,23472.9216152019,10472,33318.67458432304,2005
23,423,68619,37742,10851,54001,2013
23,424,28229,16207,11160,16002,1990
23,424,39678,22201,12005,26556,1998
23,424,47861,27603,15823,30327,2005
23,424,46683,27310,10259,35915,2013
23,425,36518.98676913326,19770.98676913326,14751.986769133258,21485,1990
23,425,58626,32323,19428,37972,1998
23,425,87107,45933,30667,54926,2005
23,425,99059,53152,27756,68972,2013
23,426,25141,13850,9052,13948,1990
23,426,31906,16059,9074,20899,1998
23,426,38663,19035,12579,25510,2005
23,426,38510,20448,6953,30151,2013
23,427,224480,95532,162982,59073,1990
23,427,184699,88055,112496,71057,1998
23,427,216281,100260,144177,70202,2005
23,427,227183,121140,140057,86422,2013
23,428,120323,57487,84041,35572,1990
23,428,124642.11147412441,63760.9553058024,79896.10859905907,42589.49202822791,1998
23,428,117764,58557,73559,42874,2005
23,428,109084,68723,56428,52410,2013
23,429,83824,34763,42805,39511,1990
23,429,96269,44232,37347,55793,1998
23,429,130675,58882,57781,70432,2005
23,429,165114,81503,42060,122030,2013
23,430,64815,28232,27165,37269,1990
23,430,65600.50434261755,27861.0086852351,19180.17070979335,46020.3336328242,1998
23,430,85297,40399,29616,54800,2005
23,430,87670,41538,24510,62844,2013
23,431,17777,8283,5009,7430,1990
23,431,15372,7895,4016,9541,1998
23,431,20820,11119,6024,14605,2005
23,431,20431,8714,2716,16612,2013
23,432,32230,16355,8628,22887,1990
23,432,36587,20087,8796,27367,1998
23,432,36403,18900,8670,27364,2005
23,432,70757,34613,13713,54145,2013
23,433,50908,26598,15919,34851,1990
23,433,55400,30575,13314,41859,1998
23,433,64023.431012817295,33978.87999497361,15366.760995224931,48279.640990198546,2005
23,433,82090,42017,15791,65386,2013
23,434,69531.99034162046,29777.222142729384,23812.153460919333,45620.83688070113,1990
23,434,86561.54245450767,36938.4505051061,22620.698368767888,63670.81582314205,1998
23,434,71847.74300137418,35750.91800851165,18801.795500439144,52268.83463547772,2005
23,434,94815,44659,17644,76727,2013
23,435,109389,46198,29326,79737,1990
23,435,154682.09959689312,57660.97266738767,41544.08563563072,112510.01396126242,1998
23,435,146569.86819618678,61653.49770321036,39026.01263634728,107141.67779954063,2005
23,435,179594,87710,46102,132756,2013
23,436,52479,28296,19116,33009,1990
23,436,54144.799763233554,30770.015897175716,14097.35261288686,39121.44715034669,1998
23,436,54713,32022,19653,34665,2005
23,436,66054,34380,14895,50945,2013
23,437,64787,21515,31943,32140,1990
23,437,94043,31488,37398,56206,1998
23,437,94983.07495741056,40529.505962521296,31358.752981260648,62784.32197614991,2005
23,437,133694,52731,48375,84711,2013
23,438,66232,25455,26111,39763,1990
23,438,72665,29737,25202,46934,1998
23,438,93467,43560,31295,61326,2005
23,438,126168,43582,49395,75932,2013
23,439,199583,59661,48831,150594,1990
23,439,258128,90002,62550,195144,1998
23,439,266576,99071,69388,196314,2005
23,439,371428,137891,87678,282923,2013
23,440,48657,23385,14322,33171,1990
23,440,59111,26852,13361,45035,1998
23,440,72070,33071,15792,54762,2005
23,440,100870,44047,23498,74067,2013
23,441,26091,11678,6441,19146,1990
23,441,33482,15050,7550,25757,1998
23,441,38633,19173,10096,27901,2005
23,441,41031,20402,8061,32651,2013
23,442,50230,26890,19035,30366,1990
23,442,54520.06726457399,28951.09192825112,16015.09192825112,38321.97533632287,1998
23,442,47912.62264489503,26479.709287124144,13171.350285816821,34258.40937171567,2005
23,442,65672,35090,10949,53980,2013
23,443,51433,27187,15101,35206,1990
23,443,53583,29270,13639,39747,1998
23,443,57680,31469,14388,42849,2005
23,443,60121,33068,10026,49675,2013
23,444,123246,38644,27437,95648,1990
23,444,151695.07422721008,52768.00334711558,38324.54991139988,111739.5243158102,1998
23,444,146168.39309791333,58341.97704654896,29083.906902086677,115574.48619582664,2005
23,444,224068,82493,29944,193548,2013
23,445,38217,18253,13901,24076,1990
23,445,39438,20347,10340,29014,1998
23,445,45857.17836555685,23232.46399245707,9888.289921611173,35711.490265530076,2005
23,445,75221,32740,15144,59640,2013
23,446,44639,22255,18661,24054,1990
23,446,48001.157427075595,20526.308405728392,16348.395400174453,30726.995883157986,1998
23,446,43236.81589401015,18512.35436567152,18648.384640994707,22384.821896366237,2005
23,446,71187,29228,22584,47894,2013
23,447,62743,23261,25488,29093,1990
23,447,62651,34254,17155,42298,1998
23,447,68175.13113481361,31299.06187069264,17529.021905569556,38448.10810649404,2005
23,447,100802,46258,18071,59521,2013
23,448,18502,9434,6556,11930,1990
23,448,19354,10474,5026,13674,1998
23,448,25070,13569,6849,17797,2005
23,448,28968,15074,6413,21980,2013
23,449,52642.528344505976,22251.56676867774,14172.14143106966,26135.386913436316,1990
23,449,53619,24242,11776,40984,1998
23,449,55443,26669,13716,40891,2005
23,449,54327,27913,8357,45747,2013
23,450,43742,18865,27572,14056,1990
23,450,85574,30836,39587,40385,1998
23,450,49702,23657,29089,18138,2005
23,450,65046,35605,17818,45608,2013
23,451,63263.916514117715,27271.458257058857,41549,21184.916514117715,1990
23,451,209336.59081689102,79755.87589894893,58539.1794209847,147872.41139590633,1998
23,451,237664.21021574773,80413.53273096072,67481.16042780748,166656.04978794025,2005
23,451,144837,67449,37331,107464,2013
23,452,55071,23332,27277,27309,1990
23,452,47382.14363985783,22101.527326301177,18413.213188242473,27425.41960477793,1998
23,452,54984,27983,22423,31961,2005
23,452,42851,22522,7333,35160,2013
23,453,12777,7395,3959,8470,1990
23,453,16667,9066,4386,12028,1998
23,453,16281,9030,4104,11706,2005
23,453,23121,12148,2916,19894,2013
23,454,34301,15065,14367,18962,1990
23,454,36644,17165,10851,25060,1998
23,454,36307,18170,9599,24744,2005
23,454,37494,18911,4800,32533,2013
23,455,72332.72791616373,31728.949906726655,21370.745583232743,45078.98233293098,1990
23,455,87281.50555433481,39668.28997289973,19379.909885495254,63802.55875387583,1998
23,455,84231,42635,20336,59832,2005
23,455,149396,55961,26393,116076,2013
23,456,40135,20915,12069,26726,1990
23,456,57793,25805,11548,44002,1998
23,456,56919,30894,14401,40267,2005
23,456,80011,37899,13364,63990,2013
23,457,89215,41363,44862,37270,1990
23,457,88030,40471,30506,49819,1998
23,457,85177,42963,26892,53677,2005
23,457,87685,45348,17856,65831,2013
23,458,28336,13918,10801,17467,1990
23,458,40643.25752891637,19866.61526571078,12177.17204573317,28337.623380949844,1998
23,458,46760,23893,11813,33153,2005
23,458,58850,29710,8259,47338,2013
23,459,24502,12686,8336,15655,1990
23,459,27508.74247108363,16461.38473428922,6665.82795426683,20326.376619050156,1998
23,459,28245.491577335375,14814.451761102602,6975.205972434916,21125.28560490046,2005
23,459,29513,16864,10282,19152,2013
23,460,42060.32154804854,16312.795605116431,12794.891833387996,23306.100360774024,1990
23,460,36062,15449,11357,23448,1998
23,460,38219,19206,10845,27190,2005
23,460,39291,19582,6008,31775,2013
23,461,24902,8364,6150,13345,1990
23,461,34166,11837,7854,18404,1998
23,461,31908,13010,6594,18652,2005
23,461,43395,16820,6723,28708,2013
23,462,43878,20695,10245,13613,1990
23,462,25624.704384724188,13127.558698727014,8501,16884.704384724188,1998
23,462,33205.80800385728,17475.053905496625,10952.191803278689,21225.538958534235,2005
23,462,30731,14971,5101,25250,2013
23,463,108169,40221,7031,6470,1990
23,463,12903,7742,4192,8425,1998
23,463,27702.80800385728,14193.053905496625,8979.191803278689,18259.538958534235,2005
23,463,17194,9105,2828,14119,2013
23,464,13646,6373,4011,9620,1990
23,464,20499,9567,5330,15116,1998
23,464,20060,9629,4545,15280,2005
23,464,38430,18599,7006,30796,2013
23,465,12174,5554,3452,8463,1990
23,465,13035,6093,2773,10104,1998
23,465,13343,6991,3567,9425,2005
23,465,19230,10054,3231,15944,2013
23,466,37098,18131,9629,27103,1990
23,466,39337.6,19120.4,9380.8,29531.8,1998
23,466,48001,24558,10254,37508,2005
23,466,61697,28119,12521,48738,2013
23,467,45208,15182,10861,34022,1990
23,467,47249,17052,8351,38545,1998
23,467,47272,18248,8045,38794,2005
23,467,45886,17553,13686,30947,2013
24,468,113263.53858532148,38803.30742321416,18429.796333869726,91642.46659203806,1990
24,468,90645,38312,17239,65613,1998
24,468,128778,58859,29054,97120,2005
24,468,238573,85543,68603,156694,2013
24,469,88126,36029,35437,52523,1990
24,469,88915,41752,27216,61436,1998
24,469,114716,52690,25672,88810,2005
24,469,164449,74143,36748,125901,2013
24,470,47585,21345,13990,33425,1990
24,470,57374,25972,15963,41383,1998
24,470,73744.31328320802,34751.88120300752,11742.449122807018,61949.864160401004,2005
24,470,93613,47954,17566,74808,2013
24,471,109781.87701082187,37606.186311787074,45943.578824217606,63399.29818660427,1990
24,471,122683,46068,36354,86043,1998
24,471,148948,63193,44625,104039,2005
24,471,173800,65981,50998,122083,2013
24,472,79851.68313083827,36532.1377373466,16860.195799499357,60172.48733133891,1990
24,472,83258.57660705654,40158.937651039145,19326.6389560174,62035.93765103915,1998
24,472,105816,55389,16574,89211,2005
24,472,142292,64334,28999,91691,2013
24,473,63202.27827170066,17604.299576920246,18036.333935680097,44781.94433602056,1990
24,473,95683.31839191657,28656.15228062632,40408.02164176431,55245.29675015228,1998
24,473,88293.90021196804,35126.51573455079,20807.660851133216,67354.23936083482,2005
24,473,139740,35067,61175,77907,2013
24,474,39670.09411564955,16572.57703727254,14646.248004873509,24803.90372935985,1990
24,474,576187.2637086456,175707.49642680728,166233.15028467885,409456.0104975683,1998
24,474,556289.9502647419,210875.52615739693,155949.62008417433,398617.69916730776,2005
24,474,918400,311941,274916,641630,2013
24,475,81093,31971,27151,51937,1990
24,475,95057,39852,33711,60765,1998
24,475,84993,40015,16663,66633,2005
24,475,87382,43659,23830,62915,2013
24,476,119466,44951,53092,65297,1990
24,476,228920,95422,78919,148902,1998
24,476,301943,129798,84855,214465,2005
24,476,527732,177341,241929,276131,2013
24,477,51650.99897792314,23958.999795584627,15845,34816.99897792314,1990
24,477,169265.0120951376,55189.00482993749,70347.87040344183,97584.14169169575,1998
24,477,126371.60621803718,63659.545174121275,23434.227372351652,100278.56222095949,2005
24,477,211397,96973,74042,127913,2013
24,478,30559,13457,7279,21451,1990
24,478,35024.31554921005,16053.67580920892,6030.127500892337,25674.653904679602,1998
24,478,42010,21254,9155,31005,2005
24,478,53973,28382,12799,37397,2013
24,479,89052.56237729549,41459.77067660132,25863.940127285103,56512.13975088391,1990
24,479,132075,62405,30612,99051,1998
24,479,155212,85310,25167,127447,2005
24,479,199255,106667,43088,153056,2013
24,480,77944,26596,43732,33823,1990
24,480,88763,34003,37600,48346,1998
24,480,101305,39765,36964,61507,2005
24,480,116103,45385,49471,64564,2013
24,481,133717.1369589421,37325.45183705758,88540.1516915384,44656.9852674037,1990
24,481,216736,67227,107385,108784,1998
24,481,206968,75848,80669,125733,2005
24,481,371721,166971,145592,224184,2013
24,482,61681.474889795245,24974.73130638982,24101.5296694544,37458.945220340844,1990
24,482,104863,45763,34482,69914,1998
24,482,107732,47678,24393,83180,2005
24,482,181680,74246,45323,135053,2013
24,483,114446.56772609467,42206.49870413313,26956.7851589142,87354.78256718046,1990
24,483,102438,43270,26463,75755,1998
24,483,119454,56839,17722,100458,2005
24,483,190014,75295,42030,147180,2013
24,484,54813.41671813877,21971.56065987235,20451.88516574017,34135.845480749435,1990
24,484,64434,28863,18085,46076,1998
24,484,91549,35270,21074,69885,2005
24,484,115792,43797,35206,79527,2013
24,485,22257.570798411998,9948.836662675658,6614.659713907618,15320.91108450438,1990
24,485,42483,17901,13678,28744,1998
24,485,47156,20382,7533,39603,2005
24,485,60478,25108,12255,48101,2013
24,486,34739.260095421094,15164.988360989222,12749.087419218286,21855.209485189684,1990
24,486,270927,84627,87435,178920,1998
24,486,297652.66869882913,107355.71267277049,82351.14094550576,213334.41755436218,2005
24,486,470351,161395,168946,298602,2013
24,487,17603,6552,3437,13856,1990
24,487,20456,9835,3989,15960,1998
24,487,24497,11287,5577,18682,2005
24,487,28838,13217,4196,24264,2013
24,488,57410.67446327837,21391.762394989244,19612.002245640615,35233.67221763775,1990
24,488,119042,41494,47427,69995,1998
24,488,148824,51633,49976,94754,2005
24,488,204634,54507,99866,103015,2013
24,489,4189,1804,1165,3024,1990
24,489,4511,2290,634,3875,1998
24,489,8673,3876,1457,6904,2005
24,489,10074,5062,1591,8416,2013
24,490,85984,19312,46167,39117,1990
24,490,96968,24149,39554,53727,1998
24,490,103374,32147,37577,63541,2005
24,490,159870,42208,72638,84502,2013
24,491,68613.17968688537,16861.669262843207,34843.02234285265,30558.157344032727,1990
24,491,132048,28655,71299,54916,1998
24,491,140357,35656,56969,82560,2005
24,491,205134,53396,90155,109284,2013
24,492,82886.02583127587,21297.676167849844,35423.91797334073,45382.137420652,1990
24,492,527903,114510,170247,356197,1998
24,492,824466,199241,290698,533067,2005
24,492,1111409,316077,442544,665272,2013
24,493,34893,10642,14805,19275,1990
24,493,36742,12705,14858,19509,1998
24,493,39468,16096,11214,27801,2005
24,493,70000,27148,25065,43631,2013
25,494,5623,1970,577,2352,1990
25,494,6540,2058,635,2684,1998
25,494,6152,2353,548,3697,2005
25,494,8562,2288,860,3246,2013
25,495,12923,3264,4939,6264,1990
25,495,23265,3903,14173,7302,1998
25,495,53693,7580,38444,14416,2005
25,495,72857,8207,53439,19110,2013
26,496,8632,2019,2132,6253,1990
26,496,23412,2341,18498,4842,1998
26,496,51726,6530,36357,15354,2005
26,496,94313,11095,43449,50559,2013
27,497,26087,13194,6184,19298,1990
27,497,61301,27754,11064,47741,1998
27,497,53308,28217,8304,44799,2005
27,497,83573,41517,14081,68411,2013
27,498,47086,22175,13643,32866,1990
27,498,105824,42752,23547,80341,1998
27,498,102321,49516,16598,85203,2005
27,498,136327,61527,27650,107398,2013
27,499,90759,46486,25465,63719,1990
27,499,202163,87535,43213,157581,1998
27,499,208658,116528,35125,171517,2005
27,499,273220,137235,54305,216328,2013
27,500,50925,28705,17012,33518,1990
27,500,116406.88857008712,55103.22421618238,21270.441415827638,94341.28848661901,1998
27,500,124569,65900,23772,100261,2005
27,500,152214,80544,35121,115275,2013
27,501,35690,18136,12110,23207,1990
27,501,99714,50258,18152,80617,1998
27,501,135773,68929,24376,110489,2005
27,501,155479,84834,22773,128812,2013
27,502,23586,13455,8025,15281,1990
27,502,45842,23389,9685,35515,1998
27,502,54286,31297,7671,46139,2005
27,502,57196,31060,8206,48682,2013
27,503,54296.447102709375,30580.33065013743,15494.94665395187,38022.500448757506,1990
27,503,154090.8437195241,76223.43768285547,31050.14240784084,121984.69916617905,1998
27,503,172314.3853656538,92172.52394672435,27676.37604710526,144240.82574109625,2005
27,503,214399,120795,31281,180991,2013
27,504,34459,18010,10540,23146,1990
27,504,80611,34354,15047,64734,1998
27,504,112245,48485,21275,89875,2005
27,504,119260,61923,18140,100446,2013
27,505,79972,28156,37593,35797,1990
27,505,429798.69350073853,142487.56093057606,109765.93685376662,311591.9800590842,1998
27,505,471334,193073,92111,374872,2005
27,505,529691,228773,97401,426676,2013
27,506,52421,25364,21479,26980,1990
27,506,83288,39025,29298,49236,1998
27,506,100261,44723,25165,71935,2005
27,506,111004,56431,26361,81467,2013
27,507,58962,29444,32353,24181,1990
27,507,82874,38556,38497,41141,1998
27,507,100950,44632,30024,67763,2005
27,507,107459,55714,27036,76373,2013
27,508,30741,16472,9136,18521,1990
27,508,45547,24322,8105,34381,1998
27,508,60122,29733,7625,51432,2005
27,508,79526,45263,9365,69277,2013
27,509,65775,34311,23781,36105,1990
27,509,149758,57992,31716,97518,1998
27,509,144019,68085,21540,121889,2005
27,509,178650,92409,27255,143482,2013
27,510,67669.81834515659,36623.24519066943,19059.383445370342,44303.434899786254,1990
27,510,134122,63541,26307,101690,1998
27,510,160581.1395872865,83839.4902751423,24353.15796963947,132317.97165559774,2005
27,510,135028,65859,19135,112672,2013
27,511,53937.10978382653,30273.891024524655,19514.150929445794,33499.95885438073,1990
27,511,117670,57125,24651,92193,1998
27,511,146177,77342,20743,124613,2005
27,511,180624,90786,28870,150795,2013
27,512,18888,10948,7387,11406,1990
27,512,28580,15850,5579,22983,1998
27,512,36461,20125,7014,29367,2005
27,512,56671,32676,10627,45835,2013
27,513,24675,14828,9381,14756,1990
27,513,68550,30466,12970,55430,1998
27,513,88035,42796,18393,69340,2005
27,513,101183,56714,20609,79306,2013
27,514,30157,18847,10564,19339,1990
27,514,75072,33552,19944,54470,1998
27,514,149978,56256,36762,112913,2005
27,514,131218,76462,31076,99156,2013
27,515,70937,30287,33789,36036,1990
27,515,191940,65343,67871,122258,1998
27,515,233743,108316,56992,175649,2005
27,515,294902,137050,54658,239502,2013
27,516,108292.46778164024,45520.45539169347,34155.375539484114,70292.17163036767,1990
27,516,419948,114141,160202,257777,1998
27,516,383465,149859,92860,289316,2005
27,516,559158,200026,165584,392578,2013
27,517,111491.97190461212,35463.78105826018,42569.18724447032,59928.577792271826,1990
27,517,864256.7914111235,212982.93105709655,288580.18596378935,559198.6956748703,1998
27,517,1028230.9025899771,312066.91169142356,274473.67533628794,737907.9727463108,2005
27,517,1430858,431684,394822,1027936,2013
27,518,3091815.1954205,659381.6955404594,603717.8759502289,2484509.504041413,1998
27,518,1667968,464620,469057,1194752,2013
27,519,3091815.1954205,659381.6955404594,603717.8759502289,2484509.504041413,1998
27,519,1035324,261193,215521,818698,2013
27,520,93617,29656,42423,44399,1990
27,520,180953,53059,56440,115677,1998
27,520,229338,76325,61117,158808,2005
27,520,245068,95851,58149,176710,2013
27,521,137540.12837409484,54951.52078956909,57028.92644119254,78165.48372254125,1990
27,521,609505,170383,214960,392408,1998
27,521,940837,290248,251678,686428,2005
27,521,1368579,405434,344702,1019307,2013
27,522,141749.13425175456,52512.12004186295,58253.29823043851,82130.45558367783,1990
27,522,290032,87104,99074,190022,1998
27,522,316577,117308,92104,223910,2005
27,522,320624,138369,66397,251969,2013
27,523,47293,28386,16943,29417,1990
27,523,104490,47535,24983,77473,1998
27,523,140624,61417,25800,114028,2005
27,523,160617,84633,30778,128378,2013
27,524,48051,26724,17266,30172,1990
27,524,99488,40832,20744,78520,1998
27,524,150092,67612,33905,116066,2005
27,524,192599,95218,38004,154240,2013
27,525,43543.51060783548,23571.624799340534,14411.918434639247,28724.592173196233,1990
27,525,74982,34444,18513,56232,1998
27,525,119523,52111,22723,96508,2005
27,525,149942,70810,33409,115467,2013
27,526,107480,50322,34294,71680,1990
27,526,292379,119870,77996,213314,1998
27,526,310773,121512,75298,234744,2005
27,526,350698,160274,95578,253950,2013
27,527,100202,43858,36049,63027,1990
27,527,160926,61297,38824,121774,1998
27,527,220239,106000,43965,175615,2005
27,527,351144,163114,91534,256930,2013
27,528,69544.50482669854,31407.15574147283,14967,47063.50482669854,1990
27,528,121081,46009,27847,81164,1998
27,528,161039.60583941606,57337.388451253886,28994.677386716772,118528.44417142445,2005
27,528,151318,69323,29492,111662,2013
27,529,47683,22763,13516,30720,1990
27,529,75949,33920,17221,53700,1998
27,529,74544,38607,14836,55746,2005
27,529,90012,46754,17314,66410,2013
27,530,154184.5545235158,55948.423476262375,73111.07620581918,80127.47831769664,1990
27,530,313228,98971,90085,221798,1998
27,530,385152,155888,107714,276167,2005
27,530,540107,246754,142561,392097,2013
27,531,85621,38955,27998,57131,1990
27,531,136069,57804,33023,102913,1998
27,531,195320,88603,43207,151644,2005
27,531,236158,95685,56863,178283,2013
28,532,89465.52393513906,32897.19352617902,36171.99269593023,36044.218926316506,1990
28,532,89857.68871970834,26629.73257559511,29175.736435770963,45571.78297233541,1998
28,532,145997.21215754125,49838.50773129164,26802.557729248125,108261.17230903369,2005
28,532,195063,100367,76073,109304,2013
28,533,176086.17827387934,77951.74058163844,112623.29698901398,53778.372124781105,1990
28,533,177043,68276,99171,75280,1998
28,533,270532.8541998852,74763.07341029402,143830.9230818292,124443.56413036546,2005
28,533,291681,92491,136467,150875,2013
28,534,184519.31502942592,76065.09163628177,89910.91828285166,86342.39674657428,1990
28,534,215616.264915918,96591.07878369039,76211.599861783,135839.665054135,1998
28,534,303455,114206,73492,210758,2005
28,534,322956,132906,107416,202745,2013
28,535,112033.73969649443,41588.93415114627,49415.74665996778,60069.99303652666,1990
28,535,122847.67446393763,63409.364522417156,46126.99805068226,75078.67641325537,1998
28,535,272955,81692,112637,158144,2005
28,535,409872,166357,171455,233537,2013
28,536,546157,120747,46441,499450,1998
28,536,1128844,180072,153127,974434,2005
28,536,1473187,357163,206348,1264488,2013
28,537,80063.34609229412,35883.17210207108,22278.620994451892,57034.65114228145,1990
28,537,88528.74025931445,33155.69297039017,27250.947994084847,57350.39248663463,1998
28,537,136609.9236987676,38549.53257560532,33385.2254643771,96350.98749464694,2005
28,537,934683,253070,221710,708985,2013
28,538,129575.15899490628,61273.95742822946,41875.2027302107,83593.95626469557,1990
28,538,381881,83159,115467,261077,1998
28,538,282458,102727,76190,203172,2005
28,538,329200,156471,76435,249215,2013
28,539,167722.12338041794,74801.65484514477,72283.21101416567,93121.31327704678,1990
28,539,319145,83275,111227,205614,1998
28,539,305243.0271976688,106388.61223895094,105027.11170471102,194784.91549295775,2005
28,539,442249,214314,113176,320848,2013
28,540,163357.60279426124,73869.6245023661,60889.617967400285,96487.73672350335,1990
28,540,204536.2781491775,100795.09704799819,64608.34567715767,132492.72613235185,1998
28,540,325159,129151,100398,219510,2005
28,540,337812,165717,90355,240537,2013
28,541,132021.63511188692,54476.569875416266,34245.05700767449,59436.77321972573,1990
28,541,165623.92155420198,72580.42795970631,33747.336782475606,90714.63744174274,1998
28,541,233161,78585,36679,169743,2005
28,541,387286,179989,50624,232895,2013
28,542,165752.95112695606,82856.7634440816,37900.89201793543,93623.53160170566,1990
28,542,142961,75922,26386,88845,1998
28,542,252382,130090,52830,166191,2005
28,542,340083,166841,69291,231259,2013
28,543,213987,95900,50297,138779,1990
28,543,232029,114114,50526,146925,1998
28,543,335659,147262,75262,228642,2005
28,543,398289,192116,74751,268278,2013
28,544,117645.07280334148,58453.91844385475,36392.09273665241,67768.02724853043,1990
28,544,204153.0776368112,102155.73736034842,33666.919712175724,158411.07081992045,1998
28,544,381283,124688,67974,280640,2005
28,544,566415,265241,121406,405106,2013
28,545,339418.9893235937,149713.0257965594,109915.0464274277,210682.47795661393,1990
28,545,354587,180511,70615,264683,1998
28,545,495531.8316326531,234567.21271585557,84190,373397.8316326531,2005
28,545,669899,353758,142879,476248,2013
28,546,284540.71658824064,113983.4214366467,85707.12413840127,192088.29987950146,1990
28,546,331855,138813,77774,237691,1998
28,546,460392,170221,104623,332678,2005
28,546,470328,246047,116144,331175,2013
28,547,307839.71618111513,121245.49106704239,86371.46063347984,205989.1119916007,1990
28,547,327567.39019415213,133460.808369151,64949.41868955377,229317.46457413628,1998
28,547,504040,185986,89508,386912,2005
28,547,709326,282986,145904,534210,2013
28,548,291027.00549419003,119284.7668978374,65671.78745915217,218148.24841338102,1990
28,548,296500,135205,46190,239409,1998
28,548,398604.342665248,161854.42312807555,65830.00279292458,321259.2321452321,2005
28,548,542001,238791,100690,432730,2013
28,549,245054.4885470795,65757.83726933705,139262.30812564137,96230.95987624537,1990
28,549,310369,91261,160379,130165,1998
28,549,389856,126811,151464,212492,2005
28,549,484777,210402,160863,287396,2013
28,550,205075.83070121965,99273.73596038067,54616.19609944899,131147.66083009265,1990
28,550,214382,107308,51472,145870,1998
28,550,287605,139782,62318,193186,2005
28,550,404533,189881,80671,299064,2013
28,551,89917.02328779011,43855.36042601138,21516.88564915387,65049.5404573652,1990
28,551,120184.5199421334,58542.634068958534,19574.665340019124,99039.08125172129,1998
28,551,226013.13180534428,97430.09062493422,41805.58638828081,179442.24465145727,2005
28,551,300416,125962,50475,248784,2013
28,552,110453.98219745111,51325.27465809471,30714.806286566054,75286.49681756311,1990
28,552,191156.04921901337,88317.11046184965,29560.25486009664,158090.79435891673,1998
28,552,330794.41824357107,123510.39592430858,63041.383794274625,257881.15769044153,2005
28,552,518314,205273,134882,377149,2013
28,553,166133.86424576282,76170.59348880444,42914.745444910994,120164.11880085184,1990
28,553,294968.92579150037,123838.85602723018,49223.07744141773,244874.03777698305,1998
28,553,482626,171064,83561,397540,2005
28,553,505454,249866,102515,396857,2013
28,554,335582.0934222449,102845.32580623608,203730.98119871618,123045.71872600984,1990
28,554,428177,134193,241944,182748,1998
28,554,416276,147849,175766,236912,2005
28,554,530068,220910,186000,336948,2013
29,555,237825.8667995914,91139.85850206488,108750.26548298892,128539.60131660246,1990
29,555,299990,132357,75956,223573,1998
29,555,341973.2119235437,151092.0422330097,91762.46656553398,249534.73704490293,2005
29,555,276110,112411,64418,209161,2013
29,556,67271,31201,21258,45874,1990
29,556,92250,40609,22218,69637,1998
29,556,136958,61674,25112,108989,2005
29,556,164637,62638,30334,132314,2013
29,557,46350,27532,12477,33792,1990
29,557,76285,40073,16724,59261,1998
29,557,105077,53614,17960,86693,2005
29,557,115258,57837,22749,91051,2013
29,558,51922,26337,13937,37287,1990
29,558,67041,30924,14562,52362,1998
29,558,89882,46162,18501,71138,2005
29,558,104143,43817,19873,83479,2013
29,559,53783,27302,10637,42642,1990
29,559,76411,33137,11530,64863,1998
29,559,95545,48834,14019,81320,2005
29,559,110906,50813,15424,90648,2013
29,560,40777,22933,9992,29808,1990
29,560,77206,31745,11983,65212,1998
29,560,78314,37464,12389,65295,2005
29,560,74928,34627,14494,59419,2013
29,561,55757,25017,11940,43488,1990
29,561,69392,32790,14201,54736,1998
29,561,86026,40763,17136,68470,2005
29,561,81717,32071,13887,66952,2013
29,562,31981,17321,10063,21539,1990
29,562,128089,49667,27068,100664,1998
29,562,148301,57205,33860,114115,2005
29,562,160880,62363,35176,123948,2013
29,563,55815.55911050447,26957.566547131773,11314.54623351903,35900.95279100188,1990
29,563,111652,45377,22486,78396,1998
29,563,102190,48396,20263,75160,2005
29,563,120520,50475,24364,91630,2013
29,564,455371,33755,77223,377944,1990
29,564,82030,43196,17377,64219,1998
29,564,91504,48581,17370,73768,2005
29,564,101826,48536,18160,83058,2013
29,565,61503,29385,13552,47764,1990
29,565,115790,50964,17256,97628,1998
29,565,177488,77528,31811,141681,2005
29,565,218262,80166,38920,150045,2013
29,566,65249,34362,14054,50539,1990
29,566,84310,45187,12061,71927,1998
29,566,120203,60017,27047,91982,2005
29,566,96153,44350,17301,78102,2013
29,567,120045.85577823562,46680.89698445402,37227,82026.85577823562,1990
29,567,114040,50509,28890,84939,1998
29,567,106653,55334,22793,83385,2005
29,567,112819,55283,29517,82676,2013
29,568,63064.00831687605,31034.77295078583,19779.876736447874,42969.90449557164,1990
29,568,138630,51070,50463,87720,1998
29,568,180951,69262,82347,98081,2005
29,568,171473,75785,36256,133499,2013
29,569,75965.78807258914,27588.901548629627,33393.8499238516,40512.93814873754,1990
29,569,88936.23463317912,35629.18704560476,37755.60541969597,47949.629213483146,1998
29,569,162137.93787177792,79427.56113681427,71213.929279577,82788.83146067416,2005
29,569,176923,72362,66786,103443,2013
29,570,55399,26000,15531,39783,1990
29,570,58017,31176,11210,46670,1998
29,570,116827,50425,49258,66979,2005
29,570,149627,61620,62100,85984,2013
29,571,50749,17116,6961,22104,1990
29,571,161381,74117,38346,122115,1998
29,571,223121,112770,73643,146366,2005
29,571,262262,116487,87417,171676,2013
29,572,82424.62015072226,17666.206942719014,24747.017709479784,56792.63297870073,1990
29,572,807479.8504530572,193115.5403182822,195928.78816721236,610205.8252874438,1998
29,572,964145.5150305673,245729.34006658616,246249.48609867218,710196.5910887426,2005
29,572,1657048,396099,438611,1212555,2013
29,573,95731.26132762822,40077.91131894907,36428.27566919696,58191.98565843126,1990
29,573,111301,50325,30265,80473,1998
29,573,116646,56688,30375,85056,2005
29,573,156941,72206,39370,115506,2013
29,574,243614.72096855313,36828.873633216535,109177.99547919948,134426.72548935364,1990
29,574,127934.56982040603,52109.37296655388,42612.918922436234,85038.86761452368,1998
29,574,150910,63689,61328,88400,2005
29,574,141785,68257,23170,117030,2013
29,575,232727.24286085198,50036.64863192264,131155.30504230672,100323.10476204025,1990
29,575,262791.2346331791,118867.18704560476,146441.60541969596,114403.62921348315,1998
29,575,310886.9378717779,182153.56113681427,167504.929279577,141037.83146067415,2005
29,575,413764,210268,207807,203161,2013
29,576,18510.73598130841,8856.147196261682,3764.2476635514017,14720.488317757008,1990
29,576,30936,14073,3136,27741,1998
29,576,35118,15347,4113,30439,2005
29,576,25085,11317,3270,21752,2013
29,577,106780.48340953625,34573.53523840627,64049.779849771396,41670.43739386022,1990
29,577,281225,66313,195205,85788,1998
29,577,374394,116359,212450,159018,2005
29,577,227269,86030,50567,175777,2013
29,578,103645.28244093554,19718.0491511338,34843.61664490087,67821.66579603466,1990
29,578,78184,31775,35483,42312,1998
29,578,47510,24478,12640,34235,2005
29,578,75679,39289,16275,58204,2013
29,579,71906.33972998217,37536.9408168464,18729.414536809036,51927.16820922136,1990
29,579,94661,46430,17139,73595,1998
29,579,103933,55422,23126,80315,2005
29,579,136576,58058,25683,101652,2013
29,580,24321.992311940237,14171.86951624103,7262.935364243809,16171.05694769643,1990
29,580,40231,20997,7162,32196,1998
29,580,45072.11650485437,24543.097087378643,8904.831067961164,35903.2854368932,2005
29,580,60163,32796,12426,47416,2013
29,581,94324.01637620665,21160.95857937066,62428.486298460586,30622.530077746058,1990
29,581,69226,29950,17514,51415,1998
29,581,94368,40988,29338,63101,2005
29,581,122980,49344,37444,82913,2013
29,582,61451.007600434314,20303.00760043431,10490,50360.007600434314,1990
29,582,66859,28427,13491,53245,1998
29,582,72321,33979,9434,61974,2005
29,582,93761,40478,18385,73893,2013
29,583,30258.386407518894,13198.651950319841,9036.350538067996,21135.035869450898,1990
29,583,70333,24770,16312,53997,1998
29,583,82104,28603,21727,59591,2005
29,583,113273,34061,35661,75723,2013
29,584,31610.41860465116,16256.79069767442,7834.139534883721,23234.279069767443,1990
29,584,67363,25605,13324,53130,1998
29,584,81667,35889,23182,57639,2005
29,584,106757,38729,38231,67299,2013
30,585,57993,21409,24042,30937,1990
30,585,112990,39943,30233,79568,1998
30,585,111189,36941,27180,80907,2005
30,585,170519,55520,37901,128418,2013
30,586,26547,9368,9900,14912,1990
30,586,50117,18215,16437,29799,1998
30,586,75999,27333,15136,58298,2005
30,586,114401,38990,16850,91997,2013
31,587,5868,1867,2978,2598,1998
31,587,8373,2784,1375,5511,2005
31,587,10243,3353,1919,7090,2013
32,588,98300,44836,43916,51266,1990
32,588,23061,8331,7564,14799,1998
32,588,110925,58778,44092,64378,2005
32,588,208796,120251,75194,126718,2013
32,589,121410,52566,26383,92706,1990
32,589,64904,23853,11772,52443,1998
32,589,222924,97362,55765,164403,2005
32,589,401127,184297,78164,314089,2013
32,590,27981,13337,5973,21897,1990
32,590,7136.8424525708,2445.8743955101972,797.038671173721,6339.803781397079,1998
32,590,61236.730595675166,28857.71872422326,10818.243300069546,49932.06597227838,2005
32,590,118817,54464,19988,97588,2013
32,591,253148.6293491721,100883.17593520798,59785.1788897271,185119.49130826432,1990
32,591,120607.93289737862,38506.26055314013,21238.78769942731,95784.7140545108,1998
32,591,320920.90174746007,140172.9232046444,67388.57005515239,241164.2114949202,2005
32,591,434382,181603,87992,340961,2013
32,592,165332,77645,35456,123483,1990
32,592,33239,12799,3640,29298,1998
32,592,290325,142491,54942,230682,2005
32,592,522807,249116,96759,414470,2013
32,593,187546,84060,50745,135181,1990
32,593,43459.64951688182,15710.51527402713,7025.475937748779,36433.17357913304,1998
32,593,141472.15323977958,70116.60556015173,27381.96348906545,112929.79947863822,2005
32,593,385799,181714,89851,292120,2013
32,594,297909.4989812266,110064.83598449574,81737.9461428012,210260.71382032966,1990
32,594,71865.83132912306,22389.98134498502,10881.692743958287,60785.2791725944,1998
32,594,304634.69821211486,139432.38984479717,79988.57730064909,220492.53463215695,2005
32,594,534119,230275,135298,393052,2013
32,595,293408,100927,82182,205703,1990
32,595,274354.56294213294,85141.23131780417,40656.95006651314,232019.51375069332,1998
32,595,469511.57756559027,178504.66530633846,107461.10697426519,348848.9071042751,2005
32,595,880014,310205,182454,676225,2013
32,596,70623,30709,17867,52611,1990
32,596,11501.74688060594,3940.114012357983,1876.171476978274,9624.036296591588,1998
32,596,79529.7728722344,40418.68827984852,14301.108311740085,64698.11706198924,2005
32,596,170938,82076,27403,142087,2013
32,597,195939,83458,48393,144578,1990
32,597,53919.53506261005,18211.426125570142,7026.739111243016,46505.68677798493,1998
32,597,204431.99606377466,93276.42213643687,41962.13714020621,159198.97633632587,2005
32,597,373411,163591,72373,294282,2013
32,598,202381.35965728792,80219.893494817,50586.25376560186,137785.50056060927,1990
32,598,74085.01517562338,26845.772196043246,16559.03773527986,56205.098670381456,1998
32,598,275262.43724192446,132230.0936737028,100885.87168412335,161539.78753235174,2005
32,598,352001,148116,100489,232682,2013
32,599,96993,43746,20042,76710,1990
32,599,25192.40120398904,9847.586930871872,3181.1303120712973,21955.72297578761,1998
32,599,113346.96432392823,50377.943314583354,17633.269680774516,95116.53628174993,2005
32,599,177798,77173,28237,148091,2013
32,600,307010.91222016496,96026.00956629074,153610.6528642765,145206.65844695058,1990
32,600,45525.8555141643,15799.468160657143,8051.8186783768515,35180.65772332488,1998
32,600,362534.2792809571,142690.34629222844,126454.74833717963,227419.12202736916,2005
32,600,421536,157510,132640,275810,2013
32,601,208432.63351272757,85055.70093381466,58690.071517348035,143292.70298194513,1990
32,601,135508.44198563398,44519.196202544575,17677.73950875569,114685.94329273369,1998
32,601,390791.9256148946,158997.36474947902,72272.03190007692,312465.7230936635,2005
32,601,719900,284934,123364,571098,2013
33,602,13408,4990,1139,12184,1990
33,602,204660.809617268,66692.34521386484,64262.66631321799,136198.14330405003,1998
33,602,262169.50473262323,97983.20059295048,87747.28769078731,163658.06300647854,2005
33,602,357760,127490,128155,222164,2013
33,603,9835.685036637722,2648.338517039118,1274.1250688551766,8560.559083989257,1990
33,603,583638,145433,105889,477647,1998
33,603,879072,273768,111597,765066,2005
33,603,779287,332950,100512,677600,2013
33,604,16246.419458762886,7149.147551546392,2646.0599226804125,13530.359536082475,1990
33,604,245001.72538725307,76863.08451337705,74713.86931288292,167462.24957375007,1998
33,604,320394,127375,74694,242161,2005
33,604,666558,146291,179225,480975,2013
33,605,75404.04612904701,28736.455402871776,29701.849780501187,45700.196348545825,1990
33,605,307670.25497970596,120638.99803823116,143277.95931005088,164303.29566965508,1998
33,605,341423,164773,152713,187588,2005
33,605,417511,177419,152727,262493,2013
33,606,62792,16706,9342,53395,1990
33,606,137578.00209719205,62835.77700339043,19350.246504502247,117097.07918833104,1998
33,606,162356,77902,26571,135037,2005
33,606,174551,78633,40165,133711,2013
33,607,30554,11324,5722,24806,1990
33,607,160011.1365570157,73427.06745306416,26887.29654821915,129314.84000879654,1998
33,607,168521,88995,30551,135679,2005
33,607,264002,119639,53978,202144,2013
33,608,28093,8706,4039,24043,1990
33,608,314119.58381236333,103214.31026929746,48522.939125484794,265355.71025876823,1998
33,608,394452.0690902137,150475.30556859472,81476.77473530486,308872.2943549088,2005
33,608,439888,194887,104342,331813,2013
33,609,54471,14454,6396,48073,1990
33,609,181361.00401443438,53359.27356232289,20931.393533006485,159222.6104814279,1998
33,609,281247.0690902137,92049.30556859472,36577.774735304854,243589.2943549088,2005
33,609,381418,112927,62632,317569,2013
33,610,52612,14823,5080,47409,1990
33,610,271224.41172448284,93591.2912996295,38095.99284455152,232861.7414744916,1998
33,610,259204,99893,50450,206251,2005
33,610,370039,116291,100453,267232,2013
33,611,24467,8094,4345,20122,1990
33,611,51710,15902,12406,39117,1998
33,611,60569,22658,11778,48739,2005
33,611,70886,29821,14667,56065,2013
33,612,47020,18011,7531,39402,1990
33,612,173694,62537,31764,141651,1998
33,612,199407,89212,34056,163561,2005
33,612,228205,88607,41358,184090,2013
33,613,2450,1006,312,2138,1990
33,613,71806.81106380583,23066.83092104148,21808.409931847786,49775.401131958046,1998
33,613,113256,42011,22244,88232,2005
33,613,93489,31919,26678,65964,2013
33,614,36506,6768,21923,14564,1990
33,614,199659.78347095032,62628.24608096683,44341.677225995954,154981.94851624774,1998
33,614,248385,108340,58006,188475,2005
33,614,270172,106414,51480,217056,2013
33,615,2368,928,441,1926,1990
33,615,12844,5471,2140,10616,1998
33,615,26629,15183,4474,21756,2005
33,615,32685,16839,10010,22421,2013
33,616,3319,1617,363,2956,1990
33,616,43048.032470867074,18825.4087843176,6198.364457831325,36473.66801303575,1998
33,616,47,31,3,44,2005
33,616,43617,21526,8658,34624,2013
33,617,36932,14070,4408,30646,1990
33,617,136681.71445479372,53633.0118373041,16931.979835037797,119326.73461975594,1998
33,617,189268.86320726713,85600.95440242237,30502.863207267113,147413,2005
33,617,222404,88965,40582,167962,2013
33,618,1352,575,138,520,1990
33,618,85449.0361445783,38622.01204819277,8852.855421686747,69698.02409638555,1998
33,618,86404,42688,13625,69795,2005
33,618,103987,49723,16704,75939,2013
33,619,69054,36482,8231,60716,1998
33,619,83403,46281,12029,70352,2005
33,619,75832,46211,12283,62822,2013
33,620,111689.8384279476,46671.89737991267,16510.943231441048,93339.89519650655,1998
33,620,178994,85553,30788,145709,2005
33,620,241081,86952,33166,189521,2013
33,621,9562,3877,2083,7478,1990
33,621,85479.32944241566,36601.16707965896,21153.611411591883,63370.71803082378,1998
33,621,119740,53010,30492,83688,2005
33,621,114789,49481,26556,85705,2013
33,622,12057,4932,2091,9938,1990
33,622,72789.87360222111,30705.71734900301,12777.794804752608,59173.100726195145,1998
33,622,77995,34491,17001,60035,2005
33,622,89402,40481,17257,70982,2013
33,623,297622.0129543001,89796.399784095,48629.595537963294,247648.63080244692,1998
33,623,310342,122083,66852,238480,2005
33,623,311925,120272,71912,239245,2013
33,624,56400,26645,7326,48490,1998
33,624,81473,37871,12061,68905,2005
33,624,119219,52922,22094,96653,2013
33,625,110942.02931283037,32761.213599231138,40655.31679481019,70262.71251802018,1990
33,625,274986.34114344436,68808.12752337268,132821.31039426522,141692.03074917913,1998
33,625,282917,100553,136148,145874,2005
33,625,310745,118903,120277,189735,2013
33,626,22174,10538,2451,18834,1990
33,626,72240.99684468651,38664.798132195225,3000.6670838548184,69196.77406621342,1998
33,626,77147,36659,6855,60972,2005
33,626,96664,42943,10188,68121,2013
33,627,12983,5674,4371,8440,1990
33,627,224133.7960199005,67164.56218905473,105866.67164179104,116238.12437810945,1998
33,627,237770,133571,96148,127034,2005
33,627,246529,110863,71375,163684,2013
33,628,53117.02186456119,21673.184634072273,16100.408442150016,36913.613422411174,1990
33,628,291189.8311468472,128897.71857807871,193702.98772746508,97157.86415573423,1998
33,628,350264,229204,195082,149185,2005
33,628,492151,293252,306669,181451,2013
33,629,35475,14854,7063,26485,1990
33,629,124812,43888,27527,87639,1998
33,629,159504,57695,54346,84653,2005
33,629,244828,81077,75608,152057,2013
33,630,4223,1584,731,3492,1990
33,630,62227.24960605105,24421.703750393946,12615.894736842105,49504.354869208946,1998
33,630,76450,35214,15441,60265,2005
33,630,100697,43879,18295,79905,2013
33,631,7512,3173,1817,5527,1990
33,631,88708.60084166103,35163.32511013458,23174.019633104723,65196.58120855631,1998
33,631,133907,54384,45396,86905,2005
33,631,221831,78072,72272,144153,2013
33,632,181507.60462724935,41861.18354755784,53895.297172236504,127590.30745501285,1990
33,632,418483.8052573121,120055.01332839689,128250.27619400222,290057.5290633099,1998
33,632,493393,174578,133337,358842,2005
33,632,746025,200294,185022,558110,2013
33,633,38758,12444,8593,30125,1990
33,633,324876.47192397877,72525.34666173023,107019.27619400222,217183.19572997655,1998
33,633,377605,108531,165428,210947,2005
33,633,484038,128012,164150,318193,2013
34,634,3940,1088,1282,2248,1990
34,634,3999,1102,1527,2253,1998
34,634,5229,1335,2172,3055,2005
34,634,8620,2549,1472,5130,2013
34,635,67260,16269,15745,51282,1990
34,635,104471,24255,28257,75308,1998
34,635,81301,22116,15270,65862,2005
34,635,165709,40869,49132,111935,2013
34,636,6919.296094198737,2170.885123492246,419.4483055715107,5520.067777139575,1990
34,636,2188,599,139,1922,1998
34,636,2149,630,218,1931,2005
34,636,6995,1813,607,6388,2013
34,637,3704,1457,444,3240,1990
34,637,18709,5365,2882,14455,1998
34,637,13169,4297,1035,10716,2005
34,637,32348,9865,5012,24432,2013
35,638,6923,2207,5283,1597,1998
35,638,3387,959,220,3081,2013
35,639,9708,1983,5203,4307,1998
35,639,14956,6017,1478,11887,2013
35,640,12269,2091,2350,9843,1990
35,640,25761,6893,5170,20097,1998
35,640,16996,4162,2260,14606,2005
35,640,42870,12960,4668,35563,2013
