pc11_state_id,pc11_district_id,year,dmsp_total_light_cal
01,001,1994,2.7367000579833984
01,001,1995,0
01,001,1996,0
01,001,1997,0
01,001,1998,1232.6564025878906
01,001,1999,12.5
01,001,2000,2516.7613525390625
01,001,2001,433.865291595459
01,001,2002,2239.6953887939453
01,001,2003,2104.5226440429688
01,001,2004,2039.8652954101562
01,001,2005,1814.8529968261719
01,001,2006,2102.943603515625
01,001,2007,4646.267578125
01,001,2008,2860.54345703125
01,001,2009,3939.598388671875
01,001,2010,10149.9091796875
01,001,2011,8314.458984375
01,001,2012,8448.0185546875
01,001,2013,8830.625
01,002,1994,1320.5167846679688
01,002,1995,1294.1822509765625
01,002,1996,2104.0224609375
01,002,1997,2902.5123291015625
01,002,1998,3137.49072265625
01,002,1999,1917.9273681640625
01,002,2000,3795.5460205078125
01,002,2001,2825.630126953125
01,002,2002,3459.476318359375
01,002,2003,3562.9970703125
01,002,2004,3945.7152099609375
01,002,2005,4053.5460205078125
01,002,2006,4481.848876953125
01,002,2007,5647.01806640625
01,002,2008,4524.94140625
01,002,2009,6389.44287109375
01,002,2010,9949.767578125
01,002,2011,8471.0322265625
01,002,2012,9285.484375
01,002,2013,9139.78515625
01,003,1994,415.99290466308594
01,003,1995,882.65948486328125
01,003,1996,973.70751953125
01,003,1997,727.0908203125
01,003,1998,759.8247985839844
01,003,1999,802.7254638671875
01,003,2000,70508.66162109375
01,003,2001,12061.843872070312
01,003,2002,63615.740478515625
01,003,2003,56160.962890625
01,003,2004,50451.478515625
01,003,2005,37904.700439453125
01,003,2006,54822.244140625
01,003,2007,115417.49609375
01,003,2008,65281.296875
01,003,2009,110038.4921875
01,003,2010,268372.65625
01,003,2011,217638.671875
01,003,2012,215182.984375
01,003,2013,215263.703125
01,004,1994,15.132749557495115
01,004,1995,298.7305908203125
01,004,1996,232.9958953857422
01,004,1997,156.5157470703125
01,004,1998,146.6928939819336
01,004,1999,67.12839889526367
01,004,2000,14970.966430664062
01,004,2001,2444.0487098693848
01,004,2002,13560.406005859375
01,004,2003,11858.919677734375
01,004,2004,10806.41162109375
01,004,2005,8246.333679199219
01,004,2006,11895.9248046875
01,004,2007,24909.04150390625
01,004,2008,14766.916015625
01,004,2009,24324.4140625
01,004,2010,57911.06640625
01,004,2011,47152.41015625
01,004,2012,46357.75390625
01,004,2013,46874.296875
01,005,1994,1645.9306030273438
01,005,1995,2620.02587890625
01,005,1996,2915.802978515625
01,005,1997,1283.7448120117188
01,005,1998,2942.6822509765625
01,005,1999,1882.4361572265625
01,005,2000,5279.630126953125
01,005,2001,2902.258056640625
01,005,2002,4957.9686279296875
01,005,2003,4632.538330078125
01,005,2004,4538.3836669921875
01,005,2005,5547.324951171875
01,005,2006,5097.470703125
01,005,2007,7933.87939453125
01,005,2008,5287.68994140625
01,005,2009,5755.8857421875
01,005,2010,13009.4892578125
01,005,2011,12063.6142578125
01,005,2012,12990.9853515625
01,005,2013,12455.91015625
01,006,1994,3324.0347900390625
01,006,1995,4862.373046875
01,006,1996,6024.1572265625
01,006,1997,2978.6527099609375
01,006,1998,6529.8076171875
01,006,1999,4785.8056640625
01,006,2000,8382.380615234375
01,006,2001,6305.615234375
01,006,2002,8157.09619140625
01,006,2003,7973.600341796875
01,006,2004,10386.509765625
01,006,2005,10449.1865234375
01,006,2006,9910.875
01,006,2007,13560.67138671875
01,006,2008,10152.60546875
01,006,2009,11297.1376953125
01,006,2010,16949.5859375
01,006,2011,13924.5751953125
01,006,2012,14501.326171875
01,006,2013,14979.2998046875
01,007,1994,10521.81787109375
01,007,1995,11713.34765625
01,007,1996,13036.451171875
01,007,1997,11704.47265625
01,007,1998,13556.62353515625
01,007,1999,11729.203125
01,007,2000,14716.189453125
01,007,2001,12352.4189453125
01,007,2002,14456.45849609375
01,007,2003,13994.4267578125
01,007,2004,16210.5849609375
01,007,2005,15763.21875
01,007,2006,15469.85986328125
01,007,2007,18220.7275390625
01,007,2008,16553.306640625
01,007,2009,19020.703125
01,007,2010,23281.65625
01,007,2011,22412.673828125
01,007,2012,25045.14453125
01,007,2013,23217.818359375
01,008,1994,2363.3826904296875
01,008,1995,2844.528564453125
01,008,1996,2517.614501953125
01,008,1997,1008.7173156738281
01,008,1998,3365.8385009765625
01,008,1999,850.6935119628906
01,008,2000,4597.144287109375
01,008,2001,2056.379638671875
01,008,2002,3822.9849853515625
01,008,2003,4283.539306640625
01,008,2004,4839.08203125
01,008,2005,5584.731201171875
01,008,2006,5301.763916015625
01,008,2007,8622.84033203125
01,008,2008,6368.20166015625
01,008,2009,6588.7685546875
01,008,2010,13373.955078125
01,008,2011,11281.3359375
01,008,2012,12077.888671875
01,008,2013,13243.166015625
01,009,1994,0
01,009,1995,0
01,009,1996,0
01,009,1997,0
01,009,1998,172.06680297851562
01,009,1999,0
01,009,2000,2119.06884765625
01,009,2001,399.8405418395996
01,009,2002,1856.2301177978516
01,009,2003,1645.2586364746094
01,009,2004,1569.2322998046875
01,009,2005,1539.2075805664062
01,009,2006,1830.9039916992188
01,009,2007,3796.2841796875
01,009,2008,2232.466796875
01,009,2009,3325.016357421875
01,009,2010,8548.2705078125
01,009,2011,7319.2060546875
01,009,2012,7860.95166015625
01,009,2013,7763.79736328125
01,010,1994,3186.2403564453125
01,010,1995,2583.314208984375
01,010,1996,4331.2119140625
01,010,1997,5576.857177734375
01,010,1998,6912.19091796875
01,010,1999,4626.75439453125
01,010,2000,5430.963623046875
01,010,2001,5317.781005859375
01,010,2002,5188.71044921875
01,010,2003,6018.3720703125
01,010,2004,6324.77490234375
01,010,2005,7154.5283203125
01,010,2006,7414.2783203125
01,010,2007,8220.26318359375
01,010,2008,7647.33203125
01,010,2009,8241.369140625
01,010,2010,10424.5810546875
01,010,2011,9965.95703125
01,010,2012,11228.9794921875
01,010,2013,11708.7060546875
01,011,1994,829.9687805175781
01,011,1995,687.69171142578125
01,011,1996,1106.1180419921875
01,011,1997,1651.0399169921875
01,011,1998,2276.8695068359375
01,011,1999,1378.0775146484375
01,011,2000,3474.12451171875
01,011,2001,1999.2388916015625
01,011,2002,3181.054931640625
01,011,2003,3375.984130859375
01,011,2004,3522.776611328125
01,011,2005,4040.402099609375
01,011,2006,4500.139404296875
01,011,2007,6598.205078125
01,011,2008,4876.3681640625
01,011,2009,5569.541015625
01,011,2010,10075.3642578125
01,011,2011,9042.9150390625
01,011,2012,10030.1650390625
01,011,2013,10013.4599609375
01,012,1994,279.08060455322266
01,012,1995,388.0668029785156
01,012,1996,626.20550537109375
01,012,1997,544.4817352294922
01,012,1998,1031.89208984375
01,012,1999,522.3725891113281
01,012,2000,2211.8194580078125
01,012,2001,1184.9598388671875
01,012,2002,1641.9478149414062
01,012,2003,1731.1975708007812
01,012,2004,2052.5153198242188
01,012,2005,2561.762451171875
01,012,2006,2669.5755615234375
01,012,2007,4241.1002197265625
01,012,2008,3240.433837890625
01,012,2009,3565.468505859375
01,012,2010,5581.43212890625
01,012,2011,5259.646484375
01,012,2012,6235.9677734375
01,012,2013,5679.3046875
01,013,1994,0
01,013,1995,0
01,013,1996,0
01,013,1997,0
01,013,1998,0
01,013,1999,0
01,013,2000,476.00621032714844
01,013,2001,73.1539535522461
01,013,2002,414.451208114624
01,013,2003,382.3059539794922
01,013,2004,339.8049011230469
01,013,2005,376.9336624145508
01,013,2006,416.96461486816406
01,013,2007,1219.6664428710938
01,013,2008,725.83709716796875
01,013,2009,890.54931640625
01,013,2010,2034.4466552734375
01,013,2011,1713.5887451171875
01,013,2012,1929.1318359375
01,013,2013,2017.77294921875
01,014,1994,0
01,014,1995,81.6343002319336
01,014,1996,253.99620056152344
01,014,1997,269.4459457397461
01,014,1998,428.7048034667969
01,014,1999,215.94860076904297
01,014,2000,2804.4471435546875
01,014,2001,736.0880432128906
01,014,2002,2507.3579711914062
01,014,2003,2623.6429443359375
01,014,2004,2715.80224609375
01,014,2005,2839.4898071289062
01,014,2006,3042.8483276367188
01,014,2007,6052.72802734375
01,014,2008,4026.06884765625
01,014,2009,5110.48583984375
01,014,2010,10454.8720703125
01,014,2011,9718.126953125
01,014,2012,11368.384765625
01,014,2013,10657.8408203125
01,015,1994,0
01,015,1995,0
01,015,1996,0
01,015,1997,0
01,015,1998,0
01,015,1999,0
01,015,2000,1209.967514038086
01,015,2001,183.80780029296875
01,015,2002,1067.3134002685547
01,015,2003,1008.1064758300781
01,015,2004,914.810302734375
01,015,2005,758.67791748046875
01,015,2006,1114.1761627197266
01,015,2007,2648.9783935546875
01,015,2008,1407.2454833984375
01,015,2009,2038.0975341796875
01,015,2010,4795.5546875
01,015,2011,4052.510009765625
01,015,2012,4742.21240234375
01,015,2013,4397.91455078125
01,016,1994,268.2525100708008
01,016,1995,546.44769287109375
01,016,1996,849.48638916015625
01,016,1997,651.4446105957031
01,016,1998,1227.3607788085938
01,016,1999,933.71038818359375
01,016,2000,4017.6182861328125
01,016,2001,2213.4910888671875
01,016,2002,4303.345458984375
01,016,2003,3720.026123046875
01,016,2004,3692.1793212890625
01,016,2005,3579.17236328125
01,016,2006,3485.7679443359375
01,016,2007,6316.263671875
01,016,2008,3970.953857421875
01,016,2009,5253.359375
01,016,2010,10417.1728515625
01,016,2011,9035.7099609375
01,016,2012,8891.0576171875
01,016,2013,8795.7958984375
01,017,1994,311.46165466308594
01,017,1995,461.2095031738281
01,017,1996,619.9578857421875
01,017,1997,552.0643615722656
01,017,1998,1151.2267456054688
01,017,1999,612.7482604980469
01,017,2000,1893.4657592773438
01,017,2001,1002.7578735351562
01,017,2002,1958.862548828125
01,017,2003,1848.9586791992188
01,017,2004,1907.2042846679688
01,017,2005,1975.8964233398438
01,017,2006,2078.7939453125
01,017,2007,3377.9847412109375
01,017,2008,2125.918212890625
01,017,2009,3063.873779296875
01,017,2010,5627.59619140625
01,017,2011,4965.9560546875
01,017,2012,5452.88232421875
01,017,2013,5309.74853515625
01,018,1994,1937.7386474609375
01,018,1995,1591.1639404296875
01,018,1996,1568.1617431640625
01,018,1997,1564.1992797851562
01,018,1998,2104.7489013671875
01,018,1999,1794.189697265625
01,018,2000,9179.2313232421875
01,018,2001,2568.1583862304688
01,018,2002,7990.0130615234375
01,018,2003,6887.119384765625
01,018,2004,6367.85986328125
01,018,2005,4938.899963378906
01,018,2006,6541.63671875
01,018,2007,13074.10498046875
01,018,2008,7304.6142578125
01,018,2009,12140.357421875
01,018,2010,29030.90625
01,018,2011,23675.798828125
01,018,2012,23454.669921875
01,018,2013,23352.66796875
01,019,1994,4771.83154296875
01,019,1995,5741.98388671875
01,019,1996,6958.24755859375
01,019,1997,5619.687255859375
01,019,1998,8076.2158203125
01,019,1999,5906.18408203125
01,019,2000,9061.874267578125
01,019,2001,6727.19775390625
01,019,2002,8757.512939453125
01,019,2003,8285.794921875
01,019,2004,9122.74462890625
01,019,2005,8908.31787109375
01,019,2006,8921.5673828125
01,019,2007,11748.0888671875
01,019,2008,9050.7177734375
01,019,2009,11538.92578125
01,019,2010,16712.357421875
01,019,2011,16404.712890625
01,019,2012,17587.697265625
01,019,2013,16950.4296875
01,020,1994,3650.2105712890625
01,020,1995,4044.646484375
01,020,1996,4112.00390625
01,020,1997,3233.4014892578125
01,020,1998,4356.8519287109375
01,020,1999,3544.103271484375
01,020,2000,5824.9423828125
01,020,2001,4203.3948974609375
01,020,2002,5773.6220703125
01,020,2003,5404.513427734375
01,020,2004,5917.858642578125
01,020,2005,6558.290771484375
01,020,2006,6635.52734375
01,020,2007,8767.66650390625
01,020,2008,6591.091796875
01,020,2009,7919.33203125
01,020,2010,11700.12109375
01,020,2011,10086.57421875
01,020,2012,11391.12109375
01,020,2013,10639.8076171875
01,021,1994,36041.92578125
01,021,1995,38339.02734375
01,021,1996,42498.02734375
01,021,1997,40260.505859375
01,021,1998,44705.5703125
01,021,1999,37868.5703125
01,021,2000,40485.26171875
01,021,2001,41606.15625
01,021,2002,43928.677734375
01,021,2003,42426.60546875
01,021,2004,43972.03515625
01,021,2005,44956.265625
01,021,2006,44885.162109375
01,021,2007,47969.99609375
01,021,2008,47291.4765625
01,021,2009,52069.96875
01,021,2010,52666.23828125
01,021,2011,51212.6171875
01,021,2012,56996.37109375
01,021,2013,52339.76953125
01,022,1994,10732.72021484375
01,022,1995,11050.84375
01,022,1996,12712.97265625
01,022,1997,12408.79638671875
01,022,1998,13755.8701171875
01,022,1999,12540.142578125
01,022,2000,13956.11572265625
01,022,2001,13923.58154296875
01,022,2002,15100.65625
01,022,2003,14835.20556640625
01,022,2004,16196.48095703125
01,022,2005,16771.8046875
01,022,2006,16689.98046875
01,022,2007,17786.3935546875
01,022,2008,17077.314453125
01,022,2009,19432.3671875
01,022,2010,19960.611328125
01,022,2011,20774.83203125
01,022,2012,22098.66796875
01,022,2013,19907.2890625
02,023,1994,1539.4508056640625
02,023,1995,2158.52734375
02,023,1996,2521.03271484375
02,023,1997,1624.4835205078125
02,023,1998,2752.46337890625
02,023,1999,2963.803955078125
02,023,2000,10157.19287109375
02,023,2001,4658.9437255859375
02,023,2002,9508.315673828125
02,023,2003,8674.904052734375
02,023,2004,9218.4921875
02,023,2005,8437.592041015625
02,023,2006,9581.419921875
02,023,2007,16234.44580078125
02,023,2008,11215.0947265625
02,023,2009,13925.9873046875
02,023,2010,27161.125
02,023,2011,23551.537109375
02,023,2012,22976.455078125
02,023,2013,23276.529296875
02,024,1994,8643.692138671875
02,024,1995,12239.099609375
02,024,1996,16068.671875
02,024,1997,12850.09228515625
02,024,1998,19212.4287109375
02,024,1999,21218.4951171875
02,024,2000,29648.451171875
02,024,2001,22828.31640625
02,024,2002,28302.2939453125
02,024,2003,28075.4306640625
02,024,2004,32204.8486328125
02,024,2005,32253.75390625
02,024,2006,33235.1279296875
02,024,2007,39944.4375
02,024,2008,36617.58984375
02,024,2009,38432.4140625
02,024,2010,44934.9453125
02,024,2011,44284.35546875
02,024,2012,45391.71484375
02,024,2013,44414.921875
02,025,1994,0
02,025,1995,0
02,025,1996,34.516300201416016
02,025,1997,10.987799644470215
02,025,1998,0
02,025,1999,0
02,025,2000,12033.726440429688
02,025,2001,1993.2399559020996
02,025,2002,10792.27880859375
02,025,2003,9455.937744140625
02,025,2004,8441.830078125
02,025,2005,6227.2216796875
02,025,2006,9115.3953857421875
02,025,2007,19564.7470703125
02,025,2008,10994.0810546875
02,025,2009,18497.060546875
02,025,2010,45711.94921875
02,025,2011,37011.34765625
02,025,2012,36630.23828125
02,025,2013,36634.6796875
02,026,1994,1551.6390380859375
02,026,1995,1906.543701171875
02,026,1996,3069.76953125
02,026,1997,2682.2225341796875
02,026,1998,3536.871826171875
02,026,1999,5172.51416015625
02,026,2000,10644.284423828125
02,026,2001,5833.25048828125
02,026,2002,9549.841796875
02,026,2003,9046.64013671875
02,026,2004,10317.38330078125
02,026,2005,9587.673095703125
02,026,2006,11073.576171875
02,026,2007,16949.2705078125
02,026,2008,12339.9609375
02,026,2009,13546.087890625
02,026,2010,25388.587890625
02,026,2011,22658.34375
02,026,2012,22185.404296875
02,026,2013,22775.962890625
02,027,1994,3996.1890869140625
02,027,1995,4652.8232421875
02,027,1996,6916.9248046875
02,027,1997,5094.243408203125
02,027,1998,7760.114013671875
02,027,1999,10218.3046875
02,027,2000,15460.14013671875
02,027,2001,11146.28125
02,027,2002,15441.31494140625
02,027,2003,16119.72216796875
02,027,2004,18311.68505859375
02,027,2005,17983.7529296875
02,027,2006,19334.8876953125
02,027,2007,25012.4736328125
02,027,2008,20981.20703125
02,027,2009,22386.060546875
02,027,2010,28440.76953125
02,027,2011,27444.255859375
02,027,2012,27412.435546875
02,027,2013,27129.7890625
02,028,1994,2643.783447265625
02,028,1995,4783.59765625
02,028,1996,5887.359375
02,028,1997,4671.760986328125
02,028,1998,6839.621337890625
02,028,1999,8738.2412109375
02,028,2000,10521.31884765625
02,028,2001,8822.150634765625
02,028,2002,10130.17578125
02,028,2003,10038.0263671875
02,028,2004,10787.2958984375
02,028,2005,10548.8837890625
02,028,2006,10681.62646484375
02,028,2007,11585.1474609375
02,028,2008,11132.966796875
02,028,2009,12090.9326171875
02,028,2010,12298.5732421875
02,028,2011,12480.443359375
02,028,2012,12472.76953125
02,028,2013,12285.7587890625
02,029,1994,5827.750732421875
02,029,1995,8140.736328125
02,029,1996,8740.1533203125
02,029,1997,8563.70068359375
02,029,1998,10526.1162109375
02,029,1999,12036.99853515625
02,029,2000,14535.5849609375
02,029,2001,12340.91259765625
02,029,2002,13696.451171875
02,029,2003,14168.3505859375
02,029,2004,15546.80078125
02,029,2005,15468.52685546875
02,029,2006,17185.09765625
02,029,2007,18833.9453125
02,029,2008,18014.08984375
02,029,2009,18430.62890625
02,029,2010,20053.666015625
02,029,2011,19434.169921875
02,029,2012,21546.076171875
02,029,2013,20128.9609375
02,030,1994,6220.116455078125
02,030,1995,7548.1083984375
02,030,1996,9314.7021484375
02,030,1997,8015.032470703125
02,030,1998,9442.5380859375
02,030,1999,10976.24365234375
02,030,2000,12713.90673828125
02,030,2001,11339.68994140625
02,030,2002,12323.33544921875
02,030,2003,12044.74365234375
02,030,2004,13117.71142578125
02,030,2005,13390.185546875
02,030,2006,13799.69189453125
02,030,2007,15499.66748046875
02,030,2008,15135.4677734375
02,030,2009,15601.28515625
02,030,2010,15857.5654296875
02,030,2011,15881.841796875
02,030,2012,16164.505859375
02,030,2013,15653.759765625
02,031,1994,7973.921875
02,031,1995,10388.7861328125
02,031,1996,12741.560546875
02,031,1997,11660.97021484375
02,031,1998,14201.86962890625
02,031,1999,18724.7421875
02,031,2000,21511.7431640625
02,031,2001,19491.71875
02,031,2002,20554.921875
02,031,2003,19792.328125
02,031,2004,22296.9072265625
02,031,2005,24318.7177734375
02,031,2006,26602.826171875
02,031,2007,28759.787109375
02,031,2008,28413.103515625
02,031,2009,30450.978515625
02,031,2010,31052.603515625
02,031,2011,31444.16015625
02,031,2012,32306.232421875
02,031,2013,30413.146484375
02,032,1994,4021.923095703125
02,032,1995,5154.6396484375
02,032,1996,6024.0322265625
02,032,1997,5897.525390625
02,032,1998,6550.225830078125
02,032,1999,8368.0537109375
02,032,2000,10874.61328125
02,032,2001,9321.043701171875
02,032,2002,10687.247314453125
02,032,2003,10252.0751953125
02,032,2004,13747.9609375
02,032,2005,13699.162109375
02,032,2006,15632.791015625
02,032,2007,20022.0166015625
02,032,2008,17526.26953125
02,032,2009,16671.349609375
02,032,2010,22674.541015625
02,032,2011,20389.40234375
02,032,2012,21941.50390625
02,032,2013,21353.888671875
02,033,1994,3011.81201171875
02,033,1995,4435.32373046875
02,033,1996,5832.8212890625
02,033,1997,4985.110107421875
02,033,1998,6970.700439453125
02,033,1999,10036.33642578125
02,033,2000,16287.03955078125
02,033,2001,10747.35302734375
02,033,2002,14583.1357421875
02,033,2003,13332.16015625
02,033,2004,16837.201171875
02,033,2005,15941.22998046875
02,033,2006,17543.62353515625
02,033,2007,23151.83984375
02,033,2008,18443.544921875
02,033,2009,19066.36328125
02,033,2010,30804.15625
02,033,2011,29570.689453125
02,033,2012,27689.095703125
02,033,2013,28048.1875
02,034,1994,280.0978469848633
02,034,1995,983.364013671875
02,034,1996,1014.9711303710938
02,034,1997,689.7385559082031
02,034,1998,1208.7645874023438
02,034,1999,1501.317626953125
02,034,2000,6895.3463134765625
02,034,2001,2129.2592163085938
02,034,2002,6462.0404052734375
02,034,2003,5727.7489013671875
02,034,2004,5249.8138427734375
02,034,2005,4043.3383178710938
02,034,2006,5508.2274169921875
02,034,2007,10960.942138671875
02,034,2008,6969.47509765625
02,034,2009,10258.095703125
02,034,2010,24006.55078125
02,034,2011,19958.06640625
02,034,2012,19133.837890625
02,034,2013,19218.587890625
03,035,1994,55603.81640625
03,035,1995,61820.5546875
03,035,1996,63884.9921875
03,035,1997,63950.03125
03,035,1998,69426.66796875
03,035,1999,68419.8359375
03,035,2000,65757.958984375
03,035,2001,65372.369140625
03,035,2002,63275.45703125
03,035,2003,61804.791015625
03,035,2004,62442.271484375
03,035,2005,64039.21484375
03,035,2006,66812.48046875
03,035,2007,70816.1015625
03,035,2008,68853.765625
03,035,2009,72960.8671875
03,035,2010,65809.6015625
03,035,2011,64944.06640625
03,035,2012,67949.40625
03,035,2013,64759.140625
03,036,1994,26789.703125
03,036,1995,27734.7734375
03,036,1996,29750.8046875
03,036,1997,28947.4580078125
03,036,1998,30035.24609375
03,036,1999,31083.7265625
03,036,2000,30241.05078125
03,036,2001,30356.8671875
03,036,2002,29697.5693359375
03,036,2003,29672.5556640625
03,036,2004,30166.546875
03,036,2005,30058.255859375
03,036,2006,31514.7451171875
03,036,2007,33247.84765625
03,036,2008,32445.40625
03,036,2009,35455.28125
03,036,2010,32847.4453125
03,036,2011,32568.728515625
03,036,2012,33763.65234375
03,036,2013,30335.408203125
03,037,1994,52302.486328125
03,037,1995,55193.8359375
03,037,1996,59476.390625
03,037,1997,60476.154296875
03,037,1998,59528.173828125
03,037,1999,62820.12109375
03,037,2000,60154.75390625
03,037,2001,61708.447265625
03,037,2002,58565.837890625
03,037,2003,57473.396484375
03,037,2004,58827.083984375
03,037,2005,58751.087890625
03,037,2006,61821.95703125
03,037,2007,64266.2734375
03,037,2008,63517.47265625
03,037,2009,68772.78125
03,037,2010,63132.015625
03,037,2011,61824.1953125
03,037,2012,64653.046875
03,037,2013,59529.90625
03,038,1994,30727.197265625
03,038,1995,33693.9375
03,038,1996,36076.953125
03,038,1997,37157.28515625
03,038,1998,38969.4296875
03,038,1999,41480.15625
03,038,2000,41979.220703125
03,038,2001,40694.48828125
03,038,2002,41874.48046875
03,038,2003,42199.92578125
03,038,2004,42725.64453125
03,038,2005,43108.58984375
03,038,2006,46551.955078125
03,038,2007,50305.51953125
03,038,2008,48777.9921875
03,038,2009,54095.01171875
03,038,2010,47929.11328125
03,038,2011,46869.12109375
03,038,2012,48220.8515625
03,038,2013,45381.58984375
03,039,1994,16515.7802734375
03,039,1995,17285.171875
03,039,1996,20136.46484375
03,039,1997,19063.2021484375
03,039,1998,19475.3486328125
03,039,1999,20575.34375
03,039,2000,19468.955078125
03,039,2001,19445.537109375
03,039,2002,19496.73388671875
03,039,2003,19186.33984375
03,039,2004,19713.6982421875
03,039,2005,19836.4248046875
03,039,2006,21287.8154296875
03,039,2007,22491.1162109375
03,039,2008,21109.751953125
03,039,2009,23802.802734375
03,039,2010,21575.09375
03,039,2011,20819.65625
03,039,2012,21476.271484375
03,039,2013,19334.8359375
03,040,1994,20992.6611328125
03,040,1995,21518.966796875
03,040,1996,23217.53125
03,040,1997,23758.302734375
03,040,1998,23716.5546875
03,040,1999,23898.6201171875
03,040,2000,23007.6630859375
03,040,2001,23632.8662109375
03,040,2002,22963.349609375
03,040,2003,22607.0927734375
03,040,2004,23713.853515625
03,040,2005,23798.189453125
03,040,2006,24741.2705078125
03,040,2007,25276.3994140625
03,040,2008,24642.80859375
03,040,2009,28456.197265625
03,040,2010,25113.958984375
03,040,2011,24309.169921875
03,040,2012,24741.666015625
03,040,2013,22884.828125
03,041,1994,72039.3515625
03,041,1995,74600.71875
03,041,1996,81767.15625
03,041,1997,85016.953125
03,041,1998,85603.94921875
03,041,1999,88343.453125
03,041,2000,87048.19140625
03,041,2001,88213.23828125
03,041,2002,84609.203125
03,041,2003,85027.68359375
03,041,2004,86391.0546875
03,041,2005,87705.12109375
03,041,2006,90491.5
03,041,2007,93838.81640625
03,041,2008,92169.7109375
03,041,2009,100103.46875
03,041,2010,91714.90625
03,041,2011,88022.9921875
03,041,2012,95120.125
03,041,2013,89588.3203125
03,042,1994,29640.6025390625
03,042,1995,32401.49609375
03,042,1996,36030.3359375
03,042,1997,36050.9453125
03,042,1998,40813.736328125
03,042,1999,39492.654296875
03,042,2000,40773.078125
03,042,2001,40281.958984375
03,042,2002,39290.353515625
03,042,2003,39926.904296875
03,042,2004,40283.111328125
03,042,2005,39862.5234375
03,042,2006,40757.791015625
03,042,2007,42605.96875
03,042,2008,41595.1640625
03,042,2009,45154.96875
03,042,2010,40106.828125
03,042,2011,38957.80859375
03,042,2012,39820.87109375
03,042,2013,36493.11328125
03,043,1994,76331.80859375
03,043,1995,79385.4921875
03,043,1996,83395.6171875
03,043,1997,80859.44140625
03,043,1998,86025.109375
03,043,1999,85134.265625
03,043,2000,86789.3359375
03,043,2001,85923.359375
03,043,2002,82417.65234375
03,043,2003,84663.94921875
03,043,2004,86293.0703125
03,043,2005,85590.63671875
03,043,2006,87515.234375
03,043,2007,91805.47265625
03,043,2008,88460.96875
03,043,2009,98934.625
03,043,2010,90475.984375
03,043,2011,86798.40625
03,043,2012,92740.5390625
03,043,2013,87157.8984375
03,044,1994,29373.255859375
03,044,1995,32506.8515625
03,044,1996,33867.6171875
03,044,1997,34705.3662109375
03,044,1998,37667.634765625
03,044,1999,38077.31640625
03,044,2000,41189.64453125
03,044,2001,40436.03515625
03,044,2002,39663.595703125
03,044,2003,40119.767578125
03,044,2004,40999.716796875
03,044,2005,40447.974609375
03,044,2006,41752.658203125
03,044,2007,45697.802734375
03,044,2008,44766.578125
03,044,2009,51125.546875
03,044,2010,46928.7734375
03,044,2011,45402.93359375
03,044,2012,50629.8515625
03,044,2013,47242.046875
03,045,1994,19316.6611328125
03,045,1995,21147.859375
03,045,1996,22519.865234375
03,045,1997,22621.970703125
03,045,1998,24089.919921875
03,045,1999,24053.0693359375
03,045,2000,25150.5361328125
03,045,2001,24600.2001953125
03,045,2002,24558.275390625
03,045,2003,25101.830078125
03,045,2004,25004.619140625
03,045,2005,24774.115234375
03,045,2006,26317.994140625
03,045,2007,27486.7470703125
03,045,2008,27202.013671875
03,045,2009,29990.41796875
03,045,2010,27276.771484375
03,045,2011,25736.060546875
03,045,2012,27050.38671875
03,045,2013,25072.267578125
03,046,1994,38447.404296875
03,046,1995,43574.64453125
03,046,1996,47626.74609375
03,046,1997,48105.328125
03,046,1998,48466.966796875
03,046,1999,50132.396484375
03,046,2000,51603.2265625
03,046,2001,51453.265625
03,046,2002,51241.34375
03,046,2003,51695.837890625
03,046,2004,53791.244140625
03,046,2005,54513.80859375
03,046,2006,58479.732421875
03,046,2007,63532.767578125
03,046,2008,63855.40625
03,046,2009,74575.125
03,046,2010,69266.921875
03,046,2011,69604.2890625
03,046,2012,74880.7421875
03,046,2013,69671.8671875
03,047,1994,21512.353515625
03,047,1995,24046.455078125
03,047,1996,25629.291015625
03,047,1997,25067.2099609375
03,047,1998,24642.5751953125
03,047,1999,25113.453125
03,047,2000,26727.646484375
03,047,2001,26200.2109375
03,047,2002,26484.2509765625
03,047,2003,28529.3681640625
03,047,2004,29170.5654296875
03,047,2005,29187.58203125
03,047,2006,31880.6396484375
03,047,2007,34504.2265625
03,047,2008,33564.87890625
03,047,2009,40142.8671875
03,047,2010,34487.0625
03,047,2011,36066.91796875
03,047,2012,37962.7265625
03,047,2013,34673.69140625
03,048,1994,56400.810546875
03,048,1995,58502.33203125
03,048,1996,62643.6484375
03,048,1997,64012.9765625
03,048,1998,65232.798828125
03,048,1999,67477.95703125
03,048,2000,65202.220703125
03,048,2001,65627.59375
03,048,2002,64091.267578125
03,048,2003,64422.310546875
03,048,2004,67363.619140625
03,048,2005,65539.828125
03,048,2006,67987.890625
03,048,2007,68451.078125
03,048,2008,66534.625
03,048,2009,76045.3125
03,048,2010,65856.0703125
03,048,2011,64442.8828125
03,048,2012,66800.7890625
03,048,2013,62489.921875
03,049,1994,52291.18359375
03,049,1995,59007.265625
03,049,1996,61207.63671875
03,049,1997,60622.6328125
03,049,1998,66360.37890625
03,049,1999,67985.328125
03,049,2000,65710.650390625
03,049,2001,65924.552734375
03,049,2002,63505.5390625
03,049,2003,59489.98046875
03,049,2004,62540.306640625
03,049,2005,62570.05859375
03,049,2006,64149.111328125
03,049,2007,64395.669921875
03,049,2008,65542.46875
03,049,2009,69754.921875
03,049,2010,68121.71875
03,049,2011,66259.3046875
03,049,2012,69441.390625
03,049,2013,65313.47265625
03,050,1994,39550.6875
03,050,1995,42508.08984375
03,050,1996,45062.4921875
03,050,1997,43210.8125
03,050,1998,48770.357421875
03,050,1999,49471.84375
03,050,2000,47888.21875
03,050,2001,49237.5625
03,050,2002,46203.693359375
03,050,2003,43843.818359375
03,050,2004,45590.21875
03,050,2005,45728.31640625
03,050,2006,47109.109375
03,050,2007,48607.361328125
03,050,2008,48893.3359375
03,050,2009,53608.00390625
03,050,2010,50971.828125
03,050,2011,51139.359375
03,050,2012,51923.78125
03,050,2013,47522.87109375
03,051,1994,16078.45947265625
03,051,1995,17943.708984375
03,051,1996,19976.92578125
03,051,1997,19423.3486328125
03,051,1998,19866.6416015625
03,051,1999,21833.83203125
03,051,2000,22138.37109375
03,051,2001,21494.1484375
03,051,2002,21641.7783203125
03,051,2003,20801.4677734375
03,051,2004,21308.4892578125
03,051,2005,21447.1142578125
03,051,2006,23202.875
03,051,2007,24421.19140625
03,051,2008,23715.61328125
03,051,2009,27185.953125
03,051,2010,25777.361328125
03,051,2011,25464.94140625
03,051,2012,26773.345703125
03,051,2013,24298.267578125
03,052,1994,25545.0224609375
03,052,1995,27534.884765625
03,052,1996,29942.546875
03,052,1997,31851.86328125
03,052,1998,30801.28125
03,052,1999,31653.400390625
03,052,2000,31649.869140625
03,052,2001,33192.9541015625
03,052,2002,32066.9755859375
03,052,2003,31313.60546875
03,052,2004,32804.6591796875
03,052,2005,33825.328125
03,052,2006,36702.796875
03,052,2007,37726.052734375
03,052,2008,37449.109375
03,052,2009,42290.859375
03,052,2010,41114.66796875
03,052,2011,39817.9609375
03,052,2012,44055.03515625
03,052,2013,42894.234375
03,053,1994,49600.0546875
03,053,1995,52477.796875
03,053,1996,57546.85546875
03,053,1997,59084.791015625
03,053,1998,58888.81640625
03,053,1999,60778.2734375
03,053,2000,60566.8984375
03,053,2001,60267.708984375
03,053,2002,59173.9609375
03,053,2003,59450.66015625
03,053,2004,61219.833984375
03,053,2005,59710.86328125
03,053,2006,63271.392578125
03,053,2007,64765.888671875
03,053,2008,64582.41796875
03,053,2009,73716.3046875
03,053,2010,63032.96875
03,053,2011,61352.3828125
03,053,2012,63378.734375
03,053,2013,60177.27734375
03,054,1994,17110.90185546875
03,054,1995,18137.59765625
03,054,1996,20749.2890625
03,054,1997,21642.517578125
03,054,1998,22305.0556640625
03,054,1999,22414.103515625
03,054,2000,22417.244140625
03,054,2001,22770.70703125
03,054,2002,21957.28515625
03,054,2003,21630.376953125
03,054,2004,22740.298828125
03,054,2005,22733.98046875
03,054,2006,23603.3798828125
03,054,2007,24907.5947265625
03,054,2008,25705.552734375
03,054,2009,28815.537109375
03,054,2010,25429.306640625
03,054,2011,25285.7734375
03,054,2012,25939.93359375
03,054,2013,23673.875
04,055,1994,10797.44775390625
04,055,1995,10699.111328125
04,055,1996,10874.375
04,055,1997,10961.6904296875
04,055,1998,11108.8466796875
04,055,1999,11327.4833984375
04,055,2000,11097.73291015625
04,055,2001,11491.58740234375
04,055,2002,11281.23193359375
04,055,2003,11323.95654296875
04,055,2004,11207.04150390625
04,055,2005,11391.92578125
04,055,2006,11536.44970703125
04,055,2007,11502.5126953125
04,055,2008,11583.5771484375
04,055,2009,11108.759765625
04,055,2010,10903.0263671875
04,055,2011,10960.4072265625
04,055,2012,11679.7119140625
04,055,2013,11705.0244140625
05,056,1994,349.8483428955078
05,056,1995,534.38287353515625
05,056,1996,538.1531982421875
05,056,1997,488.271240234375
05,056,1998,632.9075622558594
05,056,1999,1197.3358764648438
05,056,2000,8837.8502197265625
05,056,2001,3017.4083251953125
05,056,2002,8177.9136962890625
05,056,2003,7515.648681640625
05,056,2004,8463.92236328125
05,056,2005,6794.6439208984375
05,056,2006,8671.810546875
05,056,2007,15371.8369140625
05,056,2008,11622.5966796875
05,056,2009,13753.8330078125
05,056,2010,30129.15625
05,056,2011,25208.4296875
05,056,2012,23935.283203125
05,056,2013,23726.2578125
05,057,1994,200.35300827026367
05,057,1995,344.126708984375
05,057,1996,255.281005859375
05,057,1997,365.7174987792969
05,057,1998,731.0072937011719
05,057,1999,1268.02685546875
05,057,2000,8768.8218994140625
05,057,2001,3360.642822265625
05,057,2002,8035.22265625
05,057,2003,7676.6435546875
05,057,2004,8001.371826171875
05,057,2005,4597.619873046875
05,057,2006,7378.5264892578125
05,057,2007,12951.5615234375
05,057,2008,10069.779296875
05,057,2009,12471.7353515625
05,057,2010,29281.111328125
05,057,2011,24651.869140625
05,057,2012,24075.314453125
05,057,2013,22902.193359375
05,058,1994,46.61780166625976
05,058,1995,188.39190673828125
05,058,1996,151.7006072998047
05,058,1997,131.41580200195312
05,058,1998,121.51274871826172
05,058,1999,691.8682861328125
05,058,2000,3032.968017578125
05,058,2001,1847.927001953125
05,058,2002,2611.0111083984375
05,058,2003,2829.7117919921875
05,058,2004,3692.6409912109375
05,058,2005,1570.0092163085938
05,058,2006,2903.7796020507812
05,058,2007,3956.5311279296875
05,058,2008,3608.72021484375
05,058,2009,3803.7236328125
05,058,2010,8765.27734375
05,058,2011,7215.46875
05,058,2012,7569.02880859375
05,058,2013,7674.583984375
05,059,1994,3602.7039794921875
05,059,1995,4258.04345703125
05,059,1996,4862.49853515625
05,059,1997,4457.95263671875
05,059,1998,5916.58154296875
05,059,1999,9176.9921875
05,059,2000,14770.22607421875
05,059,2001,12604.88916015625
05,059,2002,13641.32470703125
05,059,2003,14013.17236328125
05,059,2004,15832.15625
05,059,2005,13653.2353515625
05,059,2006,16227.31884765625
05,059,2007,18805.234375
05,059,2008,20460.6328125
05,059,2009,20108.453125
05,059,2010,29462.408203125
05,059,2011,26466.296875
05,059,2012,28020.966796875
05,059,2013,26608.84375
05,060,1994,17704.3251953125
05,060,1995,20796.48828125
05,060,1996,22395.134765625
05,060,1997,21457.482421875
05,060,1998,22531.67578125
05,060,1999,24176.2998046875
05,060,2000,27111.1416015625
05,060,2001,25778.205078125
05,060,2002,28619.1767578125
05,060,2003,28616.41796875
05,060,2004,31223.9130859375
05,060,2005,32509.4873046875
05,060,2006,34562.47265625
05,060,2007,38248.8515625
05,060,2008,36182.5546875
05,060,2009,39924.93359375
05,060,2010,46842.4609375
05,060,2011,44615.33203125
05,060,2012,45180.765625
05,060,2013,43690.39453125
05,061,1994,3170.0953369140625
05,061,1995,5011.91650390625
05,061,1996,5927.82275390625
05,061,1997,4652.13134765625
05,061,1998,5403.406494140625
05,061,1999,7575.71240234375
05,061,2000,15632.49755859375
05,061,2001,10963.13818359375
05,061,2002,13365.52783203125
05,061,2003,14243.98291015625
05,061,2004,17189.580078125
05,061,2005,11684.51708984375
05,061,2006,14390.00439453125
05,061,2007,16882.4794921875
05,061,2008,16481.84765625
05,061,2009,15070.8818359375
05,061,2010,28808.83984375
05,061,2011,28089.0625
05,061,2012,27238.0703125
05,061,2013,27139.544921875
05,062,1994,987.33709716796875
05,062,1995,1443.5633544921875
05,062,1996,1818.6368408203125
05,062,1997,1281.503662109375
05,062,1998,1525.583251953125
05,062,1999,2264.2408447265625
05,062,2000,7949.560546875
05,062,2001,2785.1675415039062
05,062,2002,7078.4498291015625
05,062,2003,7369.918701171875
05,062,2004,8260.56787109375
05,062,2005,5078.058898925781
05,062,2006,7474.056396484375
05,062,2007,11682.4921875
05,062,2008,8226.7744140625
05,062,2009,11246.0234375
05,062,2010,27029.732421875
05,062,2011,22038.947265625
05,062,2012,23019.33203125
05,062,2013,23226.431640625
05,063,1994,564.0680694580078
05,063,1995,887.10321044921875
05,063,1996,944.7783203125
05,063,1997,474.62890625
05,063,1998,970.036376953125
05,063,1999,1374.5729370117188
05,063,2000,3531.949462890625
05,063,2001,1430.530517578125
05,063,2002,3229.62744140625
05,063,2003,3467.826416015625
05,063,2004,4533.572265625
05,063,2005,2219.0130615234375
05,063,2006,3522.102783203125
05,063,2007,4758.845458984375
05,063,2008,4639.7255859375
05,063,2009,4516.8583984375
05,063,2010,11095.046875
05,063,2011,9628.0654296875
05,063,2012,9561.921875
05,063,2013,9108.0126953125
05,064,1994,1659.4736328125
05,064,1995,3519.665283203125
05,064,1996,3637.438232421875
05,064,1997,2416.4156494140625
05,064,1998,3344.944091796875
05,064,1999,4903.568115234375
05,064,2000,7856.918701171875
05,064,2001,4496.25341796875
05,064,2002,6985.3701171875
05,064,2003,8582.280029296875
05,064,2004,11483.41796875
05,064,2005,5131.737060546875
05,064,2006,9368.311279296875
05,064,2007,10182.541259765625
05,064,2008,13260.3720703125
05,064,2009,10435.5791015625
05,064,2010,20462.615234375
05,064,2011,17660.40234375
05,064,2012,18938.416015625
05,064,2013,19250.96875
05,065,1994,1603.4429931640625
05,065,1995,1876.6356201171875
05,065,1996,2047.186279296875
05,065,1997,1533.3286743164062
05,065,1998,1543.4506225585938
05,065,1999,1803.032958984375
05,065,2000,3333.7012939453125
05,065,2001,2122.9734497070312
05,065,2002,3222.1314086914062
05,065,2003,3273.7601318359375
05,065,2004,3498.8648681640625
05,065,2005,3005.7855224609375
05,065,2006,4061.4053955078125
05,065,2007,4807.66357421875
05,065,2008,3954.97119140625
05,065,2009,4787.60546875
05,065,2010,8519.2158203125
05,065,2011,7397.04443359375
05,065,2012,7822.87890625
05,065,2013,7767.43994140625
05,066,1994,7519.37744140625
05,066,1995,10503.4560546875
05,066,1996,10509.9482421875
05,066,1997,9747.63525390625
05,066,1998,10712.00390625
05,066,1999,12682.86572265625
05,066,2000,16597.40966796875
05,066,2001,14067.31396484375
05,066,2002,17184.5869140625
05,066,2003,17567.10791015625
05,066,2004,19394.701171875
05,066,2005,17529.580078125
05,066,2006,21894.16015625
05,066,2007,23492.04296875
05,066,2008,25613.3046875
05,066,2009,24401.544921875
05,066,2010,34378.296875
05,066,2011,32847.6640625
05,066,2012,32690.76171875
05,066,2013,32577.552734375
05,067,1994,25872.0439453125
05,067,1995,29579.095703125
05,067,1996,30464.21484375
05,067,1997,28064.810546875
05,067,1998,28308.3935546875
05,067,1999,29763.8740234375
05,067,2000,31727.201171875
05,067,2001,29778.646484375
05,067,2002,32564.4296875
05,067,2003,32287.6533203125
05,067,2004,32820.689453125
05,067,2005,31356.6162109375
05,067,2006,35013.66796875
05,067,2007,39360.880859375
05,067,2008,44755.78515625
05,067,2009,45473.9140625
05,067,2010,43946.140625
05,067,2011,47426.09375
05,067,2012,47699.37890625
05,067,2013,47527.0859375
05,068,1994,12122.6181640625
05,068,1995,15280.046875
05,068,1996,15571.3603515625
05,068,1997,12112.5390625
05,068,1998,15704.68798828125
05,068,1999,13415.54443359375
05,068,2000,16672.68212890625
05,068,2001,17852.8154296875
05,068,2002,21680.7373046875
05,068,2003,22132.791015625
05,068,2004,24462.51171875
05,068,2005,25751.623046875
05,068,2006,28203.3740234375
05,068,2007,33461.7373046875
05,068,2008,35439.23828125
05,068,2009,39809.8046875
05,068,2010,40256.328125
05,068,2011,41711.80859375
05,068,2012,42641.85546875
05,068,2013,41500.06640625
06,069,1994,11684.2275390625
06,069,1995,12714.0126953125
06,069,1996,14805.3173828125
06,069,1997,13503.78857421875
06,069,1998,14022.806640625
06,069,1999,13490.88232421875
06,069,2000,14925.86083984375
06,069,2001,15360.3544921875
06,069,2002,15174.58203125
06,069,2003,14809.3603515625
06,069,2004,16305.9716796875
06,069,2005,16801.3349609375
06,069,2006,16668.54931640625
06,069,2007,17698.8056640625
06,069,2008,18066.904296875
06,069,2009,21433.609375
06,069,2010,20613.15234375
06,069,2011,20591.869140625
06,069,2012,21723.828125
06,069,2013,20872.26953125
06,070,1994,30857.3720703125
06,070,1995,33238.578125
06,070,1996,36501.54296875
06,070,1997,35783.1328125
06,070,1998,34587
06,070,1999,34444.060546875
06,070,2000,35572.21875
06,070,2001,36657.462890625
06,070,2002,36399.0546875
06,070,2003,34772.1328125
06,070,2004,37009.169921875
06,070,2005,37055.890625
06,070,2006,35863.9453125
06,070,2007,35187.5546875
06,070,2008,36927.76953125
06,070,2009,45912.22265625
06,070,2010,39350.7265625
06,070,2011,38538.93359375
06,070,2012,41660.65625
06,070,2013,39133.9375
06,071,1994,24383.8369140625
06,071,1995,26228.25390625
06,071,1996,28667.794921875
06,071,1997,27873.3271484375
06,071,1998,26866.52734375
06,071,1999,26135.330078125
06,071,2000,28847.646484375
06,071,2001,28902.3564453125
06,071,2002,29050.4638671875
06,071,2003,27744.3994140625
06,071,2004,28359.908203125
06,071,2005,28505.6298828125
06,071,2006,27941.7841796875
06,071,2007,28329.3662109375
06,071,2008,29171.578125
06,071,2009,35010.453125
06,071,2010,31035.47265625
06,071,2011,30130.107421875
06,071,2012,31733.572265625
06,071,2013,30811.44921875
06,072,1994,32784.1669921875
06,072,1995,35079.0234375
06,072,1996,38110.9765625
06,072,1997,35136.322265625
06,072,1998,34565.505859375
06,072,1999,34122.296875
06,072,2000,36344.306640625
06,072,2001,36601.802734375
06,072,2002,37624.44921875
06,072,2003,35530.126953125
06,072,2004,37152.791015625
06,072,2005,35604.04296875
06,072,2006,33269.455078125
06,072,2007,32649.0673828125
06,072,2008,35016.734375
06,072,2009,42384.2578125
06,072,2010,33931.08984375
06,072,2011,34952.00390625
06,072,2012,37388.546875
06,072,2013,35936.9375
06,073,1994,31999.92578125
06,073,1995,34530.59765625
06,073,1996,36515.109375
06,073,1997,33536.5078125
06,073,1998,33967.03125
06,073,1999,32523.224609375
06,073,2000,35798.451171875
06,073,2001,35956.810546875
06,073,2002,38026.16015625
06,073,2003,35641.2265625
06,073,2004,38635.896484375
06,073,2005,36275.916015625
06,073,2006,35687.767578125
06,073,2007,35654.86328125
06,073,2008,38343.51953125
06,073,2009,50347.76171875
06,073,2010,43181.8203125
06,073,2011,43707.9453125
06,073,2012,45477.1171875
06,073,2013,44480.2109375
06,074,1994,43397.572265625
06,074,1995,45424.55859375
06,074,1996,49944.625
06,074,1997,48279.234375
06,074,1998,46901.4765625
06,074,1999,44824.78515625
06,074,2000,49092.939453125
06,074,2001,47822.32421875
06,074,2002,50217.99609375
06,074,2003,47229.4296875
06,074,2004,48390.166015625
06,074,2005,48491.580078125
06,074,2006,45448.25390625
06,074,2007,42116.044921875
06,074,2008,47235.87109375
06,074,2009,60453.65625
06,074,2010,54397.1640625
06,074,2011,52970.36328125
06,074,2012,58620.20703125
06,074,2013,57768.28515625
06,075,1994,24781.00390625
06,075,1995,28276.130859375
06,075,1996,31303.376953125
06,075,1997,30652.0830078125
06,075,1998,30000.037109375
06,075,1999,30428.5556640625
06,075,2000,31798.6904296875
06,075,2001,32187.9814453125
06,075,2002,33421.068359375
06,075,2003,31933.4384765625
06,075,2004,33497.1123046875
06,075,2005,33265.232421875
06,075,2006,34061.318359375
06,075,2007,33271.05859375
06,075,2008,37352.07421875
06,075,2009,44081.28125
06,075,2010,40706
06,075,2011,40536.85546875
06,075,2012,41980.25390625
06,075,2013,42110.390625
06,076,1994,27875.96484375
06,076,1995,32264.869140625
06,076,1996,35737.453125
06,076,1997,33097.7109375
06,076,1998,33390.455078125
06,076,1999,33817.34765625
06,076,2000,38278.77734375
06,076,2001,37744.8046875
06,076,2002,37959.916015625
06,076,2003,35851.44140625
06,076,2004,36698.748046875
06,076,2005,38186.685546875
06,076,2006,37793.421875
06,076,2007,40449.265625
06,076,2008,43936
06,076,2009,51786.97265625
06,076,2010,46222.09375
06,076,2011,47217.16015625
06,076,2012,52087.046875
06,076,2013,51320.5078125
06,077,1994,33010.2861328125
06,077,1995,36174.46484375
06,077,1996,39996.0234375
06,077,1997,35026.88671875
06,077,1998,35499.529296875
06,077,1999,33263.224609375
06,077,2000,37846.75390625
06,077,2001,36478.501953125
06,077,2002,38781.306640625
06,077,2003,35871.69921875
06,077,2004,37069.775390625
06,077,2005,38815.638671875
06,077,2006,38116.7265625
06,077,2007,38789.5859375
06,077,2008,43769.1328125
06,077,2009,55215.75390625
06,077,2010,45981.1328125
06,077,2011,48649.4375
06,077,2012,49832.26953125
06,077,2013,47809.234375
06,078,1994,34566.4814453125
06,078,1995,36493.23046875
06,078,1996,42033.98828125
06,078,1997,37274.84765625
06,078,1998,37691.697265625
06,078,1999,35369.798828125
06,078,2000,38427.130859375
06,078,2001,36494.607421875
06,078,2002,38015.892578125
06,078,2003,38281.552734375
06,078,2004,39209.81640625
06,078,2005,36706.453125
06,078,2006,35262.59765625
06,078,2007,39777.3984375
06,078,2008,40340.62109375
06,078,2009,50081.33203125
06,078,2010,43036.9609375
06,078,2011,44189.37109375
06,078,2012,47037.12890625
06,078,2013,45937.69140625
06,079,1994,42353.30078125
06,079,1995,48519.54296875
06,079,1996,57534.94921875
06,079,1997,46925.4765625
06,079,1998,48124.50390625
06,079,1999,45383.5546875
06,079,2000,49952.076171875
06,079,2001,47055.736328125
06,079,2002,50923.857421875
06,079,2003,52479.048828125
06,079,2004,57156.99609375
06,079,2005,55412.16796875
06,079,2006,52478.431640625
06,079,2007,54171.390625
06,079,2008,53171.59765625
06,079,2009,74153.625
06,079,2010,66250.6796875
06,079,2011,69302.0234375
06,079,2012,73087.390625
06,079,2013,69121.53125
06,080,1994,45519.2890625
06,080,1995,51489.8125
06,080,1996,57710.31640625
06,080,1997,47337.03515625
06,080,1998,48968.142578125
06,080,1999,49034.892578125
06,080,2000,53029.794921875
06,080,2001,48997.80078125
06,080,2002,50530.173828125
06,080,2003,48506.177734375
06,080,2004,49264.4375
06,080,2005,47635.4453125
06,080,2006,47806.15625
06,080,2007,52192.794921875
06,080,2008,54381.90234375
06,080,2009,66325.796875
06,080,2010,61837.95703125
06,080,2011,63965.66015625
06,080,2012,66908.8515625
06,080,2013,66122.0625
06,081,1994,44109.61328125
06,081,1995,48407.18359375
06,081,1996,55315.75390625
06,081,1997,48965.517578125
06,081,1998,52856.271484375
06,081,1999,50319.935546875
06,081,2000,55290.71484375
06,081,2001,50295.33984375
06,081,2002,52498.98828125
06,081,2003,50045.626953125
06,081,2004,52292.39453125
06,081,2005,52672.3359375
06,081,2006,52042.50390625
06,081,2007,54184.685546875
06,081,2008,53647.0703125
06,081,2009,67851.515625
06,081,2010,64094.84765625
06,081,2011,62278.71875
06,081,2012,64578.3828125
06,081,2013,66283.8828125
06,082,1994,17257.2607421875
06,082,1995,20298.5
06,082,1996,23122.103515625
06,082,1997,19930.83203125
06,082,1998,21969.4453125
06,082,1999,20843.6826171875
06,082,2000,23677.060546875
06,082,2001,23388.8115234375
06,082,2002,23677.560546875
06,082,2003,22665.8056640625
06,082,2004,22668.900390625
06,082,2005,23925.521484375
06,082,2006,23543.1181640625
06,082,2007,24757.73046875
06,082,2008,26899.326171875
06,082,2009,33542.95703125
06,082,2010,30615.794921875
06,082,2011,31052.8125
06,082,2012,32359.47265625
06,082,2013,32113.18359375
06,083,1994,20461.658203125
06,083,1995,24105.630859375
06,083,1996,27047.599609375
06,083,1997,24769.556640625
06,083,1998,24424.623046875
06,083,1999,22122.654296875
06,083,2000,26492.9853515625
06,083,2001,26985.595703125
06,083,2002,27471.208984375
06,083,2003,25706.4111328125
06,083,2004,25943.09375
06,083,2005,25905.984375
06,083,2006,26111.5380859375
06,083,2007,27648.740234375
06,083,2008,28704.501953125
06,083,2009,35647.6796875
06,083,2010,34834.265625
06,083,2011,34503.453125
06,083,2012,38509.5546875
06,083,2013,37752.0078125
06,084,1994,20138.9150390625
06,084,1995,22333.037109375
06,084,1996,24515.515625
06,084,1997,21787.18359375
06,084,1998,22935.466796875
06,084,1999,19857.6650390625
06,084,2000,23978.1953125
06,084,2001,23408.318359375
06,084,2002,25151.7626953125
06,084,2003,24528.033203125
06,084,2004,26011.654296875
06,084,2005,24131.2119140625
06,084,2006,23450.33203125
06,084,2007,24191.4033203125
06,084,2008,24768.54296875
06,084,2009,30801.16015625
06,084,2010,28582.380859375
06,084,2011,30278.455078125
06,084,2012,33299.9140625
06,084,2013,32258.85546875
06,085,1994,20239.6025390625
06,085,1995,22707.03515625
06,085,1996,25275.26171875
06,085,1997,23645.0400390625
06,085,1998,24288.36328125
06,085,1999,21976.0263671875
06,085,2000,25907.8232421875
06,085,2001,26290.2939453125
06,085,2002,25899.6259765625
06,085,2003,25248.7177734375
06,085,2004,26007.1171875
06,085,2005,24827.208984375
06,085,2006,25295.9033203125
06,085,2007,26477.076171875
06,085,2008,27952.904296875
06,085,2009,33083.046875
06,085,2010,32193.025390625
06,085,2011,32697.646484375
06,085,2012,36950.97265625
06,085,2013,37241.33984375
06,086,1994,32270.4921875
06,086,1995,34465.3203125
06,086,1996,39166.91796875
06,086,1997,36660.681640625
06,086,1998,35907.91796875
06,086,1999,34803.560546875
06,086,2000,38675.0546875
06,086,2001,41042.982421875
06,086,2002,40355.978515625
06,086,2003,39105.486328125
06,086,2004,41878.236328125
06,086,2005,43300.7890625
06,086,2006,44607.224609375
06,086,2007,44818.599609375
06,086,2008,48487.99609375
06,086,2009,54289.984375
06,086,2010,54972.4453125
06,086,2011,53800.7265625
06,086,2012,59110.7109375
06,086,2013,58865.7890625
06,087,1994,11338.31494140625
06,087,1995,13873.82421875
06,087,1996,15551.46484375
06,087,1997,12853.513671875
06,087,1998,13616.45068359375
06,087,1999,11424.31298828125
06,087,2000,15767.0869140625
06,087,2001,14233.7529296875
06,087,2002,14428.78759765625
06,087,2003,14524.87646484375
06,087,2004,15016.32470703125
06,087,2005,14767.6015625
06,087,2006,14637.90576171875
06,087,2007,15737.30859375
06,087,2008,16263.0302734375
06,087,2009,20403.392578125
06,087,2010,21384.013671875
06,087,2011,21428.931640625
06,087,2012,22590.41796875
06,087,2013,23870.341796875
06,088,1994,24901.0185546875
06,088,1995,24223.767578125
06,088,1996,27499.830078125
06,088,1997,25477.4072265625
06,088,1998,25126.5693359375
06,088,1999,24819.5302734375
06,088,2000,26605.4697265625
06,088,2001,27143.6806640625
06,088,2002,27184.0078125
06,088,2003,26236.4423828125
06,088,2004,27561.5830078125
06,088,2005,27899
06,088,2006,28444.1787109375
06,088,2007,28774.1669921875
06,088,2008,31626.3046875
06,088,2009,35589.62890625
06,088,2010,34547.96484375
06,088,2011,35149.26953125
06,088,2012,37606.1796875
06,088,2013,37367.18359375
06,089,1994,16553.71337890625
06,089,1995,18108.46875
06,089,1996,20704.521484375
06,089,1997,17342.865234375
06,089,1998,17898.3232421875
06,089,1999,16269.638671875
06,089,2000,19447.6689453125
06,089,2001,18466.1298828125
06,089,2002,18661.6318359375
06,089,2003,17933.5625
06,089,2004,19196.546875
06,089,2005,19038.591796875
06,089,2006,21175.1474609375
06,089,2007,21963.447265625
06,089,2008,23965.447265625
06,089,2009,27063.0546875
06,089,2010,24887.4140625
06,089,2011,24635.0078125
06,089,2012,26013.220703125
06,089,2013,26024.3828125
07,090,1994,27032.73828125
07,090,1995,26836.900390625
07,090,1996,27822.923828125
07,090,1997,28892.25390625
07,090,1998,28679.3603515625
07,090,1999,29437.619140625
07,090,2000,30218.8857421875
07,090,2001,31350.2255859375
07,090,2002,30995.5029296875
07,090,2003,31484.4931640625
07,090,2004,31138.794921875
07,090,2005,31872.681640625
07,090,2006,32901.06640625
07,090,2007,31902.263671875
07,090,2008,32483.1015625
07,090,2009,32737.060546875
07,090,2010,33175.203125
07,090,2011,33625.08203125
07,090,2012,36588.890625
07,090,2013,36108.85546875
07,091,1994,6969.00341796875
07,091,1995,6829.30908203125
07,091,1996,6972.7958984375
07,091,1997,6969.4365234375
07,091,1998,7240.727783203125
07,091,1999,7362.3115234375
07,091,2000,7306.855224609375
07,091,2001,7526.607177734375
07,091,2002,7391.804443359375
07,091,2003,7549.2265625
07,091,2004,7442.004638671875
07,091,2005,7632.13916015625
07,091,2006,7638.587890625
07,091,2007,7606.833984375
07,091,2008,7776.84228515625
07,091,2009,7068.587890625
07,091,2010,6852.35107421875
07,091,2011,7047.71533203125
07,091,2012,7851.98681640625
07,091,2013,7781.28076171875
07,092,1994,5916.013916015625
07,092,1995,5787.619140625
07,092,1996,5898.36474609375
07,092,1997,5864.506103515625
07,092,1998,6021.098388671875
07,092,1999,6087.3876953125
07,092,2000,6086.060302734375
07,092,2001,6263.8486328125
07,092,2002,6108.968505859375
07,092,2003,6288.68603515625
07,092,2004,6210.44384765625
07,092,2005,6348.02978515625
07,092,2006,6398.6728515625
07,092,2007,6434.20849609375
07,092,2008,6520.5908203125
07,092,2009,6399.8095703125
07,092,2010,6363.33203125
07,092,2011,6339.759765625
07,092,2012,6633.68994140625
07,092,2013,6560.0068359375
07,093,1994,7726.41162109375
07,093,1995,7704.8076171875
07,093,1996,7809.732421875
07,093,1997,7713.129150390625
07,093,1998,7659.08740234375
07,093,1999,7810
07,093,2000,7743.891357421875
07,093,2001,7812
07,093,2002,7719.8671875
07,093,2003,7812
07,093,2004,7756.646484375
07,093,2005,7812
07,093,2006,7812
07,093,2007,7812
07,093,2008,7812
07,093,2009,7923.41748046875
07,093,2010,7716.36474609375
07,093,2011,7689.74072265625
07,093,2012,7637.49462890625
07,093,2013,7627.33251953125
07,094,1994,4184.810791015625
07,094,1995,4174.91748046875
07,094,1996,4221
07,094,1997,4184.550048828125
07,094,1998,4165.9462890625
07,094,1999,4221
07,094,2000,4185.610595703125
07,094,2001,4221
07,094,2002,4179.620849609375
07,094,2003,4221
07,094,2004,4191.09130859375
07,094,2005,4221
07,094,2006,4221
07,094,2007,4221
07,094,2008,4221
07,094,2009,4395.0205078125
07,094,2010,4280.1708984375
07,094,2011,4265.4033203125
07,094,2012,4126.7109375
07,094,2013,4126.7109375
07,095,1994,2935.3878173828125
07,095,1995,2928.67333984375
07,095,1996,2961
07,095,1997,2934.770751953125
07,095,1998,2914.443603515625
07,095,1999,2961
07,095,2000,2936.174560546875
07,095,2001,2961
07,095,2002,2931.9727783203125
07,095,2003,2961
07,095,2004,2940.0191650390625
07,095,2005,2961
07,095,2006,2961
07,095,2007,2961
07,095,2008,2961
07,095,2009,2909.3798828125
07,095,2010,2833.352783203125
07,095,2011,2823.57666015625
07,095,2012,2894.85693359375
07,095,2013,2894.85693359375
07,096,1994,13382.78369140625
07,096,1995,13375.4619140625
07,096,1996,13648.3701171875
07,096,1997,13513.57373046875
07,096,1998,13479.71337890625
07,096,1999,13468.3818359375
07,096,2000,13645.52294921875
07,096,2001,13900.3076171875
07,096,2002,13824.2626953125
07,096,2003,13919.90869140625
07,096,2004,13961.8955078125
07,096,2005,13962.01953125
07,096,2006,14025.70361328125
07,096,2007,13886.3896484375
07,096,2008,14068.9287109375
07,096,2009,13787.609375
07,096,2010,13511.4443359375
07,096,2011,13446.1005859375
07,096,2012,14219.3994140625
07,096,2013,14171.5126953125
07,097,1994,27883.990234375
07,097,1995,27721.564453125
07,097,1996,29388.033203125
07,097,1997,29334.60546875
07,097,1998,28617.0771484375
07,097,1999,28248.6708984375
07,097,2000,29316.169921875
07,097,2001,29667.7939453125
07,097,2002,29282.7421875
07,097,2003,28917.7734375
07,097,2004,29135.21484375
07,097,2005,29180.8076171875
07,097,2006,30420.6064453125
07,097,2007,29343.73828125
07,097,2008,29833.53515625
07,097,2009,32494.71875
07,097,2010,33140.4765625
07,097,2011,31311.576171875
07,097,2012,33059.1484375
07,097,2013,33237.41796875
07,098,1994,21194.2490234375
07,098,1995,21459.99609375
07,098,1996,22866.00390625
07,098,1997,22092.419921875
07,098,1998,21640.1787109375
07,098,1999,21606.1953125
07,098,2000,21939.1494140625
07,098,2001,22430.2158203125
07,098,2002,22242.8515625
07,098,2003,22134.6728515625
07,098,2004,22633.1103515625
07,098,2005,22810.8408203125
07,098,2006,23098.068359375
07,098,2007,22764.8544921875
07,098,2008,23443.810546875
07,098,2009,23701.322265625
07,098,2010,22824.203125
07,098,2011,23154.166015625
07,098,2012,23977.70703125
07,098,2013,23947.080078125
08,099,1994,67557.1015625
08,099,1995,73541.625
08,099,1996,88801.84375
08,099,1997,76352.171875
08,099,1998,85994.80859375
08,099,1999,81983.40625
08,099,2000,85531.16796875
08,099,2001,76856.94140625
08,099,2002,79850.671875
08,099,2003,79458.5
08,099,2004,86210.3515625
08,099,2005,83088.109375
08,099,2006,84785.28125
08,099,2007,92836.76953125
08,099,2008,88489.1640625
08,099,2009,112386.0390625
08,099,2010,110395.0703125
08,099,2011,104361.34375
08,099,2012,112473.7265625
08,099,2013,108369.4453125
08,100,1994,43395.3203125
08,100,1995,49274.5
08,100,1996,64934.16015625
08,100,1997,48914.740234375
08,100,1998,58773.34765625
08,100,1999,55023.80859375
08,100,2000,65405.4609375
08,100,2001,57136.03515625
08,100,2002,60360.31640625
08,100,2003,61526.13671875
08,100,2004,65536.92578125
08,100,2005,65272.3828125
08,100,2006,67830.49609375
08,100,2007,77751.94921875
08,100,2008,74200.46875
08,100,2009,90657.7109375
08,100,2010,89607.5546875
08,100,2011,83449.4296875
08,100,2012,90054.1484375
08,100,2013,87907.9140625
08,101,1994,31805.0458984375
08,101,1995,30730.013671875
08,101,1996,38069.828125
08,101,1997,44260.5546875
08,101,1998,52631.880859375
08,101,1999,48617.65234375
08,101,2000,76326.197265625
08,101,2001,58127.572265625
08,101,2002,72457.373046875
08,101,2003,67798.298828125
08,101,2004,77723.5234375
08,101,2005,70819.375
08,101,2006,73545.849609375
08,101,2007,100059.60546875
08,101,2008,85441.265625
08,101,2009,109123.0390625
08,101,2010,156264.515625
08,101,2011,141912.15625
08,101,2012,148613.015625
08,101,2013,145764.53125
08,102,1994,31201.4365234375
08,102,1995,33310.54296875
08,102,1996,44349.8203125
08,102,1997,42368.208984375
08,102,1998,53178.283203125
08,102,1999,46923.83984375
08,102,2000,68625.330078125
08,102,2001,58444.8515625
08,102,2002,63890.892578125
08,102,2003,60735.921875
08,102,2004,68103.416015625
08,102,2005,67782.763671875
08,102,2006,68013.6484375
08,102,2007,80402.8359375
08,102,2008,75867.5078125
08,102,2009,88151.53125
08,102,2010,105887.9140625
08,102,2011,92731.0625
08,102,2012,102256.2265625
08,102,2013,104218.9296875
08,103,1994,48610.59375
08,103,1995,57780.9140625
08,103,1996,63370.42578125
08,103,1997,56927.03125
08,103,1998,62048.83984375
08,103,1999,58779.748046875
08,103,2000,58203.904296875
08,103,2001,56562.4296875
08,103,2002,61080.30078125
08,103,2003,64645.302734375
08,103,2004,70849.1328125
08,103,2005,67321.328125
08,103,2006,67503.46484375
08,103,2007,73016.2734375
08,103,2008,75192.5078125
08,103,2009,94131.953125
08,103,2010,89767.5390625
08,103,2011,85955.15625
08,103,2012,97238.6953125
08,103,2013,90352.828125
08,104,1994,53870.548828125
08,104,1995,63051.140625
08,104,1996,67308.640625
08,104,1997,59687.7421875
08,104,1998,64479.4140625
08,104,1999,55905.904296875
08,104,2000,68701.08203125
08,104,2001,61353.97265625
08,104,2002,66224.33203125
08,104,2003,68701.234375
08,104,2004,69236.15625
08,104,2005,67067.654296875
08,104,2006,69358.28515625
08,104,2007,77018.79296875
08,104,2008,87016.8984375
08,104,2009,107501.2421875
08,104,2010,110962.1796875
08,104,2011,104787.125
08,104,2012,121530.1796875
08,104,2013,123505.8828125
08,105,1994,34335.056640625
08,105,1995,39666.89453125
08,105,1996,40987.125
08,105,1997,36020.701171875
08,105,1998,36590.53515625
08,105,1999,28813.619140625
08,105,2000,34368.7421875
08,105,2001,29673.1337890625
08,105,2002,32137.59375
08,105,2003,37313.99609375
08,105,2004,39111.849609375
08,105,2005,37325.822265625
08,105,2006,35597.51953125
08,105,2007,41096.822265625
08,105,2008,45549.13671875
08,105,2009,54136.1875
08,105,2010,56031.01171875
08,105,2011,52600.94140625
08,105,2012,59518.33203125
08,105,2013,61128.09375
08,106,1994,8062.06689453125
08,106,1995,8739.1572265625
08,106,1996,8393.384765625
08,106,1997,7787.917724609375
08,106,1998,9358.80224609375
08,106,1999,5979.313720703125
08,106,2000,9690.3466796875
08,106,2001,7618.876953125
08,106,2002,9259.66796875
08,106,2003,10293.205078125
08,106,2004,10469.54345703125
08,106,2005,10793.6923828125
08,106,2006,10723.08154296875
08,106,2007,14202.55126953125
08,106,2008,14616.814453125
08,106,2009,15498.7392578125
08,106,2010,20006.447265625
08,106,2011,16586.681640625
08,106,2012,19136.8359375
08,106,2013,21314.21484375
08,107,1994,13205.7177734375
08,107,1995,15517.3603515625
08,107,1996,15985.986328125
08,107,1997,14333.13427734375
08,107,1998,13555.41064453125
08,107,1999,11806.8681640625
08,107,2000,17039.98095703125
08,107,2001,13788.06396484375
08,107,2002,16740.4755859375
08,107,2003,18027.4208984375
08,107,2004,19175.9072265625
08,107,2005,18327.9501953125
08,107,2006,18913.5615234375
08,107,2007,21415.0458984375
08,107,2008,22562.271484375
08,107,2009,28166.12109375
08,107,2010,36934.87890625
08,107,2011,34863.43359375
08,107,2012,39372.9453125
08,107,2013,42992.7109375
08,108,1994,12686.2724609375
08,108,1995,15829.80078125
08,108,1996,16235.986328125
08,108,1997,13254.41796875
08,108,1998,13031.3837890625
08,108,1999,13069.5654296875
08,108,2000,19307.3623046875
08,108,2001,15581.6611328125
08,108,2002,17881.25927734375
08,108,2003,18528.2578125
08,108,2004,19233.3740234375
08,108,2005,17445.1123046875
08,108,2006,16871.46728515625
08,108,2007,19943.9619140625
08,108,2008,21370.55078125
08,108,2009,24010.828125
08,108,2010,35871.96484375
08,108,2011,35072.53125
08,108,2012,38873.7578125
08,108,2013,41408.33203125
08,109,1994,21581.8251953125
08,109,1995,24854.205078125
08,109,1996,27963.576171875
08,109,1997,24630.4951171875
08,109,1998,24698.66015625
08,109,1999,23321.1376953125
08,109,2000,28665.41796875
08,109,2001,25404.1796875
08,109,2002,26715.3427734375
08,109,2003,27186.58203125
08,109,2004,28421.0751953125
08,109,2005,27152.7119140625
08,109,2006,28743.7119140625
08,109,2007,30284.4375
08,109,2008,34114.40625
08,109,2009,44416.28515625
08,109,2010,46133.37890625
08,109,2011,44402.31640625
08,109,2012,50023.9296875
08,109,2013,52286.0625
08,110,1994,95290.91796875
08,110,1995,109295.546875
08,110,1996,122261.5859375
08,110,1997,110678.5
08,110,1998,115219.14453125
08,110,1999,114335.7578125
08,110,2000,128270.8515625
08,110,2001,122578.0625
08,110,2002,127030.7421875
08,110,2003,121851.1328125
08,110,2004,128544.11328125
08,110,2005,126561.21484375
08,110,2006,132609.875
08,110,2007,141302.03125
08,110,2008,148467.4375
08,110,2009,175690.375
08,110,2010,181589.609375
08,110,2011,174230.890625
08,110,2012,191223.46875
08,110,2013,196076.46875
08,111,1994,61203.025390625
08,111,1995,72253.953125
08,111,1996,79280.3203125
08,111,1997,70784.77734375
08,111,1998,75852.59765625
08,111,1999,70640.6171875
08,111,2000,69510.07421875
08,111,2001,64298.02734375
08,111,2002,66946.23046875
08,111,2003,74396.98046875
08,111,2004,78273.81640625
08,111,2005,74062.48828125
08,111,2006,73393.859375
08,111,2007,83680.42578125
08,111,2008,85623.6796875
08,111,2009,105246.4375
08,111,2010,104623.734375
08,111,2011,101682.125
08,111,2012,112195.2578125
08,111,2013,105722.6796875
08,112,1994,62343.53125
08,112,1995,72802.6875
08,112,1996,85196.2265625
08,112,1997,75768.3984375
08,112,1998,79581.41015625
08,112,1999,72465.69140625
08,112,2000,83297.05078125
08,112,2001,75341.3671875
08,112,2002,81214.4921875
08,112,2003,90159.47265625
08,112,2004,104493.2578125
08,112,2005,92258.85546875
08,112,2006,90641.07421875
08,112,2007,113295.8203125
08,112,2008,103418.6640625
08,112,2009,112520.171875
08,112,2010,138403.40625
08,112,2011,130204.7890625
08,112,2012,139826.84375
08,112,2013,128341.7421875
08,113,1994,43644.98046875
08,113,1995,60900.265625
08,113,1996,64881.828125
08,113,1997,59764.791015625
08,113,1998,71541.17578125
08,113,1999,68017.7421875
08,113,2000,87100.71484375
08,113,2001,71737.8828125
08,113,2002,82264.390625
08,113,2003,81391.3046875
08,113,2004,93326.69140625
08,113,2005,85350.59765625
08,113,2006,85017.01953125
08,113,2007,104182.359375
08,113,2008,103180.875
08,113,2009,121352.046875
08,113,2010,161352.78125
08,113,2011,150717.71875
08,113,2012,155629.546875
08,113,2013,146864.421875
08,114,1994,5463.3916015625
08,114,1995,9304.9052734375
08,114,1996,11875.349609375
08,114,1997,12503.86572265625
08,114,1998,16699.294921875
08,114,1999,21397.24609375
08,114,2000,55508.51171875
08,114,2001,30851.10546875
08,114,2002,52889.865234375
08,114,2003,48647.8125
08,114,2004,47326.8671875
08,114,2005,41080.2158203125
08,114,2006,46445.91015625
08,114,2007,72494.853515625
08,114,2008,52684.89453125
08,114,2009,74464.9609375
08,114,2010,140589.671875
08,114,2011,118927.25
08,114,2012,116366.375
08,114,2013,116763.484375
08,115,1994,10201.07470703125
08,115,1995,17933.2109375
08,115,1996,21604.068359375
08,115,1997,23149.72265625
08,115,1998,27880.6259765625
08,115,1999,28247.9150390625
08,115,2000,52400.556640625
08,115,2001,33076.4580078125
08,115,2002,48755.23046875
08,115,2003,43786.59375
08,115,2004,43830.578125
08,115,2005,42031.751953125
08,115,2006,44134.6240234375
08,115,2007,64529.208984375
08,115,2008,49600.55078125
08,115,2009,66620.5859375
08,115,2010,120623.4375
08,115,2011,102570.4609375
08,115,2012,103213.984375
08,115,2013,101490.1328125
08,116,1994,12777.4248046875
08,116,1995,23861.46875
08,116,1996,22776.875
08,116,1997,22647.31640625
08,116,1998,27054.6923828125
08,116,1999,24717.51171875
08,116,2000,33413.8388671875
08,116,2001,25251.5693359375
08,116,2002,31254.0595703125
08,116,2003,28716.5224609375
08,116,2004,32523.9267578125
08,116,2005,29796.39453125
08,116,2006,24688.087890625
08,116,2007,32992.6904296875
08,116,2008,24247.306640625
08,116,2009,35514.59765625
08,116,2010,59383.640625
08,116,2011,52374.70703125
08,116,2012,47456.1875
08,116,2013,45324.25390625
08,117,1994,13877.8837890625
08,117,1995,21477.12109375
08,117,1996,25266.8828125
08,117,1997,21660.5703125
08,117,1998,22493.71875
08,117,1999,23180.3681640625
08,117,2000,28385.8642578125
08,117,2001,24080.5302734375
08,117,2002,25507.767578125
08,117,2003,25399.8671875
08,117,2004,26734.26953125
08,117,2005,23664.212890625
08,117,2006,23119.47265625
08,117,2007,28085.6005859375
08,117,2008,24344.935546875
08,117,2009,29012.125
08,117,2010,36884.98046875
08,117,2011,32897.7109375
08,117,2012,29742.798828125
08,117,2013,30337.958984375
08,118,1994,32758.4228515625
08,118,1995,51052.5546875
08,118,1996,54044.6953125
08,118,1997,48066.044921875
08,118,1998,51982.58203125
08,118,1999,52323.939453125
08,118,2000,67445.484375
08,118,2001,55402.3828125
08,118,2002,55519.79296875
08,118,2003,53865.05078125
08,118,2004,58860.111328125
08,118,2005,50783.27734375
08,118,2006,48501.35546875
08,118,2007,62051.583984375
08,118,2008,56689.3046875
08,118,2009,58239.5
08,118,2010,80590.2265625
08,118,2011,70052.90625
08,118,2012,68978.078125
08,118,2013,65993.59375
08,119,1994,35891.9990234375
08,119,1995,41041.4609375
08,119,1996,46003.6875
08,119,1997,41893.9609375
08,119,1998,46846.75390625
08,119,1999,49752.28515625
08,119,2000,63672.53125
08,119,2001,56082.3515625
08,119,2002,57584.65234375
08,119,2003,55538.447265625
08,119,2004,58568.146484375
08,119,2005,52932.443359375
08,119,2006,54097.787109375
08,119,2007,65379.265625
08,119,2008,60694.1640625
08,119,2009,65759.34375
08,119,2010,78366.5703125
08,119,2011,73434.828125
08,119,2012,75641.6328125
08,119,2013,76102.953125
08,120,1994,13359.62548828125
08,120,1995,16706.63671875
08,120,1996,16061.8212890625
08,120,1997,11878.380859375
08,120,1998,14299.55029296875
08,120,1999,18613.5859375
08,120,2000,27710.142578125
08,120,2001,22165.4208984375
08,120,2002,25079.142578125
08,120,2003,23888.5703125
08,120,2004,26349.1533203125
08,120,2005,21087.5498046875
08,120,2006,21164.2744140625
08,120,2007,28987.4169921875
08,120,2008,25850.275390625
08,120,2009,27227.607421875
08,120,2010,39920.4140625
08,120,2011,36278.8671875
08,120,2012,36609.2578125
08,120,2013,37842.37109375
08,121,1994,21035.611328125
08,121,1995,24876.021484375
08,121,1996,24628.49609375
08,121,1997,23053.5927734375
08,121,1998,23361.65234375
08,121,1999,25160.2958984375
08,121,2000,29502.076171875
08,121,2001,24841.3515625
08,121,2002,25540.380859375
08,121,2003,24612.3115234375
08,121,2004,28904.23046875
08,121,2005,25028.662109375
08,121,2006,23471.5078125
08,121,2007,29156.13671875
08,121,2008,27477.48046875
08,121,2009,31066.84375
08,121,2010,40287.171875
08,121,2011,35884.57421875
08,121,2012,37446.203125
08,121,2013,34883.2890625
08,122,1994,22031.9755859375
08,122,1995,32926.67578125
08,122,1996,31533.236328125
08,122,1997,29834.5166015625
08,122,1998,32016.2890625
08,122,1999,38916.671875
08,122,2000,54854.80859375
08,122,2001,46408.900390625
08,122,2002,46267.80859375
08,122,2003,49421.728515625
08,122,2004,51377.40625
08,122,2005,41419.8359375
08,122,2006,41001.021484375
08,122,2007,58500.1328125
08,122,2008,53803.3046875
08,122,2009,55072.0390625
08,122,2010,71997.1171875
08,122,2011,62734.55859375
08,122,2012,62987.046875
08,122,2013,61997.58203125
08,123,1994,15351.11083984375
08,123,1995,23459.7109375
08,123,1996,25941.884765625
08,123,1997,24482.1455078125
08,123,1998,25289.2470703125
08,123,1999,27531.736328125
08,123,2000,33664.5556640625
08,123,2001,30302.744140625
08,123,2002,29643.75
08,123,2003,30997.9443359375
08,123,2004,31592.8134765625
08,123,2005,28281.5048828125
08,123,2006,28407.5263671875
08,123,2007,33829.6015625
08,123,2008,33429.87890625
08,123,2009,39002.54296875
08,123,2010,44890.06640625
08,123,2011,41771.8125
08,123,2012,42097.328125
08,123,2013,41265.359375
08,124,1994,7280.7353515625
08,124,1995,11012.31640625
08,124,1996,10416.9638671875
08,124,1997,9465.3994140625
08,124,1998,8592.588623046875
08,124,1999,9098.98681640625
08,124,2000,12745.31005859375
08,124,2001,13558.45947265625
08,124,2002,14792.77392578125
08,124,2003,15481.99609375
08,124,2004,14409.10205078125
08,124,2005,13753.26025390625
08,124,2006,12091.08056640625
08,124,2007,17250.703125
08,124,2008,13847.2890625
08,124,2009,20559.705078125
08,124,2010,23395.5703125
08,124,2011,21174.529296875
08,124,2012,18758.64453125
08,124,2013,22917.53125
08,125,1994,9528.677734375
08,125,1995,13216.234375
08,125,1996,13646.4208984375
08,125,1997,11463.396484375
08,125,1998,10402.78857421875
08,125,1999,10529.71533203125
08,125,2000,15328.85693359375
08,125,2001,12970.755859375
08,125,2002,14802.85498046875
08,125,2003,15004.56396484375
08,125,2004,14854.103515625
08,125,2005,14874.232421875
08,125,2006,13326.943359375
08,125,2007,18526.6630859375
08,125,2008,14257.58984375
08,125,2009,19134.904296875
08,125,2010,25963.603515625
08,125,2011,27051.185546875
08,125,2012,24193.123046875
08,125,2013,26140.310546875
08,126,1994,29924.4326171875
08,126,1995,42740.73046875
08,126,1996,42929.984375
08,126,1997,33305.634765625
08,126,1998,36618.595703125
08,126,1999,39987.357421875
08,126,2000,46658.51171875
08,126,2001,42490.123046875
08,126,2002,46528.94921875
08,126,2003,48035.267578125
08,126,2004,50720.212890625
08,126,2005,47151.564453125
08,126,2006,46510.2734375
08,126,2007,56636.4453125
08,126,2008,51038.4140625
08,126,2009,54237.1171875
08,126,2010,67460.640625
08,126,2011,64461.8671875
08,126,2012,66738.5625
08,126,2013,65111.86328125
08,127,1994,39392.33984375
08,127,1995,47658.05859375
08,127,1996,48919.46875
08,127,1997,44329.703125
08,127,1998,46780.939453125
08,127,1999,46277.373046875
08,127,2000,50191.59765625
08,127,2001,45605.68359375
08,127,2002,47165.0703125
08,127,2003,44822.3046875
08,127,2004,48586.23046875
08,127,2005,45449.275390625
08,127,2006,45678.0546875
08,127,2007,50710.033203125
08,127,2008,52378.35546875
08,127,2009,54691.84765625
08,127,2010,62242.015625
08,127,2011,59540.9765625
08,127,2012,60892.7734375
08,127,2013,57749.2734375
08,128,1994,18058.3564453125
08,128,1995,23956.392578125
08,128,1996,24262.08203125
08,128,1997,19635.8935546875
08,128,1998,21560.44921875
08,128,1999,19383.80078125
08,128,2000,26906.939453125
08,128,2001,20773.4169921875
08,128,2002,25014.0078125
08,128,2003,23305.8173828125
08,128,2004,28532.4375
08,128,2005,26296.5869140625
08,128,2006,29864.36328125
08,128,2007,35934.322265625
08,128,2008,35911.4765625
08,128,2009,37989.65234375
08,128,2010,49880.1640625
08,128,2011,50007.34765625
08,128,2012,52171.14453125
08,128,2013,47278.94140625
08,129,1994,21420.7314453125
08,129,1995,30374.623046875
08,129,1996,27763.34765625
08,129,1997,21150.67578125
08,129,1998,27106.6279296875
08,129,1999,27493.1142578125
08,129,2000,33472.935546875
08,129,2001,28211.486328125
08,129,2002,29356.798828125
08,129,2003,25128.9609375
08,129,2004,30144.3544921875
08,129,2005,28203.4765625
08,129,2006,28032.302734375
08,129,2007,33404.791015625
08,129,2008,32329.38671875
08,129,2009,38569.9140625
08,129,2010,47661.80859375
08,129,2011,46577.921875
08,129,2012,44042.109375
08,129,2013,39557.59375
08,130,1994,27218.150390625
08,130,1995,35166.87109375
08,130,1996,38866.125
08,130,1997,35158.470703125
08,130,1998,34713.46875
08,130,1999,38287.37109375
08,130,2000,47723.169921875
08,130,2001,42950.658203125
08,130,2002,46220.23828125
08,130,2003,47420.48828125
08,130,2004,47686.88671875
08,130,2005,43522.091796875
08,130,2006,43631.173828125
08,130,2007,57025.818359375
08,130,2008,48721.953125
08,130,2009,60137.65625
08,130,2010,77193.890625
08,130,2011,72408.8125
08,130,2012,69492.03125
08,130,2013,72920.59375
08,131,1994,8942.6787109375
08,131,1995,12922.447265625
08,131,1996,11954.7421875
08,131,1997,8835.517333984375
08,131,1998,9462.53564453125
08,131,1999,9000.88134765625
08,131,2000,12066.6875
08,131,2001,9515.669921875
08,131,2002,10852.5341796875
08,131,2003,11999.10302734375
08,131,2004,12824.2080078125
08,131,2005,10788.72998046875
08,131,2006,9929.1728515625
08,131,2007,14776.76416015625
08,131,2008,11323.4873046875
08,131,2009,12694.2783203125
08,131,2010,22167.08203125
08,131,2011,21560.14453125
08,131,2012,20042.673828125
08,131,2013,17508.4609375
09,132,1994,23035.5068359375
09,132,1995,24701.591796875
09,132,1996,28226.083984375
09,132,1997,18921.654296875
09,132,1998,23279.0966796875
09,132,1999,16662.0087890625
09,132,2000,25583.51953125
09,132,2001,26599.7578125
09,132,2002,37982.2109375
09,132,2003,40437.076171875
09,132,2004,33293.029296875
09,132,2005,24788.8984375
09,132,2006,28688.482421875
09,132,2007,36707.494140625
09,132,2008,37933.6484375
09,132,2009,38888.92578125
09,132,2010,35624.77734375
09,132,2011,34863.796875
09,132,2012,30809.0546875
09,132,2013,30903.39453125
09,133,1994,36456.681640625
09,133,1995,38162.1484375
09,133,1996,40086.56640625
09,133,1997,25820.9501953125
09,133,1998,35308.490234375
09,133,1999,24166.2646484375
09,133,2000,32623.556640625
09,133,2001,35588.814453125
09,133,2002,33417.404296875
09,133,2003,30716.1337890625
09,133,2004,31248.263671875
09,133,2005,29220.9140625
09,133,2006,32640.431640625
09,133,2007,34537.638671875
09,133,2008,34191.984375
09,133,2009,36593.48828125
09,133,2010,43635.4375
09,133,2011,42535.26953125
09,133,2012,45358.76953125
09,133,2013,46343.875
09,134,1994,24893.837890625
09,134,1995,29513.98828125
09,134,1996,30052.70703125
09,134,1997,22423.501953125
09,134,1998,28226.94140625
09,134,1999,15093.0048828125
09,134,2000,22950.3388671875
09,134,2001,25742.447265625
09,134,2002,19299.49365234375
09,134,2003,14954.0791015625
09,134,2004,18701.4208984375
09,134,2005,17647.0166015625
09,134,2006,19378.1728515625
09,134,2007,27496.4814453125
09,134,2008,25681.3828125
09,134,2009,22608.279296875
09,134,2010,35579.32421875
09,134,2011,28631.634765625
09,134,2012,27747.767578125
09,134,2013,26516.10546875
09,135,1994,25948.39453125
09,135,1995,28517.359375
09,135,1996,30164.6796875
09,135,1997,21893.3310546875
09,135,1998,26694.8603515625
09,135,1999,23584.1064453125
09,135,2000,28413.986328125
09,135,2001,26649.9248046875
09,135,2002,25987.3154296875
09,135,2003,27102.4794921875
09,135,2004,30608.2568359375
09,135,2005,23082.791015625
09,135,2006,29452.625
09,135,2007,31433.9658203125
09,135,2008,29418.775390625
09,135,2009,26819.548828125
09,135,2010,37823.83984375
09,135,2011,33508.515625
09,135,2012,35317.234375
09,135,2013,34552.1484375
09,136,1994,16947.640625
09,136,1995,17857.36328125
09,136,1996,20786.66015625
09,136,1997,14488.29638671875
09,136,1998,16092.37353515625
09,136,1999,12570.28173828125
09,136,2000,15445.6923828125
09,136,2001,15260.1572265625
09,136,2002,13526.38916015625
09,136,2003,12391.1923828125
09,136,2004,13335.791015625
09,136,2005,11918.71142578125
09,136,2006,15179.6162109375
09,136,2007,17854.2978515625
09,136,2008,16557.1484375
09,136,2009,15674.763671875
09,136,2010,22941.025390625
09,136,2011,21854.732421875
09,136,2012,24384.033203125
09,136,2013,23348.869140625
09,137,1994,14161.1552734375
09,137,1995,16621.34765625
09,137,1996,17507.689453125
09,137,1997,10673.482421875
09,137,1998,15032.6806640625
09,137,1999,9459.82421875
09,137,2000,12372.052734375
09,137,2001,13337.822265625
09,137,2002,13363.8955078125
09,137,2003,13852.70654296875
09,137,2004,15042.40576171875
09,137,2005,13280.8896484375
09,137,2006,13263.8427734375
09,137,2007,15436.13720703125
09,137,2008,13744.5751953125
09,137,2009,11967.7666015625
09,137,2010,16837.72265625
09,137,2011,15213.5361328125
09,137,2012,16309.814453125
09,137,2013,18109.505859375
09,138,1994,37162.01171875
09,138,1995,37810.74609375
09,138,1996,37375.8828125
09,138,1997,33194.541015625
09,138,1998,36400.658203125
09,138,1999,27637.0322265625
09,138,2000,31837.728515625
09,138,2001,32890.78515625
09,138,2002,31054.3310546875
09,138,2003,28745.5673828125
09,138,2004,28745.98828125
09,138,2005,28419.2890625
09,138,2006,30443.26953125
09,138,2007,32803.76953125
09,138,2008,32430.361328125
09,138,2009,33664.2734375
09,138,2010,36743.7578125
09,138,2011,36278.89453125
09,138,2012,39351.1953125
09,138,2013,39590.2109375
09,139,1994,12764.5390625
09,139,1995,13356.4287109375
09,139,1996,15426.265625
09,139,1997,11065.53466796875
09,139,1998,12996.96240234375
09,139,1999,9102.75341796875
09,139,2000,10978.1787109375
09,139,2001,12224.52587890625
09,139,2002,12178.08447265625
09,139,2003,11117.7763671875
09,139,2004,10922.3955078125
09,139,2005,11282.291015625
09,139,2006,11839.6328125
09,139,2007,12358.50732421875
09,139,2008,12376.921875
09,139,2009,13391.544921875
09,139,2010,14282.9599609375
09,139,2011,12651.96875
09,139,2012,14320.4892578125
09,139,2013,16006.646484375
09,140,1994,47297.6015625
09,140,1995,46933.84765625
09,140,1996,49401.390625
09,140,1997,42524.115234375
09,140,1998,46257.7734375
09,140,1999,40133.517578125
09,140,2000,42569.416015625
09,140,2001,45216.197265625
09,140,2002,43307.109375
09,140,2003,42070.630859375
09,140,2004,42500.16796875
09,140,2005,41958.6484375
09,140,2006,43384.5859375
09,140,2007,44487.58984375
09,140,2008,45773.75390625
09,140,2009,47069.046875
09,140,2010,48351.11328125
09,140,2011,48997.4609375
09,140,2012,55569.38671875
09,140,2013,54819.35546875
09,141,1994,22922.2783203125
09,141,1995,23952.8203125
09,141,1996,27111.29296875
09,141,1997,25696.5439453125
09,141,1998,27025.353515625
09,141,1999,25209.75
09,141,2000,28935.150390625
09,141,2001,30909.0576171875
09,141,2002,32525.599609375
09,141,2003,31992.8408203125
09,141,2004,33331.7197265625
09,141,2005,35109.00390625
09,141,2006,36596.6171875
09,141,2007,37275.341796875
09,141,2008,40773.3515625
09,141,2009,45001.859375
09,141,2010,45928.4765625
09,141,2011,50878.73046875
09,141,2012,53997.74609375
09,141,2013,55323.54296875
09,142,1994,32093.6484375
09,142,1995,33138.24609375
09,142,1996,33909.16796875
09,142,1997,20276.1865234375
09,142,1998,29291.765625
09,142,1999,20556.974609375
09,142,2000,25933.716796875
09,142,2001,31209.5107421875
09,142,2002,27971.23828125
09,142,2003,22451.6328125
09,142,2004,19903.009765625
09,142,2005,18530.5595703125
09,142,2006,20234.3330078125
09,142,2007,23799.587890625
09,142,2008,25143.517578125
09,142,2009,20519
09,142,2010,30459.466796875
09,142,2011,30139.802734375
09,142,2012,36759.1171875
09,142,2013,34568.6953125
09,143,1994,23881.033203125
09,143,1995,24525.25
09,143,1996,26649.650390625
09,143,1997,24620.859375
09,143,1998,31044.021484375
09,143,1999,27743.6796875
09,143,2000,24055.6171875
09,143,2001,26359.0634765625
09,143,2002,23005.8994140625
09,143,2003,24352.9296875
09,143,2004,23853.224609375
09,143,2005,21218.4619140625
09,143,2006,21490.7451171875
09,143,2007,26577.8564453125
09,143,2008,25709.5703125
09,143,2009,26280.568359375
09,143,2010,34190.07421875
09,143,2011,33080.46875
09,143,2012,36604.55859375
09,143,2013,30770.34765625
09,144,1994,11955.30712890625
09,144,1995,11821.1591796875
09,144,1996,12951.8984375
09,144,1997,11246.60986328125
09,144,1998,12562.6787109375
09,144,1999,9230.65771484375
09,144,2000,13081.25
09,144,2001,13569.14892578125
09,144,2002,14387.28173828125
09,144,2003,14078.6826171875
09,144,2004,14760.390625
09,144,2005,14536.68310546875
09,144,2006,14795.884765625
09,144,2007,16661.599609375
09,144,2008,17841.09375
09,144,2009,19889.826171875
09,144,2010,25084.3828125
09,144,2011,25871.24609375
09,144,2012,26210.57421875
09,144,2013,20844.705078125
09,145,1994,25986.97265625
09,145,1995,27748.630859375
09,145,1996,30810.740234375
09,145,1997,28236.0166015625
09,145,1998,29510.548828125
09,145,1999,31343.80859375
09,145,2000,37822.97265625
09,145,2001,38126.689453125
09,145,2002,37143.6796875
09,145,2003,37074.359375
09,145,2004,36026.296875
09,145,2005,36098.517578125
09,145,2006,36169.095703125
09,145,2007,38861.990234375
09,145,2008,42453.1171875
09,145,2009,46538.11328125
09,145,2010,45914.0390625
09,145,2011,43393.2109375
09,145,2012,49074.87890625
09,145,2013,45779.0390625
09,146,1994,30810.6337890625
09,146,1995,32914.6953125
09,146,1996,38292.88671875
09,146,1997,32695.0703125
09,146,1998,36250.66796875
09,146,1999,36479.62890625
09,146,2000,44934.544921875
09,146,2001,45441.416015625
09,146,2002,48550.90625
09,146,2003,46386.982421875
09,146,2004,46680.830078125
09,146,2005,45680.71484375
09,146,2006,47912.998046875
09,146,2007,53271.73046875
09,146,2008,55931.51953125
09,146,2009,62733.98046875
09,146,2010,64302.77734375
09,146,2011,63479.61328125
09,146,2012,64878.58203125
09,146,2013,63903.4453125
09,147,1994,16994.369140625
09,147,1995,18390.353515625
09,147,1996,20216.240234375
09,147,1997,16673.529296875
09,147,1998,17337.5732421875
09,147,1999,16081.99609375
09,147,2000,21055.2265625
09,147,2001,21378.16015625
09,147,2002,18622.3466796875
09,147,2003,16409.98388671875
09,147,2004,21125.5693359375
09,147,2005,20795.9130859375
09,147,2006,21195.31640625
09,147,2007,22526.2509765625
09,147,2008,20217.91796875
09,147,2009,26253.544921875
09,147,2010,25996.248046875
09,147,2011,25392.359375
09,147,2012,25944.279296875
09,147,2013,27247.51171875
09,148,1994,11618.33349609375
09,148,1995,10672.111328125
09,148,1996,8868.7861328125
09,148,1997,6058.749267578125
09,148,1998,9003.9052734375
09,148,1999,5881.476318359375
09,148,2000,10321.671875
09,148,2001,8225.7236328125
09,148,2002,8168.78662109375
09,148,2003,9328.27197265625
09,148,2004,15448.42578125
09,148,2005,16521.3154296875
09,148,2006,19069.4609375
09,148,2007,17085.4326171875
09,148,2008,11694.1767578125
09,148,2009,8139.4755859375
09,148,2010,17166.11328125
09,148,2011,14721.728515625
09,148,2012,24234.71484375
09,148,2013,27775.439453125
09,149,1994,14687.1259765625
09,149,1995,16568.515625
09,149,1996,18196.869140625
09,149,1997,8638.59423828125
09,149,1998,14015.943359375
09,149,1999,5832.05029296875
09,149,2000,13554.662109375
09,149,2001,12140.16748046875
09,149,2002,11039.2041015625
09,149,2003,12347.82275390625
09,149,2004,20281.830078125
09,149,2005,13782.1435546875
09,149,2006,16791.494140625
09,149,2007,18207.703125
09,149,2008,14249.9423828125
09,149,2009,12345.2255859375
09,149,2010,23588.64453125
09,149,2011,22370.232421875
09,149,2012,20951.990234375
09,149,2013,20742.404296875
09,150,1994,24963.185546875
09,150,1995,26541.41796875
09,150,1996,25982.96875
09,150,1997,20267.2958984375
09,150,1998,23452.935546875
09,150,1999,18086.3779296875
09,150,2000,24613.638671875
09,150,2001,23570.1376953125
09,150,2002,24801.4345703125
09,150,2003,20962.2080078125
09,150,2004,22547.05859375
09,150,2005,22482.388671875
09,150,2006,26424.6611328125
09,150,2007,31311.7607421875
09,150,2008,32216.279296875
09,150,2009,26288.623046875
09,150,2010,37347.73828125
09,150,2011,31635.974609375
09,150,2012,31799.158203125
09,150,2013,31276.798828125
09,151,1994,8839.295654296875
09,151,1995,7266.21728515625
09,151,1996,8352.1748046875
09,151,1997,3709.326416015625
09,151,1998,5864.5390625
09,151,1999,4835.348876953125
09,151,2000,7838.0693359375
09,151,2001,6246.97412109375
09,151,2002,8558.8447265625
09,151,2003,6277.579345703125
09,151,2004,6662.80712890625
09,151,2005,7074.054931640625
09,151,2006,10525.020751953125
09,151,2007,14221.4775390625
09,151,2008,14715.6611328125
09,151,2009,9181.5234375
09,151,2010,20147.712890625
09,151,2011,16171.1904296875
09,151,2012,15506.7548828125
09,151,2013,15076.2158203125
09,152,1994,13376.15283203125
09,152,1995,12646.75390625
09,152,1996,15546.3798828125
09,152,1997,8662.17578125
09,152,1998,14750.62548828125
09,152,1999,11752.93408203125
09,152,2000,15358.68994140625
09,152,2001,13989.33056640625
09,152,2002,15564.646484375
09,152,2003,11910.78662109375
09,152,2004,10841.98388671875
09,152,2005,10484.42724609375
09,152,2006,12193.60888671875
09,152,2007,19591.0673828125
09,152,2008,20954.365234375
09,152,2009,18010.685546875
09,152,2010,29125.15234375
09,152,2011,25398.853515625
09,152,2012,23149.400390625
09,152,2013,21954.806640625
09,153,1994,20062.498046875
09,153,1995,17929.15234375
09,153,1996,21415.28515625
09,153,1997,11662.95703125
09,153,1998,17521.837890625
09,153,1999,12805.56298828125
09,153,2000,21453.1123046875
09,153,2001,16861.1767578125
09,153,2002,18923.4560546875
09,153,2003,14984.734375
09,153,2004,13530.0830078125
09,153,2005,14902.2744140625
09,153,2006,21021.5546875
09,153,2007,37570.2265625
09,153,2008,37262.69140625
09,153,2009,26696.490234375
09,153,2010,44765.27734375
09,153,2011,42580.71875
09,153,2012,31363.9921875
09,153,2013,31304.689453125
09,154,1994,9476.87548828125
09,154,1995,11246.2646484375
09,154,1996,13197.69921875
09,154,1997,7453.219482421875
09,154,1998,12462.74853515625
09,154,1999,8596.4970703125
09,154,2000,17598.16943359375
09,154,2001,12406.82666015625
09,154,2002,14583.71142578125
09,154,2003,11274.1201171875
09,154,2004,10242.84033203125
09,154,2005,9795.1337890625
09,154,2006,13926.43603515625
09,154,2007,27626.474609375
09,154,2008,28883.798828125
09,154,2009,21846.3671875
09,154,2010,32562.734375
09,154,2011,29715.130859375
09,154,2012,22662.80078125
09,154,2013,22998.041015625
09,155,1994,8162.90087890625
09,155,1995,9751.001953125
09,155,1996,8713.7197265625
09,155,1997,5745.47265625
09,155,1998,13082.2421875
09,155,1999,16315.486328125
09,155,2000,27633.7841796875
09,155,2001,19860.73046875
09,155,2002,12579.61083984375
09,155,2003,9597.5986328125
09,155,2004,9893.22412109375
09,155,2005,9044.944580078125
09,155,2006,12256.244140625
09,155,2007,21162.63671875
09,155,2008,19330.271484375
09,155,2009,16124.998046875
09,155,2010,27630.7734375
09,155,2011,27721.359375
09,155,2012,21019.611328125
09,155,2013,21201.87890625
09,156,1994,12724.453125
09,156,1995,11951.44921875
09,156,1996,14479.884765625
09,156,1997,10628.84619140625
09,156,1998,14292.30029296875
09,156,1999,11585.59814453125
09,156,2000,21326.7890625
09,156,2001,15635.8203125
09,156,2002,16577.8740234375
09,156,2003,14873.33056640625
09,156,2004,13697.2431640625
09,156,2005,13066.35498046875
09,156,2006,13888.53466796875
09,156,2007,19777.1337890625
09,156,2008,20924.498046875
09,156,2009,20940.224609375
09,156,2010,28345.51171875
09,156,2011,24232.787109375
09,156,2012,22960.705078125
09,156,2013,23064.591796875
09,157,1994,35523.728515625
09,157,1995,38057.41796875
09,157,1996,39021.328125
09,157,1997,36877.326171875
09,157,1998,36955.44921875
09,157,1999,37681.779296875
09,157,2000,42914.080078125
09,157,2001,41450.09765625
09,157,2002,43847.384765625
09,157,2003,43143.13671875
09,157,2004,43156.4453125
09,157,2005,44676.759765625
09,157,2006,45626.197265625
09,157,2007,49179.013671875
09,157,2008,49533.875
09,157,2009,54712.86328125
09,157,2010,55765.7109375
09,157,2011,59097.57421875
09,157,2012,61284.75390625
09,157,2013,61669.046875
09,158,1994,19139.609375
09,158,1995,23184.419921875
09,158,1996,24828.150390625
09,158,1997,18889.8837890625
09,158,1998,20878.73828125
09,158,1999,12567.3994140625
09,158,2000,25372.5439453125
09,158,2001,22264.5185546875
09,158,2002,21845.8173828125
09,158,2003,17799.767578125
09,158,2004,14379.56591796875
09,158,2005,14056.53076171875
09,158,2006,14980.3505859375
09,158,2007,22613.9453125
09,158,2008,18225.74609375
09,158,2009,17058.7734375
09,158,2010,30373.724609375
09,158,2011,22463.130859375
09,158,2012,22301.923828125
09,158,2013,26602.03515625
09,159,1994,10138.375
09,159,1995,11606.1123046875
09,159,1996,11777.3056640625
09,159,1997,7624.614990234375
09,159,1998,10191.59814453125
09,159,1999,7878.02734375
09,159,2000,11444.033203125
09,159,2001,9077.8837890625
09,159,2002,8595.08544921875
09,159,2003,6506.6259765625
09,159,2004,5064.601806640625
09,159,2005,4879.0416259765625
09,159,2006,6003.727294921875
09,159,2007,9550.34814453125
09,159,2008,7464.43701171875
09,159,2009,8296.5947265625
09,159,2010,14015.0625
09,159,2011,11878.666015625
09,159,2012,10321.109375
09,159,2013,9877.111328125
09,160,1994,6161.165283203125
09,160,1995,6376.54150390625
09,160,1996,6507.52001953125
09,160,1997,3291.991455078125
09,160,1998,5101.320556640625
09,160,1999,2584.8612060546875
09,160,2000,6818.426025390625
09,160,2001,5027.245849609375
09,160,2002,6338.53125
09,160,2003,4994.517578125
09,160,2004,10745.83203125
09,160,2005,11011.7958984375
09,160,2006,11873.5615234375
09,160,2007,12003.1455078125
09,160,2008,6651.89306640625
09,160,2009,7448.64208984375
09,160,2010,11347.978515625
09,160,2011,9898.2939453125
09,160,2012,15321.494140625
09,160,2013,19611.294921875
09,161,1994,11419.99267578125
09,161,1995,12927.2705078125
09,161,1996,10436.2216796875
09,161,1997,7691.8310546875
09,161,1998,9751.91064453125
09,161,1999,7313.30126953125
09,161,2000,9930.91259765625
09,161,2001,8092.81591796875
09,161,2002,8949.277099609375
09,161,2003,10778.0126953125
09,161,2004,16829.744140625
09,161,2005,16511.16259765625
09,161,2006,18787.9169921875
09,161,2007,17285.9775390625
09,161,2008,13278.88671875
09,161,2009,13827.32421875
09,161,2010,18186.205078125
09,161,2011,19665.009765625
09,161,2012,26356.20703125
09,161,2013,28982.79296875
09,162,1994,8974.1943359375
09,162,1995,9693.431640625
09,162,1996,8371.5078125
09,162,1997,6139.58203125
09,162,1998,8999.0576171875
09,162,1999,14991.19970703125
09,162,2000,14962.4814453125
09,162,2001,11145.98046875
09,162,2002,10965.2392578125
09,162,2003,10608.85009765625
09,162,2004,13816.9248046875
09,162,2005,12761.1484375
09,162,2006,14594.56982421875
09,162,2007,13549.59814453125
09,162,2008,12310.4951171875
09,162,2009,11064.7783203125
09,162,2010,14371.4267578125
09,162,2011,13964.4482421875
09,162,2012,16945.376953125
09,162,2013,17827.24609375
09,163,1994,8051.580078125
09,163,1995,11528.294921875
09,163,1996,11429.189453125
09,163,1997,8622.508056640625
09,163,1998,9573.90283203125
09,163,1999,8003.1962890625
09,163,2000,13198.7412109375
09,163,2001,10717.2138671875
09,163,2002,11713.01806640625
09,163,2003,9810.44970703125
09,163,2004,8392.556640625
09,163,2005,7159.51025390625
09,163,2006,9173.18115234375
09,163,2007,11611.22802734375
09,163,2008,11729.5458984375
09,163,2009,11240.7001953125
09,163,2010,17460.736328125
09,163,2011,15430.60546875
09,163,2012,14961.7578125
09,163,2013,15926.400390625
09,164,1994,29582.8798828125
09,164,1995,31878.912109375
09,164,1996,31913.126953125
09,164,1997,29938.0517578125
09,164,1998,29845.8076171875
09,164,1999,26682.5146484375
09,164,2000,32675.9296875
09,164,2001,31719.9375
09,164,2002,32163.1884765625
09,164,2003,30976.662109375
09,164,2004,29912.978515625
09,164,2005,28574.455078125
09,164,2006,29992.3388671875
09,164,2007,32377.9619140625
09,164,2008,32769.91015625
09,164,2009,34774.48828125
09,164,2010,38408.21875
09,164,2011,36179.703125
09,164,2012,36133.92578125
09,164,2013,35635.53125
09,165,1994,10605.3935546875
09,165,1995,12153.7900390625
09,165,1996,15020.720703125
09,165,1997,10135.78857421875
09,165,1998,13906.6640625
09,165,1999,13101.4267578125
09,165,2000,21318.1982421875
09,165,2001,18103.091796875
09,165,2002,24188.623046875
09,165,2003,19288.0458984375
09,165,2004,18209.751953125
09,165,2005,11256.7109375
09,165,2006,15297.38232421875
09,165,2007,17125.0185546875
09,165,2008,15565.1962890625
09,165,2009,8453.3837890625
09,165,2010,22695.201171875
09,165,2011,22079.41796875
09,165,2012,19036.92578125
09,165,2013,19062.236328125
09,166,1994,22067.115234375
09,166,1995,24798.08984375
09,166,1996,25853.052734375
09,166,1997,20980.2109375
09,166,1998,24725.7958984375
09,166,1999,22574.1259765625
09,166,2000,27697.64453125
09,166,2001,26401.8720703125
09,166,2002,28761.5029296875
09,166,2003,24097.9365234375
09,166,2004,22637.6044921875
09,166,2005,21443.33984375
09,166,2006,23972.6806640625
09,166,2007,29092.15625
09,166,2008,26477.521484375
09,166,2009,27841.30859375
09,166,2010,38017.70703125
09,166,2011,34873.59375
09,166,2012,33804.8359375
09,166,2013,33201.1796875
09,167,1994,3601.3868408203125
09,167,1995,4312.85009765625
09,167,1996,4569.416015625
09,167,1997,4270.530029296875
09,167,1998,4898.935791015625
09,167,1999,4333.924072265625
09,167,2000,9564.518310546875
09,167,2001,6892.322509765625
09,167,2002,9618.6845703125
09,167,2003,7894.44873046875
09,167,2004,7991.196044921875
09,167,2005,6564.309326171875
09,167,2006,7126.02197265625
09,167,2007,12212.06689453125
09,167,2008,8683.1513671875
09,167,2009,11136.5048828125
09,167,2010,21439.3671875
09,167,2011,17606.3515625
09,167,2012,17628.306640625
09,167,2013,18516.56640625
09,168,1994,4442.9892578125
09,168,1995,6247.90478515625
09,168,1996,5830.9736328125
09,168,1997,5613.90087890625
09,168,1998,6565.562255859375
09,168,1999,5375.59375
09,168,2000,10874.50927734375
09,168,2001,8661.828125
09,168,2002,13885.912109375
09,168,2003,11432.3125
09,168,2004,11624.255859375
09,168,2005,6611.968505859375
09,168,2006,7381.331787109375
09,168,2007,12837.35546875
09,168,2008,9442.55859375
09,168,2009,7632.73046875
09,168,2010,21186.357421875
09,168,2011,16614.5
09,168,2012,14787.6572265625
09,168,2013,15029.0537109375
09,169,1994,3629.230712890625
09,169,1995,4843.0146484375
09,169,1996,5794.1416015625
09,169,1997,4973.14404296875
09,169,1998,5844.797119140625
09,169,1999,4802.110107421875
09,169,2000,9280.267333984375
09,169,2001,6440.178955078125
09,169,2002,8689.92138671875
09,169,2003,7318.6865234375
09,169,2004,7289.39208984375
09,169,2005,5425.984619140625
09,169,2006,6954.146240234375
09,169,2007,10927.23876953125
09,169,2008,8000.42431640625
09,169,2009,6029.759765625
09,169,2010,16622.84375
09,169,2011,15336.5234375
09,169,2012,14431.205078125
09,169,2013,14796.0625
09,170,1994,4833.6026611328125
09,170,1995,6085.330078125
09,170,1996,6320.93798828125
09,170,1997,5705.623291015625
09,170,1998,6854.482421875
09,170,1999,5980.3349609375
09,170,2000,11171.66455078125
09,170,2001,7380.776123046875
09,170,2002,11181.71435546875
09,170,2003,10866.93359375
09,170,2004,10310.12939453125
09,170,2005,7094.996826171875
09,170,2006,8616.16162109375
09,170,2007,14109.9013671875
09,170,2008,9696.216796875
09,170,2009,9549.6318359375
09,170,2010,21057.0625
09,170,2011,17935.228515625
09,170,2012,16744.03515625
09,170,2013,17285.20703125
09,171,1994,2894.29638671875
09,171,1995,3486.08935546875
09,171,1996,4064.552734375
09,171,1997,3698.0538330078125
09,171,1998,4707.002685546875
09,171,1999,3934.48291015625
09,171,2000,8062.224853515625
09,171,2001,5029.949462890625
09,171,2002,6986.266845703125
09,171,2003,7211.697021484375
09,171,2004,7503.65283203125
09,171,2005,6010.839111328125
09,171,2006,6565.669921875
09,171,2007,10467.18359375
09,171,2008,6700.3369140625
09,171,2009,7121.84423828125
09,171,2010,14669.953125
09,171,2011,12954.30078125
09,171,2012,12382.63671875
09,171,2013,13955.337890625
09,172,1994,9037.4462890625
09,172,1995,9555.1572265625
09,172,1996,9936.9609375
09,172,1997,6568.436767578125
09,172,1998,8734.64794921875
09,172,1999,4594.0966796875
09,172,2000,13908.52734375
09,172,2001,10079.375
09,172,2002,11787.421875
09,172,2003,10858.3701171875
09,172,2004,8882.79248046875
09,172,2005,7934.10498046875
09,172,2006,9014.154052734375
09,172,2007,13539.2275390625
09,172,2008,12856.3466796875
09,172,2009,12342.6318359375
09,172,2010,21947.130859375
09,172,2011,18699.708984375
09,172,2012,18940.09375
09,172,2013,18799.8828125
09,173,1994,17906.98974609375
09,173,1995,19876.326171875
09,173,1996,25779.396484375
09,173,1997,20400.2099609375
09,173,1998,23021.21875
09,173,1999,10831.33251953125
09,173,2000,21502.8974609375
09,173,2001,20584.0302734375
09,173,2002,13802.359375
09,173,2003,10266.50390625
09,173,2004,7779.765625
09,173,2005,7992.407958984375
09,173,2006,8452.714111328125
09,173,2007,13641.74853515625
09,173,2008,9628.7099609375
09,173,2009,11882.9853515625
09,173,2010,22607.2265625
09,173,2011,23171.61328125
09,173,2012,21808.810546875
09,173,2013,28331.13671875
09,174,1994,6121.3720703125
09,174,1995,7621.400390625
09,174,1996,7907.12548828125
09,174,1997,7632.3525390625
09,174,1998,9182.7646484375
09,174,1999,6458.03955078125
09,174,2000,10167.59033203125
09,174,2001,8374.90771484375
09,174,2002,7406.68798828125
09,174,2003,7378.881103515625
09,174,2004,7326.1162109375
09,174,2005,6822.2880859375
09,174,2006,7115.361083984375
09,174,2007,10136.2861328125
09,174,2008,8282.6484375
09,174,2009,8753.8671875
09,174,2010,13177.869140625
09,174,2011,11056.0634765625
09,174,2012,10767.412109375
09,174,2013,11798.7041015625
09,175,1994,43070.68359375
09,175,1995,46876.265625
09,175,1996,48935.67578125
09,175,1997,42293.5078125
09,175,1998,44054.92578125
09,175,1999,38486.85546875
09,175,2000,48330.546875
09,175,2001,46831.013671875
09,175,2002,43865.2578125
09,175,2003,41383.23046875
09,175,2004,41221.4765625
09,175,2005,39904.23046875
09,175,2006,43514.484375
09,175,2007,51758.03515625
09,175,2008,45008.921875
09,175,2009,46578.3515625
09,175,2010,61143.16796875
09,175,2011,60763.4375
09,175,2012,64882.9609375
09,175,2013,67414.0078125
09,176,1994,11220.93359375
09,176,1995,13637.2353515625
09,176,1996,11058.1259765625
09,176,1997,7529.493896484375
09,176,1998,10469.6435546875
09,176,1999,7551.384033203125
09,176,2000,16985.595703125
09,176,2001,15778.62158203125
09,176,2002,16130.0419921875
09,176,2003,12854.68896484375
09,176,2004,11714.10888671875
09,176,2005,10878.64697265625
09,176,2006,11698.24755859375
09,176,2007,20278.814453125
09,176,2008,19952.35546875
09,176,2009,20245.814453125
09,176,2010,25744.283203125
09,176,2011,24124.509765625
09,176,2012,23082.060546875
09,176,2013,23560.0390625
09,177,1994,18347.2900390625
09,177,1995,19536.064453125
09,177,1996,19699.701171875
09,177,1997,16572.67138671875
09,177,1998,18465.85546875
09,177,1999,15670.1689453125
09,177,2000,21983.9208984375
09,177,2001,20249.36328125
09,177,2002,16730.62939453125
09,177,2003,13672.31201171875
09,177,2004,14745.2958984375
09,177,2005,14923.125
09,177,2006,16495.79638671875
09,177,2007,19121.0732421875
09,177,2008,12606.8388671875
09,177,2009,15632.5595703125
09,177,2010,21113.431640625
09,177,2011,19173.6328125
09,177,2012,17764.65625
09,177,2013,16850.783203125
09,178,1994,11011.36669921875
09,178,1995,12070.154296875
09,178,1996,11076.80859375
09,178,1997,9241.1748046875
09,178,1998,9484.77490234375
09,178,1999,8996.2353515625
09,178,2000,14009.85400390625
09,178,2001,8656.68359375
09,178,2002,9728.72265625
09,178,2003,9036.974609375
09,178,2004,11861.14501953125
09,178,2005,13489.79248046875
09,178,2006,14720.53125
09,178,2007,15989.552734375
09,178,2008,9041.671875
09,178,2009,11094.8779296875
09,178,2010,17205.470703125
09,178,2011,16181.0087890625
09,178,2012,14542.662109375
09,178,2013,14521.9345703125
09,179,1994,26621.58984375
09,179,1995,31325.115234375
09,179,1996,32604.271484375
09,179,1997,26073.5107421875
09,179,1998,26920.111328125
09,179,1999,15865.1748046875
09,179,2000,21992.9765625
09,179,2001,20676.6396484375
09,179,2002,15594.2666015625
09,179,2003,12225.36181640625
09,179,2004,9721.93212890625
09,179,2005,10299.884765625
09,179,2006,11279.57861328125
09,179,2007,16969.58642578125
09,179,2008,10861.53125
09,179,2009,18201.75390625
09,179,2010,28787.634765625
09,179,2011,24425.3984375
09,179,2012,26122.404296875
09,179,2013,23554.689453125
09,180,1994,5473.85009765625
09,180,1995,8013.54638671875
09,180,1996,5774.396484375
09,180,1997,4861.875
09,180,1998,5466.61962890625
09,180,1999,4759.060302734375
09,180,2000,11299.744140625
09,180,2001,6650.083984375
09,180,2002,8458.7733154296875
09,180,2003,6902.6435546875
09,180,2004,6498.977294921875
09,180,2005,5864.441162109375
09,180,2006,7325.909423828125
09,180,2007,12982.5419921875
09,180,2008,11616.8798828125
09,180,2009,12547.88671875
09,180,2010,21477.59765625
09,180,2011,20802.826171875
09,180,2012,15863.0078125
09,180,2013,16588.728515625
09,181,1994,482.28741455078125
09,181,1995,870.015380859375
09,181,1996,456.0835876464844
09,181,1997,357.8467102050781
09,181,1998,616.87359619140625
09,181,1999,573.2414855957031
09,181,2000,2645.5623168945312
09,181,2001,1463.7653503417969
09,181,2002,2424.1074829101562
09,181,2003,1989.5977783203125
09,181,2004,1870.3023681640625
09,181,2005,1399.0037536621094
09,181,2006,2090.3194580078125
09,181,2007,4483.340576171875
09,181,2008,3344.67529296875
09,181,2009,4643.58935546875
09,181,2010,7947.6259765625
09,181,2011,6901.7490234375
09,181,2012,5788.06494140625
09,181,2013,6055.07763671875
09,182,1994,4646.7685546875
09,182,1995,7352.2744140625
09,182,1996,4782.3984375
09,182,1997,3877.992431640625
09,182,1998,4644.485107421875
09,182,1999,3070.5887451171875
09,182,2000,6537.518798828125
09,182,2001,5347.367431640625
09,182,2002,6195.84912109375
09,182,2003,4998.766845703125
09,182,2004,4773.15234375
09,182,2005,4635.0594482421875
09,182,2006,5830.543701171875
09,182,2007,13192.4033203125
09,182,2008,9152.1494140625
09,182,2009,13419.31640625
09,182,2010,16878.822265625
09,182,2011,14050.0546875
09,182,2012,11671.583984375
09,182,2013,12369.82421875
09,183,1994,11690.70458984375
09,183,1995,18035.93359375
09,183,1996,12296.1572265625
09,183,1997,9800.8056640625
09,183,1998,11102.0673828125
09,183,1999,7760.29931640625
09,183,2000,15958.4013671875
09,183,2001,14076.142578125
09,183,2002,13287.87451171875
09,183,2003,10437.25732421875
09,183,2004,10866.83642578125
09,183,2005,10094.53662109375
09,183,2006,12007.47705078125
09,183,2007,23701.890625
09,183,2008,19752.09765625
09,183,2009,19352.7109375
09,183,2010,27590.095703125
09,183,2011,23907.140625
09,183,2012,17034.841796875
09,183,2013,20297.09765625
09,184,1994,3746.1170654296875
09,184,1995,4817.806640625
09,184,1996,4067.3203125
09,184,1997,1965.1945190429688
09,184,1998,3166.1055908203125
09,184,1999,2836.8446044921875
09,184,2000,5999.0074462890625
09,184,2001,3043.1436767578125
09,184,2002,4418.525390625
09,184,2003,4286.013916015625
09,184,2004,4400.6173095703125
09,184,2005,6681.11962890625
09,184,2006,8351.76171875
09,184,2007,10167.8330078125
09,184,2008,7220.7822265625
09,184,2009,6117.90185546875
09,184,2010,14513.08203125
09,184,2011,10891.6640625
09,184,2012,9716.32421875
09,184,2013,9562.3623046875
09,185,1994,9861.74072265625
09,185,1995,12865.853515625
09,185,1996,10170.298828125
09,185,1997,8399.115966796875
09,185,1998,11756.49072265625
09,185,1999,9827.63916015625
09,185,2000,14135.89599609375
09,185,2001,10636.26611328125
09,185,2002,9624.347900390625
09,185,2003,8949.89794921875
09,185,2004,10592.54296875
09,185,2005,10006.46435546875
09,185,2006,11244.02197265625
09,185,2007,17669.001953125
09,185,2008,10911.26171875
09,185,2009,15364.2490234375
09,185,2010,22384.640625
09,185,2011,21743.009765625
09,185,2012,15447.5224609375
09,185,2013,15591.396484375
09,186,1994,6228.5888671875
09,186,1995,7429.736328125
09,186,1996,5012.97021484375
09,186,1997,3866.65625
09,186,1998,5274.023681640625
09,186,1999,5677.74267578125
09,186,2000,8035.824462890625
09,186,2001,4464.6142578125
09,186,2002,5158.8802490234375
09,186,2003,3553.356689453125
09,186,2004,3561.9036865234375
09,186,2005,2960.91748046875
09,186,2006,4822.677978515625
09,186,2007,5477.638427734375
09,186,2008,4105.849609375
09,186,2009,8072.36962890625
09,186,2010,11214.3134765625
09,186,2011,10763.4990234375
09,186,2012,6851.7490234375
09,186,2013,9303.8408203125
09,187,1994,4464.292724609375
09,187,1995,6592.4609375
09,187,1996,5728.7568359375
09,187,1997,3907.308349609375
09,187,1998,3598.28466796875
09,187,1999,2167.7779541015625
09,187,2000,6605.162353515625
09,187,2001,5402.15185546875
09,187,2002,6984.997802734375
09,187,2003,8858.848876953125
09,187,2004,5590.204345703125
09,187,2005,3133.0687255859375
09,187,2006,5201.3487548828125
09,187,2007,7634.08935546875
09,187,2008,9545.15234375
09,187,2009,7511.87939453125
09,187,2010,16073.7587890625
09,187,2011,12378.837890625
09,187,2012,10372.080078125
09,187,2013,11668.5078125
09,188,1994,24577.052734375
09,188,1995,28376.4140625
09,188,1996,28449.046875
09,188,1997,19637.39453125
09,188,1998,24205.931640625
09,188,1999,18288.7529296875
09,188,2000,27389.2275390625
09,188,2001,24776.1376953125
09,188,2002,23510.7900390625
09,188,2003,21743.3828125
09,188,2004,19326.4912109375
09,188,2005,19494.7353515625
09,188,2006,24592.9638671875
09,188,2007,23411.32421875
09,188,2008,22808.91796875
09,188,2009,25904.478515625
09,188,2010,33493.9765625
09,188,2011,29384.083984375
09,188,2012,27921.224609375
09,188,2013,28966.92578125
09,189,1994,9364.3427734375
09,189,1995,15080.318359375
09,189,1996,13720.2236328125
09,189,1997,11095.19287109375
09,189,1998,11634.52392578125
09,189,1999,5118.66259765625
09,189,2000,11940.173828125
09,189,2001,10633.89794921875
09,189,2002,9928.024169921875
09,189,2003,7542.613525390625
09,189,2004,6682.029052734375
09,189,2005,6737.28466796875
09,189,2006,8472.6328125
09,189,2007,10479.9677734375
09,189,2008,11316.4443359375
09,189,2009,10149.818359375
09,189,2010,15775.9384765625
09,189,2011,13521.8408203125
09,189,2012,11617.8642578125
09,189,2013,14933.3046875
09,190,1994,11228.50146484375
09,190,1995,15821.126953125
09,190,1996,15526.2822265625
09,190,1997,7969.219482421875
09,190,1998,10726.8759765625
09,190,1999,4478.38330078125
09,190,2000,11973.35546875
09,190,2001,12081.9248046875
09,190,2002,10883.8037109375
09,190,2003,7365.522705078125
09,190,2004,5829.736083984375
09,190,2005,6394.54833984375
09,190,2006,10451.666015625
09,190,2007,8540.568603515625
09,190,2008,9543.7060546875
09,190,2009,7713.90625
09,190,2010,15279.71875
09,190,2011,14257.9345703125
09,190,2012,13915.1572265625
09,190,2013,16767.03125
09,191,1994,19039.103515625
09,191,1995,26957.556640625
09,191,1996,21786.634765625
09,191,1997,12976.3876953125
09,191,1998,20356.7685546875
09,191,1999,5979.459716796875
09,191,2000,16551.49462890625
09,191,2001,15480.95703125
09,191,2002,12016.28466796875
09,191,2003,9317.1611328125
09,191,2004,9483.3505859375
09,191,2005,8105.221923828125
09,191,2006,10839.1513671875
09,191,2007,13621.791015625
09,191,2008,12760.2529296875
09,191,2009,11549.3642578125
09,191,2010,24592.5546875
09,191,2011,21992.0625
09,191,2012,21129.080078125
09,191,2013,20306.54296875
09,192,1994,15992.357421875
09,192,1995,17827.072265625
09,192,1996,17070.2734375
09,192,1997,9945.032958984375
09,192,1998,13490.4208984375
09,192,1999,6828.371826171875
09,192,2000,12026.33837890625
09,192,2001,12139.953125
09,192,2002,8910.16015625
09,192,2003,5344.658447265625
09,192,2004,5019.925048828125
09,192,2005,5588.834716796875
09,192,2006,6280.666015625
09,192,2007,9212.921875
09,192,2008,8095.30078125
09,192,2009,5676.62890625
09,192,2010,14560.7138671875
09,192,2011,17274.203125
09,192,2012,14751.623046875
09,192,2013,11761.818359375
09,193,1994,13743.75439453125
09,193,1995,14837.1044921875
09,193,1996,16535.875
09,193,1997,8257.0654296875
09,193,1998,11282.3154296875
09,193,1999,3899.31591796875
09,193,2000,11051.85595703125
09,193,2001,13394.1640625
09,193,2002,8975.0078125
09,193,2003,5996.55615234375
09,193,2004,6185.22998046875
09,193,2005,5530.646484375
09,193,2006,6046.138427734375
09,193,2007,8713.1240234375
09,193,2008,8747.8193359375
09,193,2009,8398.1630859375
09,193,2010,14813.0869140625
09,193,2011,14234.583984375
09,193,2012,13082.9326171875
09,193,2013,13738.8837890625
09,194,1994,20285.92236328125
09,194,1995,27334.15625
09,194,1996,24511.037109375
09,194,1997,14282.50244140625
09,194,1998,22434.0107421875
09,194,1999,9492.06005859375
09,194,2000,19165.439453125
09,194,2001,22000.5
09,194,2002,15688.173828125
09,194,2003,9839.86572265625
09,194,2004,9385.25927734375
09,194,2005,9395.48388671875
09,194,2006,11861.44287109375
09,194,2007,16010.45361328125
09,194,2008,11813.55859375
09,194,2009,17507
09,194,2010,27908.3359375
09,194,2011,21940.896484375
09,194,2012,21038.447265625
09,194,2013,18984.953125
09,195,1994,23007.2998046875
09,195,1995,26886.572265625
09,195,1996,25295.453125
09,195,1997,12608.626953125
09,195,1998,20319.578125
09,195,1999,5730.727783203125
09,195,2000,14353.3603515625
09,195,2001,16771.775390625
09,195,2002,11198.8642578125
09,195,2003,6479.41015625
09,195,2004,8144.341796875
09,195,2005,6812.677978515625
09,195,2006,9668.5615234375
09,195,2007,11457.58154296875
09,195,2008,7762.85400390625
09,195,2009,8814.8798828125
09,195,2010,21195.26953125
09,195,2011,19350.361328125
09,195,2012,20141.314453125
09,195,2013,16034.3740234375
09,196,1994,12292.0966796875
09,196,1995,13274.220703125
09,196,1996,15244.2265625
09,196,1997,11022.3408203125
09,196,1998,13946.41259765625
09,196,1999,10412.74609375
09,196,2000,14746.3359375
09,196,2001,13483.61572265625
09,196,2002,11544.98095703125
09,196,2003,10759.0390625
09,196,2004,10225.32568359375
09,196,2005,8959.087890625
09,196,2006,9504.58349609375
09,196,2007,12291.96875
09,196,2008,12269.138671875
09,196,2009,11539.0068359375
09,196,2010,18946.439453125
09,196,2011,20432.736328125
09,196,2012,20014.705078125
09,196,2013,17481.0859375
09,197,1994,25891.1962890625
09,197,1995,27180.79296875
09,197,1996,28278.990234375
09,197,1997,25490.9306640625
09,197,1998,26269.46875
09,197,1999,24671.541015625
09,197,2000,26612.716796875
09,197,2001,26294.65234375
09,197,2002,21966.673828125
09,197,2003,21177.6943359375
09,197,2004,20005.1943359375
09,197,2005,19703.6005859375
09,197,2006,19922.5771484375
09,197,2007,21657.6416015625
09,197,2008,21160.58203125
09,197,2009,24358.595703125
09,197,2010,25160.517578125
09,197,2011,23901.833984375
09,197,2012,27517.896484375
09,197,2013,25122.517578125
09,198,1994,11128.7705078125
09,198,1995,12073.798828125
09,198,1996,11624.9423828125
09,198,1997,11077.2177734375
09,198,1998,13096.255859375
09,198,1999,7989.39599609375
09,198,2000,10523.1357421875
09,198,2001,10468.22607421875
09,198,2002,7576.19091796875
09,198,2003,7473.381591796875
09,198,2004,7002.16845703125
09,198,2005,8087.270263671875
09,198,2006,7914.268798828125
09,198,2007,9019.57763671875
09,198,2008,7484.50390625
09,198,2009,9279.220703125
09,198,2010,10080.4169921875
09,198,2011,10660.490234375
09,198,2012,11262.859375
09,198,2013,9905.939453125
09,199,1994,14902.30322265625
09,199,1995,15676.4140625
09,199,1996,17781.12890625
09,199,1997,15469.8388671875
09,199,1998,16616.228515625
09,199,1999,10722.3916015625
09,199,2000,17891.6845703125
09,199,2001,16127.17333984375
09,199,2002,14983.68212890625
09,199,2003,12070.232421875
09,199,2004,11159.44580078125
09,199,2005,10307.3544921875
09,199,2006,10829.31787109375
09,199,2007,15419.04248046875
09,199,2008,11153.279296875
09,199,2009,14980.6875
09,199,2010,24424.208984375
09,199,2011,21858.751953125
09,199,2012,22424.900390625
09,199,2013,20823.755859375
09,200,1994,17252.146484375
09,200,1995,19287.091796875
09,200,1996,19581.3984375
09,200,1997,17986.8369140625
09,200,1998,20162.1025390625
09,200,1999,18061.962890625
09,200,2000,25462.626953125
09,200,2001,20322.9853515625
09,200,2002,24556.376953125
09,200,2003,22342.9052734375
09,200,2004,22536.3701171875
09,200,2005,20833.017578125
09,200,2006,20891.2685546875
09,200,2007,26442.1171875
09,200,2008,22259.380859375
09,200,2009,26029.0546875
09,200,2010,40368.703125
09,200,2011,39896.30859375
09,200,2012,37201.24609375
09,200,2013,36402.84375
09,201,1994,9813.712890625
09,201,1995,9906.134765625
09,201,1996,6657.2578125
09,201,1997,3318.486083984375
09,201,1998,5303.193115234375
09,201,1999,2684.529541015625
09,201,2000,7588.73583984375
09,201,2001,6026.994384765625
09,201,2002,7588.51025390625
09,201,2003,8933.83056640625
09,201,2004,10161.4501953125
09,201,2005,7127.058837890625
09,201,2006,7113.543701171875
09,201,2007,10827.9443359375
09,201,2008,10055.9287109375
09,201,2009,9640.1669921875
09,201,2010,15102.056640625
09,201,2011,13922.0107421875
09,201,2012,14984.4912109375
09,201,2013,13925.7197265625
09,202,1994,6794.558349609375
09,202,1995,6830.4580078125
09,202,1996,4393.54541015625
09,202,1997,2379.3258056640625
09,202,1998,3905.668212890625
09,202,1999,2336.65576171875
09,202,2000,5968.903564453125
09,202,2001,4375.8560791015625
09,202,2002,5050.9827880859375
09,202,2003,6043.78076171875
09,202,2004,5855.453857421875
09,202,2005,2339.8023681640625
09,202,2006,3140.189208984375
09,202,2007,4985.60205078125
09,202,2008,4175.45654296875
09,202,2009,3993.896484375
09,202,2010,9571.2041015625
09,202,2011,7493.875
09,202,2012,8684.9873046875
09,202,2013,8125.8837890625
10,203,1994,2073.27197265625
10,203,1995,3249.93359375
10,203,1996,3428.4228515625
10,203,1997,2629.8050537109375
10,203,1998,2973.7044677734375
10,203,1999,2641.7686767578125
10,203,2000,7633.197265625
10,203,2001,3412.7728271484375
10,203,2002,6590.2039794921875
10,203,2003,6404.438232421875
10,203,2004,6531.803955078125
10,203,2005,5476.3746337890625
10,203,2006,6880.0693359375
10,203,2007,10981.85595703125
10,203,2008,7437.5927734375
10,203,2009,9612.638671875
10,203,2010,20395.224609375
10,203,2011,17480.009765625
10,203,2012,16933.45703125
10,203,2013,20053.48828125
10,204,1994,2956.2037353515625
10,204,1995,4323.90087890625
10,204,1996,4989.17333984375
10,204,1997,3886.4537353515625
10,204,1998,4932.6240234375
10,204,1999,3193.227294921875
10,204,2000,8292.150634765625
10,204,2001,4721.6815185546875
10,204,2002,8502.901611328125
10,204,2003,7691.234619140625
10,204,2004,7272.45703125
10,204,2005,6668.922119140625
10,204,2006,8046.282470703125
10,204,2007,10682.378173828125
10,204,2008,6543.50927734375
10,204,2009,7706.2548828125
10,204,2010,18394.447265625
10,204,2011,14731.4052734375
10,204,2012,13750.7822265625
10,204,2013,16688.130859375
10,205,1994,50.26275062561035
10,205,1995,183.7812957763672
10,205,1996,371.84381103515625
10,205,1997,118.78405380249023
10,205,1998,321.6445999145508
10,205,1999,106.88700103759766
10,205,2000,570.4471130371094
10,205,2001,312.6770477294922
10,205,2002,602.1321563720703
10,205,2003,470.3713684082031
10,205,2004,453.2838897705078
10,205,2005,407.7174530029297
10,205,2006,485.8343963623047
10,205,2007,822.8757019042969
10,205,2008,714.21710205078125
10,205,2009,727.993408203125
10,205,2010,1888.51513671875
10,205,2011,1494.0936279296875
10,205,2012,1398.9232177734375
10,205,2013,2051.439453125
10,206,1994,1576.6744384765625
10,206,1995,2210.5302734375
10,206,1996,2661.919921875
10,206,1997,1709.1206665039062
10,206,1998,2324.079833984375
10,206,1999,1895.777587890625
10,206,2000,4490.01904296875
10,206,2001,2444.3662719726562
10,206,2002,4774.4530029296875
10,206,2003,3385.76708984375
10,206,2004,3828.029052734375
10,206,2005,3310.1116943359375
10,206,2006,3485.5540771484375
10,206,2007,5003.939208984375
10,206,2008,3975.90966796875
10,206,2009,4396.84912109375
10,206,2010,9760.5107421875
10,206,2011,7762.29443359375
10,206,2012,7488.4599609375
10,206,2013,9258.6728515625
10,207,1994,1670.1163330078125
10,207,1995,2141.739501953125
10,207,1996,4786.564453125
10,207,1997,2341.429931640625
10,207,1998,4138.4642333984375
10,207,1999,2976.750244140625
10,207,2000,7799.75390625
10,207,2001,4821.4237060546875
10,207,2002,7662.316650390625
10,207,2003,5196.3939208984375
10,207,2004,6579.56787109375
10,207,2005,5831.08349609375
10,207,2006,7375.904296875
10,207,2007,10803.16162109375
10,207,2008,11238.48828125
10,207,2009,8049.91796875
10,207,2010,18400.3828125
10,207,2011,13778.8896484375
10,207,2012,13413.44921875
10,207,2013,19124.166015625
10,208,1994,1699.78173828125
10,208,1995,1478.4810791015625
10,208,1996,2964.677490234375
10,208,1997,2201.1845092773438
10,208,1998,2505.08154296875
10,208,1999,1578.1737670898438
10,208,2000,4709.8756103515625
10,208,2001,2671.0057373046875
10,208,2002,5271.3760986328125
10,208,2003,3027.4804077148438
10,208,2004,3980.68798828125
10,208,2005,3145.0986328125
10,208,2006,5297.635498046875
10,208,2007,8837.103759765625
10,208,2008,7767.56689453125
10,208,2009,7599.58251953125
10,208,2010,12261.451171875
10,208,2011,10671.9736328125
10,208,2012,9772.96484375
10,208,2013,14490.60546875
10,209,1994,1015.6282348632812
10,209,1995,1459.4888916015625
10,209,1996,1885.6279296875
10,209,1997,2221.3980712890625
10,209,1998,2083.9423217773438
10,209,1999,1674.3109741210938
10,209,2000,4883.7340087890625
10,209,2001,2844.828369140625
10,209,2002,4673.540283203125
10,209,2003,3664.6866455078125
10,209,2004,3967.1707763671875
10,209,2005,3200.7672119140625
10,209,2006,4036.2012939453125
10,209,2007,7375.295654296875
10,209,2008,7547.8359375
10,209,2009,8756.5419921875
10,209,2010,13308.5185546875
10,209,2011,11569.125
10,209,2012,9915.1640625
10,209,2013,11519.8740234375
10,210,1994,1429.7647705078125
10,210,1995,1885.643310546875
10,210,1996,2324.762451171875
10,210,1997,2260.221923828125
10,210,1998,2327.5517578125
10,210,1999,2064.115478515625
10,210,2000,4399.299072265625
10,210,2001,2911.56103515625
10,210,2002,4084.61328125
10,210,2003,3590.7344970703125
10,210,2004,3800.3802490234375
10,210,2005,3645.5838623046875
10,210,2006,3886.8397216796875
10,210,2007,5888.283447265625
10,210,2008,6077.15234375
10,210,2009,7048.52783203125
10,210,2010,10472.3173828125
10,210,2011,9196.3740234375
10,210,2012,9227.62109375
10,210,2013,9913.705078125
10,211,1994,2164.4381103515625
10,211,1995,3827.591552734375
10,211,1996,5838.0009765625
10,211,1997,6418.255615234375
10,211,1998,6533.779052734375
10,211,1999,5099.413818359375
10,211,2000,9907.4130859375
10,211,2001,7090.338623046875
10,211,2002,10379.331298828125
10,211,2003,7258.02587890625
10,211,2004,8165.783447265625
10,211,2005,7423.627197265625
10,211,2006,8204.667724609375
10,211,2007,12931.20654296875
10,211,2008,12660.453125
10,211,2009,10335.3505859375
10,211,2010,17319.595703125
10,211,2011,16188.826171875
10,211,2012,15854.462890625
10,211,2013,18020.19140625
10,212,1994,1872.3666381835938
10,212,1995,2198.49462890625
10,212,1996,3759.810546875
10,212,1997,3896.4029541015625
10,212,1998,4419.61865234375
10,212,1999,3369.9930419921875
10,212,2000,7870.318359375
10,212,2001,4181.3106689453125
10,212,2002,6852.723876953125
10,212,2003,4900.0679931640625
10,212,2004,6064.484130859375
10,212,2005,5306.802490234375
10,212,2006,5697.270751953125
10,212,2007,9339.847900390625
10,212,2008,8301.83984375
10,212,2009,7695.39990234375
10,212,2010,13113.4931640625
10,212,2011,11874.9404296875
10,212,2012,11760.609375
10,212,2013,13776.037109375
10,213,1994,477.35406494140625
10,213,1995,755.95458984375
10,213,1996,1290.116943359375
10,213,1997,1300.1072998046875
10,213,1998,1819.2656860351562
10,213,1999,1547.3650512695312
10,213,2000,3674.607177734375
10,213,2001,1637.5087280273438
10,213,2002,3847.043212890625
10,213,2003,2328.5156860351562
10,213,2004,3021.6790771484375
10,213,2005,2756.0050048828125
10,213,2006,3705.67333984375
10,213,2007,5599.298828125
10,213,2008,5183.1123046875
10,213,2009,4052.9189453125
10,213,2010,8268.607421875
10,213,2011,6916.59326171875
10,213,2012,6676.9697265625
10,213,2013,10082.03125
10,214,1994,605.3854064941406
10,214,1995,1073.6988525390625
10,214,1996,1534.60498046875
10,214,1997,1558.1202392578125
10,214,1998,2213.4525146484375
10,214,1999,1549.308349609375
10,214,2000,3745.5899658203125
10,214,2001,2152.8504028320312
10,214,2002,3696.7474365234375
10,214,2003,2521.67578125
10,214,2004,2875.9052734375
10,214,2005,2394.0284423828125
10,214,2006,3177.7042236328125
10,214,2007,4220.22802734375
10,214,2008,4739.412109375
10,214,2009,3741.835205078125
10,214,2010,7810.84521484375
10,214,2011,6905.06005859375
10,214,2012,6761.5693359375
10,214,2013,9373.7236328125
10,215,1994,1980.35791015625
10,215,1995,2904.96240234375
10,215,1996,4890.87841796875
10,215,1997,3427.5262451171875
10,215,1998,5111.851806640625
10,215,1999,4390.29345703125
10,215,2000,8405.169189453125
10,215,2001,5499.08642578125
10,215,2002,8093.668701171875
10,215,2003,5367.09912109375
10,215,2004,6106.94189453125
10,215,2005,5731.431884765625
10,215,2006,7062.888427734375
10,215,2007,8476.788818359375
10,215,2008,8215.7275390625
10,215,2009,7386.7001953125
10,215,2010,13703.5439453125
10,215,2011,11173.0546875
10,215,2012,10872.4609375
10,215,2013,14113.6669921875
10,216,1994,6894.19873046875
10,216,1995,8998.0244140625
10,216,1996,8084.3955078125
10,216,1997,7346.611328125
10,216,1998,10517.52490234375
10,216,1999,7048.698974609375
10,216,2000,11997.79736328125
10,216,2001,7877.63623046875
10,216,2002,10295.69384765625
10,216,2003,8860.3125
10,216,2004,10237.53125
10,216,2005,10478.599609375
10,216,2006,11621.7255859375
10,216,2007,13396.3466796875
10,216,2008,12896.1220703125
10,216,2009,13621.8818359375
10,216,2010,22721.421875
10,216,2011,18740.583984375
10,216,2012,18927.74609375
10,216,2013,24573.798828125
10,217,1994,1579.793701171875
10,217,1995,3439.6474609375
10,217,1996,3404.27197265625
10,217,1997,2719.9180908203125
10,217,1998,5188.617919921875
10,217,1999,2331.1180419921875
10,217,2000,5747.4957275390625
10,217,2001,3995.691650390625
10,217,2002,5555.5877685546875
10,217,2003,5088.8770751953125
10,217,2004,5247.826416015625
10,217,2005,4955.5411376953125
10,217,2006,6880.811279296875
10,217,2007,7570.13720703125
10,217,2008,5309.1953125
10,217,2009,6713.66259765625
10,217,2010,14053.5087890625
10,217,2011,9838.369140625
10,217,2012,9073.51171875
10,217,2013,11759.173828125
10,218,1994,1102.7249145507812
10,218,1995,2585.17333984375
10,218,1996,2701.93310546875
10,218,1997,1838.9708862304688
10,218,1998,3025.7823486328125
10,218,1999,1744.6873779296875
10,218,2000,5096.4453125
10,218,2001,2695.7584838867188
10,218,2002,4439.07421875
10,218,2003,4417.8236083984375
10,218,2004,3844.2998046875
10,218,2005,3996.9288330078125
10,218,2006,4761.433349609375
10,218,2007,5540.57177734375
10,218,2008,4322.19091796875
10,218,2009,4601.68115234375
10,218,2010,12305.28515625
10,218,2011,8514.65234375
10,218,2012,7644.31494140625
10,218,2013,11403.4150390625
10,219,1994,3860.4320068359375
10,219,1995,5035.736328125
10,219,1996,5636.74853515625
10,219,1997,4304.3419189453125
10,219,1998,5849.835205078125
10,219,1999,5022.884765625
10,219,2000,9019.082763671875
10,219,2001,5983.8583984375
10,219,2002,7882.0439453125
10,219,2003,7050.51904296875
10,219,2004,7777.89697265625
10,219,2005,7504.2939453125
10,219,2006,8170.732666015625
10,219,2007,9691.0048828125
10,219,2008,9461.4384765625
10,219,2009,9771.1640625
10,219,2010,17880.275390625
10,219,2011,13656.96484375
10,219,2012,15754.1181640625
10,219,2013,21207.21875
10,220,1994,5622.945556640625
10,220,1995,7341.80712890625
10,220,1996,7853.58056640625
10,220,1997,5174.010986328125
10,220,1998,7925.26318359375
10,220,1999,5377.254150390625
10,220,2000,9037.07275390625
10,220,2001,6435.267578125
10,220,2002,7970.619873046875
10,220,2003,6683.522705078125
10,220,2004,7956.935546875
10,220,2005,8161.17431640625
10,220,2006,7460.650390625
10,220,2007,9492.91796875
10,220,2008,10125.78125
10,220,2009,9705.3291015625
10,220,2010,15354.45703125
10,220,2011,13369.70703125
10,220,2012,12595.587890625
10,220,2013,15713.2041015625
10,221,1994,3151.6964111328125
10,221,1995,4657.2216796875
10,221,1996,5286.22802734375
10,221,1997,3411.3778076171875
10,221,1998,5650.068603515625
10,221,1999,3668.85595703125
10,221,2000,7775.06591796875
10,221,2001,5222.789306640625
10,221,2002,8084.411376953125
10,221,2003,6066.2760009765625
10,221,2004,6673.92919921875
10,221,2005,6081.8466796875
10,221,2006,6318.024169921875
10,221,2007,7996.103271484375
10,221,2008,7028.974609375
10,221,2009,7479.06982421875
10,221,2010,14295.5712890625
10,221,2011,12008.4658203125
10,221,2012,12902.453125
10,221,2013,17328.580078125
10,222,1994,7480.340576171875
10,222,1995,7767.52880859375
10,222,1996,8897.91796875
10,222,1997,7960.796142578125
10,222,1998,8682.90087890625
10,222,1999,7659.218017578125
10,222,2000,10627.98583984375
10,222,2001,9169.40673828125
10,222,2002,11011.80322265625
10,222,2003,9598.81640625
10,222,2004,9429.08154296875
10,222,2005,9723.474609375
10,222,2006,9569.0849609375
10,222,2007,10427.76318359375
10,222,2008,10005.0537109375
10,222,2009,10119.7744140625
10,222,2010,14101.12109375
10,222,2011,12706.7236328125
10,222,2012,12933.60546875
10,222,2013,15998.6474609375
10,223,1994,537.85595703125
10,223,1995,938.82208251953125
10,223,1996,1834.5262451171875
10,223,1997,1534.81982421875
10,223,1998,1959.1653442382812
10,223,1999,1719.0723266601562
10,223,2000,3416.6317138671875
10,223,2001,2072.4635620117188
10,223,2002,3066.2077026367188
10,223,2003,2369.0260620117188
10,223,2004,2420.8038940429688
10,223,2005,2309.1339111328125
10,223,2006,2075.9135131835938
10,223,2007,3247.840087890625
10,223,2008,2762.245849609375
10,223,2009,3188.58837890625
10,223,2010,5919.0322265625
10,223,2011,4912.88720703125
10,223,2012,5106.23388671875
10,223,2013,5720.46044921875
10,224,1994,7449.71142578125
10,224,1995,9101.71875
10,224,1996,12012.1240234375
10,224,1997,10229.50732421875
10,224,1998,10430.5771484375
10,224,1999,8841.76708984375
10,224,2000,13526.2509765625
10,224,2001,11710.74365234375
10,224,2002,14227.0966796875
10,224,2003,9647.30517578125
10,224,2004,10674.8603515625
10,224,2005,11317.326171875
10,224,2006,11047.49951171875
10,224,2007,13808.9375
10,224,2008,13791.4404296875
10,224,2009,15114.5498046875
10,224,2010,18407.75
10,224,2011,17454.7734375
10,224,2012,17054.787109375
10,224,2013,18257.388671875
10,225,1994,322.810302734375
10,225,1995,814.11248779296875
10,225,1996,1617.355712890625
10,225,1997,1254.1640014648438
10,225,1998,1458.5999755859375
10,225,1999,1216.916015625
10,225,2000,4221.7147216796875
10,225,2001,1695.8757934570312
10,225,2002,4267.070556640625
10,225,2003,2561.443359375
10,225,2004,3031.8687744140625
10,225,2005,2742.6460571289062
10,225,2006,3840.799560546875
10,225,2007,6004.7158203125
10,225,2008,4349.83203125
10,225,2009,5255.6376953125
10,225,2010,10529.5615234375
10,225,2011,8706.1650390625
10,225,2012,9300.3955078125
10,225,2013,9238.078125
10,226,1994,2075.3323364257812
10,226,1995,3196.37841796875
10,226,1996,5071.42578125
10,226,1997,3842.1607666015625
10,226,1998,3989.0205078125
10,226,1999,4342.001708984375
10,226,2000,6011.562744140625
10,226,2001,4604.9228515625
10,226,2002,6000.28466796875
10,226,2003,4320.6363525390625
10,226,2004,4713.838134765625
10,226,2005,5016.12109375
10,226,2006,4815.8018798828125
10,226,2007,5998.324951171875
10,226,2008,4587.1845703125
10,226,2009,5489.513671875
10,226,2010,7709.13818359375
10,226,2011,6425.0849609375
10,226,2012,6175.36279296875
10,226,2013,6896.1279296875
10,227,1994,1321.2119140625
10,227,1995,1914.4947509765625
10,227,1996,1695.3839111328125
10,227,1997,1366.9048461914062
10,227,1998,1468.3883666992188
10,227,1999,1321.6920166015625
10,227,2000,3010.6807861328125
10,227,2001,1833.2674560546875
10,227,2002,2837.9479370117188
10,227,2003,2152.5426635742188
10,227,2004,2279.9326171875
10,227,2005,1931.2026977539062
10,227,2006,1862.5011596679688
10,227,2007,2753.890625
10,227,2008,2291.572509765625
10,227,2009,3114.52099609375
10,227,2010,5307.83837890625
10,227,2011,4386.0556640625
10,227,2012,4139.27734375
10,227,2013,4470.01904296875
10,228,1994,371.7490539550781
10,228,1995,1266.4111328125
10,228,1996,1106.0516357421875
10,228,1997,834.550537109375
10,228,1998,1289.0895385742188
10,228,1999,1031.4945983886719
10,228,2000,2010.2542724609375
10,228,2001,973.9701232910156
10,228,2002,1731.7664794921875
10,228,2003,1154.8797607421875
10,228,2004,1325.7570190429688
10,228,2005,960.7064208984375
10,228,2006,1057.5998229980469
10,228,2007,1882.5023803710938
10,228,2008,1611.5089111328125
10,228,2009,1786.00537109375
10,228,2010,3191.156494140625
10,228,2011,2720.63037109375
10,228,2012,2583.99169921875
10,228,2013,2967.051513671875
10,229,1994,2428.533203125
10,229,1995,4149.763671875
10,229,1996,3973.940673828125
10,229,1997,4483.568115234375
10,229,1998,6334.136474609375
10,229,1999,5121.58056640625
10,229,2000,7825.18310546875
10,229,2001,4918.731201171875
10,229,2002,6313.931396484375
10,229,2003,4951.3515625
10,229,2004,5418.167724609375
10,229,2005,4980.51171875
10,229,2006,7268.4580078125
10,229,2007,8473.022216796875
10,229,2008,7302.98046875
10,229,2009,10222.9013671875
10,229,2010,14971.2021484375
10,229,2011,12657.486328125
10,229,2012,13084.8447265625
10,229,2013,17724.63671875
10,230,1994,20399.505859375
10,230,1995,22999.78125
10,230,1996,23187.466796875
10,230,1997,21345.607421875
10,230,1998,21387.0224609375
10,230,1999,19633.384765625
10,230,2000,25153.357421875
10,230,2001,21322.08203125
10,230,2002,24465.3994140625
10,230,2003,20823.375
10,230,2004,22341.06640625
10,230,2005,22869.1142578125
10,230,2006,24860.1513671875
10,230,2007,26668.5146484375
10,230,2008,26608.31640625
10,230,2009,31768.03515625
10,230,2010,38749.234375
10,230,2011,35946.4375
10,230,2012,36434.37890625
10,230,2013,40163.62109375
10,231,1994,1137.8995971679688
10,231,1995,1735.84375
10,231,1996,1935.990478515625
10,231,1997,2069.2815551757812
10,231,1998,2224.485595703125
10,231,1999,2053.7811279296875
10,231,2000,4975.2747802734375
10,231,2001,2809.8193359375
10,231,2002,4330.6339111328125
10,231,2003,4030.6448974609375
10,231,2004,4407.755615234375
10,231,2005,3396.66064453125
10,231,2006,4945.14453125
10,231,2007,5835.21337890625
10,231,2008,4600.95263671875
10,231,2009,5841.05908203125
10,231,2010,10920.13671875
10,231,2011,8890.3515625
10,231,2012,8899.828125
10,231,2013,10625.251953125
10,232,1994,1526.7689208984375
10,232,1995,2244.7880859375
10,232,1996,1746.058837890625
10,232,1997,2318.205810546875
10,232,1998,2767.7032470703125
10,232,1999,1893.6929321289062
10,232,2000,4169.36376953125
10,232,2001,2747.250244140625
10,232,2002,3731.1728515625
10,232,2003,3231.311279296875
10,232,2004,3343.3154296875
10,232,2005,2423.2783203125
10,232,2006,3019.2353515625
10,232,2007,3787.3428955078125
10,232,2008,3090.597900390625
10,232,2009,4439.296875
10,232,2010,8836.9326171875
10,232,2011,6885.52197265625
10,232,2012,6462.48046875
10,232,2013,7383.490234375
10,233,1994,4077.915771484375
10,233,1995,4109.52978515625
10,233,1996,4001.028076171875
10,233,1997,4540.732666015625
10,233,1998,5775.460693359375
10,233,1999,4935.301513671875
10,233,2000,8602.95849609375
10,233,2001,5326.42724609375
10,233,2002,8571.18212890625
10,233,2003,7586.733154296875
10,233,2004,9087.68017578125
10,233,2005,7164.347900390625
10,233,2006,7305.088623046875
10,233,2007,7964.885009765625
10,233,2008,6637.05322265625
10,233,2009,7561.93505859375
10,233,2010,16745.625
10,233,2011,12593.8828125
10,233,2012,12308.47265625
10,233,2013,11941.6904296875
10,234,1994,4868.266845703125
10,234,1995,6448.67333984375
10,234,1996,5860.439453125
10,234,1997,6494.771240234375
10,234,1998,8157.018798828125
10,234,1999,6772.7578125
10,234,2000,11323.06494140625
10,234,2001,7545.950927734375
10,234,2002,11455.87109375
10,234,2003,10381.18701171875
10,234,2004,11656.19140625
10,234,2005,10464.3310546875
10,234,2006,11724.01806640625
10,234,2007,12419.13525390625
10,234,2008,12001.3369140625
10,234,2009,12938.8095703125
10,234,2010,22547.712890625
10,234,2011,17431.751953125
10,234,2012,17930.27734375
10,234,2013,16704.2578125
10,235,1994,2113.4131469726562
10,235,1995,3013.919189453125
10,235,1996,2349.72412109375
10,235,1997,2332.8125
10,235,1998,3312.716552734375
10,235,1999,2229.0823974609375
10,235,2000,6047.59033203125
10,235,2001,3282.264892578125
10,235,2002,6111.9892578125
10,235,2003,4615.9862060546875
10,235,2004,5341.08544921875
10,235,2005,4183.2279052734375
10,235,2006,4351.09326171875
10,235,2007,6474.732177734375
10,235,2008,4676.3857421875
10,235,2009,6721.51611328125
10,235,2010,13392.0048828125
10,235,2011,11939.9033203125
10,235,2012,12221.8916015625
10,235,2013,13724.83984375
10,236,1994,5652.42431640625
10,236,1995,6949.4482421875
10,236,1996,6257.04345703125
10,236,1997,5632.176513671875
10,236,1998,6648.513916015625
10,236,1999,5182.912353515625
10,236,2000,10877.7265625
10,236,2001,7085.10107421875
10,236,2002,11101.99560546875
10,236,2003,9116.82177734375
10,236,2004,10280.7666015625
10,236,2005,8720.63134765625
10,236,2006,9043.26171875
10,236,2007,12571.30859375
10,236,2008,9540.837890625
10,236,2009,13817.494140625
10,236,2010,23894.486328125
10,236,2011,20660.39453125
10,236,2012,20840.935546875
10,236,2013,25307.75
10,237,1994,1478.9287719726562
10,237,1995,2625.080078125
10,237,1996,2194.460205078125
10,237,1997,2387.7081298828125
10,237,1998,3092.94482421875
10,237,1999,1919.2352905273438
10,237,2000,4413.2325439453125
10,237,2001,1757.39013671875
10,237,2002,3606.8513793945312
10,237,2003,2588.7601318359375
10,237,2004,2677.90673828125
10,237,2005,2031.5575561523438
10,237,2006,2469.83740234375
10,237,2007,4391.8013916015625
10,237,2008,2970.87158203125
10,237,2009,4258.80712890625
10,237,2010,10079.5390625
10,237,2011,7871.29296875
10,237,2012,7608.7197265625
10,237,2013,8452.9931640625
10,238,1994,571.53729248046875
10,238,1995,1190.4521484375
10,238,1996,1279.98974609375
10,238,1997,880.11053466796875
10,238,1998,1317.8919372558594
10,238,1999,1372.9122314453125
10,238,2000,4541.4105224609375
10,238,2001,1944.9609985351562
10,238,2002,3975.3048706054688
10,238,2003,2998.0568237304688
10,238,2004,2948.7667236328125
10,238,2005,2269.5662231445312
10,238,2006,2805.8410034179688
10,238,2007,4910.1981201171875
10,238,2008,3426.162109375
10,238,2009,4746.521484375
10,238,2010,10742.8310546875
10,238,2011,8656.6982421875
10,238,2012,8797.8388671875
10,238,2013,8771.5791015625
10,239,1994,568.62725830078125
10,239,1995,1313.1019287109375
10,239,1996,1187.4093017578125
10,239,1997,867.12469482421875
10,239,1998,973.25750732421875
10,239,1999,804.5993957519531
10,239,2000,2320.4326171875
10,239,2001,1288.899658203125
10,239,2002,2383.6104736328125
10,239,2003,1451.7454833984375
10,239,2004,1811.8983154296875
10,239,2005,1426.0195922851562
10,239,2006,1499.7822265625
10,239,2007,2046.4879760742188
10,239,2008,2119.90673828125
10,239,2009,3234.837890625
10,239,2010,5381.07470703125
10,239,2011,3699.17724609375
10,239,2012,3484.081787109375
10,239,2013,5626.35205078125
10,240,1994,14.335000038146973
10,240,1995,0
10,240,1996,33.27159881591797
10,240,1997,12.866849899291992
10,240,1998,131.5306510925293
10,240,1999,60.324798583984375
10,240,2000,667.0812072753906
10,240,2001,132.3881072998047
10,240,2002,591.4181098937988
10,240,2003,532.4106979370117
10,240,2004,510.233642578125
10,240,2005,348.4380416870117
10,240,2006,486.6908416748047
10,240,2007,1007.0137329101562
10,240,2008,581.968017578125
10,240,2009,1032.3753662109375
10,240,2010,2346.52197265625
10,240,2011,1997.52783203125
10,240,2012,1884.60302734375
10,240,2013,2304.837646484375
11,241,1994,43.878000259399414
11,241,1995,46.82939910888672
11,241,1996,88.78800201416016
11,241,1997,45.93065071105957
11,241,1998,60.59299850463867
11,241,1999,104.52180099487305
11,241,2000,3668.230712890625
11,241,2001,759.9078598022461
11,241,2002,3558.2392578125
11,241,2003,3117.2515869140625
11,241,2004,2941.745849609375
11,241,2005,2335.932113647461
11,241,2006,3270.0942993164062
11,241,2007,6370.709716796875
11,241,2008,4000.483154296875
11,241,2009,6141.50244140625
11,241,2010,14718.419921875
11,241,2011,11967.7265625
11,241,2012,11570.4384765625
11,241,2013,11929.0224609375
11,242,1994,235.0304946899414
11,242,1995,984.0736083984376
11,242,1996,921.06390380859375
11,242,1997,824.5597839355469
11,242,1998,755.99139404296875
11,242,1999,1204.0940551757812
11,242,2000,2384.4649047851562
11,242,2001,1283.9691772460938
11,242,2002,2137.4739379882812
11,242,2003,1536.4730834960938
11,242,2004,2005.6505126953125
11,242,2005,2320.892333984375
11,242,2006,2434.2006225585938
11,242,2007,3597.956298828125
11,242,2008,3205.80078125
11,242,2009,3248.561279296875
11,242,2010,6084.64990234375
11,242,2011,5309.435546875
11,242,2012,5140.9912109375
11,242,2013,5321.37451171875
11,243,1994,321.6230010986328
11,243,1995,784.72222900390625
11,243,1996,721.2509765625
11,243,1997,862.66253662109375
11,243,1998,634.4787292480469
11,243,1999,935.6524353027344
11,243,2000,1751.4099731445312
11,243,2001,1283.5374755859375
11,243,2002,1890.3939208984375
11,243,2003,1541.2246704101562
11,243,2004,2329.6876220703125
11,243,2005,2830.5098876953125
11,243,2006,2956.7657470703125
11,243,2007,3540.4722900390625
11,243,2008,3651.400634765625
11,243,2009,3560.3896484375
11,243,2010,5359.234375
11,243,2011,5147.85986328125
11,243,2012,4803.74462890625
11,243,2013,4935.3701171875
11,244,1994,1369.564208984375
11,244,1995,2106.5947265625
11,244,1996,2257.447021484375
11,244,1997,2047.904052734375
11,244,1998,1883.2667236328125
11,244,1999,2410.3857421875
11,244,2000,2896.3116455078125
11,244,2001,2354.036376953125
11,244,2002,3367.2724609375
11,244,2003,3058.2138671875
11,244,2004,3681.8660888671875
11,244,2005,3586.07275390625
11,244,2006,3905.3197021484375
11,244,2007,4937.995361328125
11,244,2008,4757.65771484375
11,244,2009,5295.12841796875
11,244,2010,7260.470703125
11,244,2011,6902.7060546875
11,244,2012,6037.16357421875
11,244,2013,6308.5185546875
12,245,1994,26.65144920349121
12,245,1995,38.43920135498047
12,245,1996,118.35749816894533
12,245,1997,176.90245056152344
12,245,1998,159.5821990966797
12,245,1999,131.28585052490234
12,245,2000,2198.51953125
12,245,2001,428.42139053344727
12,245,2002,1975.0484619140625
12,245,2003,1681.0245361328125
12,245,2004,1632.2698974609375
12,245,2005,1200.5857315063477
12,245,2006,1679.1253814697266
12,245,2007,3479.5550537109375
12,245,2008,2000.340576171875
12,245,2009,3274.09716796875
12,245,2010,7826.876953125
12,245,2011,6336.14404296875
12,245,2012,6296.17333984375
12,245,2013,6333.40771484375
12,246,1994,377.15550994873047
12,246,1995,378.1639099121094
12,246,1996,622.61688232421875
12,246,1997,520.78546142578125
12,246,1998,677.052734375
12,246,1999,835.86981201171875
12,246,2000,4690.1197509765625
12,246,2001,1128.426025390625
12,246,2002,4230.335266113281
12,246,2003,3543.2181396484375
12,246,2004,3434.600341796875
12,246,2005,2693.43310546875
12,246,2006,3851.9745483398438
12,246,2007,7490.605712890625
12,246,2008,4541.66796875
12,246,2009,6969.6591796875
12,246,2010,16450.53515625
12,246,2011,13363.6435546875
12,246,2012,13083.1923828125
12,246,2013,13005.8828125
12,247,1994,0
12,247,1995,0
12,247,1996,88.7562026977539
12,247,1997,13.884300231933594
12,247,1998,18.7992000579834
12,247,1999,100.62650299072266
12,247,2000,5356.432373046875
12,247,2001,836.1700439453125
12,247,2002,4773.488784790039
12,247,2003,4158.9278564453125
12,247,2004,3702.7314453125
12,247,2005,2760.507776260376
12,247,2006,4047.0845642089844
12,247,2007,8638.638427734375
12,247,2008,4849.513671875
12,247,2009,8235.4970703125
12,247,2010,20292.478515625
12,247,2011,16454.287109375
12,247,2012,16271.6982421875
12,247,2013,16262.4404296875
12,248,1994,1173.866455078125
12,248,1995,1403.87158203125
12,248,1996,2096.6640625
12,248,1997,1281.8064575195312
12,248,1998,1544.3953857421875
12,248,1999,2670.05224609375
12,248,2000,4675.8011474609375
12,248,2001,2461.2978515625
12,248,2002,4281.643249511719
12,248,2003,4373.791259765625
12,248,2004,4509.205322265625
12,248,2005,3907.7227783203125
12,248,2006,4630.8050537109375
12,248,2007,7135.856689453125
12,248,2008,5570.94677734375
12,248,2009,7530.7158203125
12,248,2010,14261.5673828125
12,248,2011,12554.287109375
12,248,2012,12410.2216796875
12,248,2013,12801.798828125
12,249,1994,21.893600463867188
12,249,1995,0
12,249,1996,19.72360038757324
12,249,1997,0
12,249,1998,0
12,249,1999,0
12,249,2000,5136.743347167969
12,249,2001,823.7655029296875
12,249,2002,4618.95671081543
12,249,2003,4031.09716796875
12,249,2004,3633.87646484375
12,249,2005,2734.251438140869
12,249,2006,4037.080291748047
12,249,2007,8532.5224609375
12,249,2008,4810.3291015625
12,249,2009,8044.42822265625
12,249,2010,19773.08984375
12,249,2011,16030.150390625
12,249,2012,15870.833984375
12,249,2013,15887.439453125
12,250,1994,27.367000579833984
12,250,1995,58.85390090942383
12,250,1996,117.13670349121094
12,250,1997,118.37984848022461
12,250,1998,105.28574752807616
12,250,1999,127.11029815673828
12,250,2000,6686.522033691406
12,250,2001,1159.1799354553223
12,250,2002,6044.248352050781
12,250,2003,5251.28369140625
12,250,2004,4755.822021484375
12,250,2005,3509.2826652526855
12,250,2006,5165.37646484375
12,250,2007,10941.621826171875
12,250,2008,6225.9619140625
12,250,2009,10413.861328125
12,250,2010,25453.962890625
12,250,2011,20602.7890625
12,250,2012,20494.15234375
12,250,2013,20476.85546875
12,251,1994,59.18770122528076
12,251,1995,120.0979995727539
12,251,1996,191.13169860839844
12,251,1997,138.74414825439453
12,251,1998,194.67780303955078
12,251,1999,283.8415985107422
12,251,2000,3350.923309326172
12,251,2001,590.3694248199463
12,251,2002,3071.164749145508
12,251,2003,2640.1329345703125
12,251,2004,2532.7748413085938
12,251,2005,1867.2574615478516
12,251,2006,2660.4627990722656
12,251,2007,5591.302978515625
12,251,2008,3409.63427734375
12,251,2009,5263.72216796875
12,251,2010,12690.33984375
12,251,2011,10351.578125
12,251,2012,10200.7705078125
12,251,2013,10232.205078125
12,252,1994,0
12,252,1995,0
12,252,1996,0
12,252,1997,0
12,252,1998,0
12,252,1999,25.743600845336914
12,252,2000,5810.0494384765625
12,252,2001,932.22503662109375
12,252,2002,5232.7919921875
12,252,2003,4561.14501953125
12,252,2004,4091.9635009765625
12,252,2005,3023.995361328125
12,252,2006,4435.934631347656
12,252,2007,9484.169677734375
12,252,2008,5299.69677734375
12,252,2009,9008.857421875
12,252,2010,22237.412109375
12,252,2011,17991.138671875
12,252,2012,17765.625
12,252,2013,17765.625
12,253,1994,1655.1974487304688
12,253,1995,1849.367919921875
12,253,1996,3025.688232421875
12,253,1997,2421.3165283203125
12,253,1998,3630.466552734375
12,253,1999,3491.4300537109375
12,253,2000,7173.140380859375
12,253,2001,3500.7012939453125
12,253,2002,6296.4200439453125
12,253,2003,5902.992919921875
12,253,2004,5993.628662109375
12,253,2005,4992.1243896484375
12,253,2006,5979.988525390625
12,253,2007,9850.510498046875
12,253,2008,6362.11669921875
12,253,2009,9547.865234375
12,253,2010,19991.0859375
12,253,2011,17371.494140625
12,253,2012,16375.43359375
12,253,2013,16733.345703125
12,254,1994,250.3824005126953
12,254,1995,216.1638946533203
12,254,1996,489.419189453125
12,254,1997,199.12229919433597
12,254,1998,132.46389770507812
12,254,1999,85.17645072937012
12,254,2000,1854.9442138671875
12,254,2001,377.1854019165039
12,254,2002,1692.9646759033203
12,254,2003,1579.1061401367188
12,254,2004,1443.8175048828125
12,254,2005,1094.8599853515625
12,254,2006,1507.2362060546875
12,254,2007,3069.30712890625
12,254,2008,1950.0169677734375
12,254,2009,2968.258544921875
12,254,2010,6977.61083984375
12,254,2011,5797.859375
12,254,2012,5620.4580078125
12,254,2013,5589.16064453125
12,255,1994,70.53254699707031
12,255,1995,278.56170654296875
12,255,1996,523.9188232421875
12,255,1997,379.1260986328125
12,255,1998,547.88018798828125
12,255,1999,810.39349365234375
12,255,2000,2919.562744140625
12,255,2001,733.7792510986328
12,255,2002,2303.9305877685547
12,255,2003,2079.6453247070312
12,255,2004,2275.4641723632812
12,255,2005,2066.789093017578
12,255,2006,2709.02001953125
12,255,2007,4820.42138671875
12,255,2008,2997.852783203125
12,255,2009,4539.77978515625
12,255,2010,10159.8974609375
12,255,2011,8318.267578125
12,255,2012,8064.1923828125
12,255,2013,7858.25
12,256,1994,0
12,256,1995,0
12,256,1996,0
12,256,1997,0
12,256,1998,0
12,256,1999,0
12,256,2000,5545.6259765625
12,256,2001,880.17901611328125
12,256,2002,4986.624176025391
12,256,2003,4351.970947265625
12,256,2004,3897.6119384765625
12,256,2005,2884.2509765625
12,256,2006,4224.677917480469
12,256,2007,9060
12,256,2008,5040.98388671875
12,256,2009,8590.259765625
12,256,2010,21204.150390625
12,256,2011,17155.1796875
12,256,2012,16987.5
12,256,2013,16987.5
12,257,1994,0
12,257,1995,0
12,257,1996,0
12,257,1997,0
12,257,1998,0
12,257,1999,0
12,257,2000,8095.0224609375
12,257,2001,1284.8087158203125
12,257,2002,7279.039947509766
12,257,2003,6352.62890625
12,257,2004,5689.3948974609375
12,257,2005,4210.1787109375
12,257,2006,6166.817687988281
12,257,2007,13225.00048828125
12,257,2008,7358.39013671875
12,257,2009,12542.728515625
12,257,2010,30960.40234375
12,257,2011,25057.380859375
12,257,2012,24796.875
12,257,2013,24796.875
12,258,1994,0
12,258,1995,0
12,258,1996,0
12,258,1997,11.850950241088867
12,258,1998,0
12,258,1999,74.7239990234375
12,258,2000,3191.425994873047
12,258,2001,548.1072196960449
12,258,2002,2890.1676635742188
12,258,2003,2636.8196411132812
12,258,2004,2370.6941528320312
12,258,2005,1733.322063446045
12,258,2006,2479.8199462890625
12,258,2007,5196.9476318359375
12,258,2008,2950.979736328125
12,258,2009,4993.56298828125
12,258,2010,12115.0595703125
12,258,2011,9810.5068359375
12,258,2012,9629.2822265625
12,258,2013,9671.4482421875
12,259,1994,556.3073577880859
12,259,1995,783.7628173828125
12,259,1996,1262.669921875
12,259,1997,1079.6246032714844
12,259,1998,1148.56298828125
12,259,1999,965.98095703125
12,259,2000,4810.8338623046875
12,259,2001,1967.8800048828125
12,259,2002,4178.123352050781
12,259,2003,4119.134765625
12,259,2004,3720.775146484375
12,259,2005,2995.357421875
12,259,2006,3925.0875854492188
12,259,2007,7095.692626953125
12,259,2008,4303.51416015625
12,259,2009,6267.17626953125
12,259,2010,14416.9345703125
12,259,2011,11867.0322265625
12,259,2012,11990.5439453125
12,259,2013,12141.5439453125
12,260,1994,0
12,260,1995,0
12,260,1996,0
12,260,1997,0
12,260,1998,0
12,260,1999,0
12,260,2000,5186.029724121094
12,260,2001,818.48876953125
12,260,2002,4637.119888305664
12,260,2003,4055.8780517578125
12,260,2004,3663.443359375
12,260,2005,2693.9791326522827
12,260,2006,3928.5775451660156
12,260,2007,8434.018798828125
12,260,2008,4687.669921875
12,260,2009,8001.755859375
12,260,2010,19760.068359375
12,260,2011,15979.908203125
12,260,2012,15796.875
12,260,2013,15796.875
13,261,1994,676.6130599975586
13,261,1995,453.89788818359375
13,261,1996,479.4779968261719
13,261,1997,289.29075622558594
13,261,1998,273.2261962890625
13,261,1999,272.5325012207031
13,261,2000,2346.3720703125
13,261,2001,718.1613616943359
13,261,2002,2067.5376586914062
13,261,2003,1774.1709594726562
13,261,2004,1740.5029907226562
13,261,2005,1367.0549011230469
13,261,2006,1714.9087219238281
13,261,2007,3542.6259765625
13,261,2008,2100.154296875
13,261,2009,3239.238037109375
13,261,2010,7712.49658203125
13,261,2011,6407.2373046875
13,261,2012,6059.98974609375
13,261,2013,6068.7021484375
13,262,1994,968.665771484375
13,262,1995,1056.3134765625
13,262,1996,1186.2027587890625
13,262,1997,702.9941101074219
13,262,1998,657.94195556640625
13,262,1999,712.5013122558594
13,262,2000,2429.1969604492188
13,262,2001,1238.9542846679688
13,262,2002,2431.9555053710938
13,262,2003,1904.132080078125
13,262,2004,2325.8819580078125
13,262,2005,2115.8773193359375
13,262,2006,2021.56689453125
13,262,2007,3391.957763671875
13,262,2008,2800.02978515625
13,262,2009,3302.2578125
13,262,2010,6649.54150390625
13,262,2011,5589.79443359375
13,262,2012,4927.0693359375
13,262,2013,5048.11865234375
13,263,1994,89.62869644165039
13,263,1995,139.30239868164062
13,263,1996,296.9783935546875
13,263,1997,154.12909698486328
13,263,1998,107.4754524230957
13,263,1999,80.29600143432617
13,263,2000,1557.8082885742188
13,263,2001,361.38318634033203
13,263,2002,1405.0201110839844
13,263,2003,1185.5651550292969
13,263,2004,1128.5827026367188
13,263,2005,1001.4075012207031
13,263,2006,1163.0772247314453
13,263,2007,2413.4905395507812
13,263,2008,1574.36279296875
13,263,2009,2424.83154296875
13,263,2010,5558.73046875
13,263,2011,4522.31787109375
13,263,2012,4240.25537109375
13,263,2013,4403.3994140625
13,264,1994,295.1694107055664
13,264,1995,536.85162353515625
13,264,1996,760.44482421875
13,264,1997,896.5422668457031
13,264,1998,1009.254150390625
13,264,1999,904.8901062011719
13,264,2000,2479.5150756835938
13,264,2001,1513.0675659179688
13,264,2002,2615.3253173828125
13,264,2003,1960.8894653320312
13,264,2004,1953.818603515625
13,264,2005,1477.5220336914062
13,264,2006,1717.0284118652344
13,264,2007,2982.5587158203125
13,264,2008,1820.31884765625
13,264,2009,2658.11962890625
13,264,2010,5897.66455078125
13,264,2011,5304.78271484375
13,264,2012,4915.50537109375
13,264,2013,4930.99853515625
13,265,1994,2528.5486450195312
13,265,1995,2747.062744140625
13,265,1996,4056.163330078125
13,265,1997,3465.6207275390625
13,265,1998,3852.1881103515625
13,265,1999,4406.505859375
13,265,2000,5120.27880859375
13,265,2001,4556.77197265625
13,265,2002,5292.558837890625
13,265,2003,4342.702880859375
13,265,2004,5454.628173828125
13,265,2005,5601.974609375
13,265,2006,5908.971435546875
13,265,2007,6254.981689453125
13,265,2008,6705.900390625
13,265,2009,7684.55517578125
13,265,2010,10497.5
13,265,2011,9909.9912109375
13,265,2012,8061.4638671875
13,265,2013,7982.8740234375
13,266,1994,23.66374969482422
13,266,1995,110.50679779052734
13,266,1996,328.93389892578125
13,266,1997,211.21465301513672
13,266,1998,136.9526481628418
13,266,1999,211.30029296875
13,266,2000,1866.470458984375
13,266,2001,427.8746871948242
13,266,2002,1672.5769500732422
13,266,2003,1486.9512634277344
13,266,2004,1333.2026977539062
13,266,2005,1060.7863311767578
13,266,2006,1270.940673828125
13,266,2007,2825.157470703125
13,266,2008,1762.8602294921875
13,266,2009,2691.491455078125
13,266,2010,6491.615234375
13,266,2011,5347.3427734375
13,266,2012,5174.7099609375
13,266,2013,5151.30517578125
13,267,1994,38.737600326538086
13,267,1995,134.514404296875
13,267,1996,226.83689880371097
13,267,1997,18.365949630737305
13,267,1998,169.47504425048828
13,267,1999,39.081199645996094
13,267,2000,1950.0995483398438
13,267,2001,429.4947052001953
13,267,2002,1840.7765045166016
13,267,2003,1609.0513305664062
13,267,2004,1455.0360717773438
13,267,2005,1160.0442123413086
13,267,2006,1561.9746856689453
13,267,2007,3108.2821044921875
13,267,2008,1907.5662841796875
13,267,2009,3088.954833984375
13,267,2010,7168.06103515625
13,267,2011,5809.2412109375
13,267,2012,5670.451171875
13,267,2013,5654.81396484375
13,268,1994,392.99788665771484
13,268,1995,175.1757049560547
13,268,1996,141.74310302734375
13,268,1997,125.00294876098633
13,268,1998,206.0385971069336
13,268,1999,54.86199951171875
13,268,2000,671.3420104980469
13,268,2001,214.24910736083984
13,268,2002,640.79400634765625
13,268,2003,537.6452178955078
13,268,2004,573.6047515869141
13,268,2005,415.8356475830078
13,268,2006,487.9073486328125
13,268,2007,1012.187744140625
13,268,2008,539.95648193359375
13,268,2009,837.65472412109375
13,268,2010,2133.841064453125
13,268,2011,1783.71240234375
13,268,2012,1699.9095458984375
13,268,2013,1690.0367431640625
13,269,1994,25.028499603271484
13,269,1995,0
13,269,1996,23.361900329589844
13,269,1997,10.847749710083008
13,269,1998,76.19549942016602
13,269,1999,24.306650161743164
13,269,2000,1025.0334930419922
13,269,2001,197.48440551757812
13,269,2002,1014.929069519043
13,269,2003,870.2993469238281
13,269,2004,744.0514831542969
13,269,2005,591.0507850646973
13,269,2006,830.7951736450195
13,269,2007,1711.0610961914062
13,269,2008,1044.4033203125
13,269,2009,1601.4305419921875
13,269,2010,3938.8662109375
13,269,2011,3167.230712890625
13,269,2012,3022.33544921875
13,269,2013,3054.50341796875
13,270,1994,1048.2820434570312
13,270,1995,1195.3948974609375
13,270,1996,1580.6883544921875
13,270,1997,1581.5707397460938
13,270,1998,1476.6304321289062
13,270,1999,1572.0707397460938
13,270,2000,2732.753173828125
13,270,2001,1607.3872680664062
13,270,2002,2724.43408203125
13,270,2003,2458.1812133789062
13,270,2004,2698.2783203125
13,270,2005,2702.8177490234375
13,270,2006,2922.5660400390625
13,270,2007,3803.4405517578125
13,270,2008,3324.1455078125
13,270,2009,3947.31298828125
13,270,2010,6867.55419921875
13,270,2011,5734.955078125
13,270,2012,5470.490234375
13,270,2013,5439.08837890625
13,271,1994,96.53074645996094
13,271,1995,115.30999755859376
13,271,1996,292.095703125
13,271,1997,138.99675369262695
13,271,1998,320.4254913330078
13,271,1999,389.654541015625
13,271,2000,1705.8288269042969
13,271,2001,630.3927459716797
13,271,2002,1497.8687591552734
13,271,2003,1181.5596618652344
13,271,2004,1175.8201904296875
13,271,2005,957.501823425293
13,271,2006,1260.1464385986328
13,271,2007,2441.9656982421875
13,271,2008,1492.0775146484375
13,271,2009,2395.17041015625
13,271,2010,5503.134765625
13,271,2011,4603.2763671875
13,271,2012,4356.025390625
13,271,2013,4244.560546875
14,272,1994,1836.8450927734375
14,272,1995,2303.526123046875
14,272,1996,1959.9404296875
14,272,1997,2428.897705078125
14,272,1998,3449.8814697265625
14,272,1999,4959.59765625
14,272,2000,6661.501953125
14,272,2001,3919.847900390625
14,272,2002,6195.400634765625
14,272,2003,5181.5904541015625
14,272,2004,4749.838623046875
14,272,2005,4532.684814453125
14,272,2006,5616.01708984375
14,272,2007,8053.176513671875
14,272,2008,6510.5869140625
14,272,2009,7152.55810546875
14,272,2010,14431.9833984375
14,272,2011,12723.9150390625
14,272,2012,12114.0927734375
14,272,2013,12771.5009765625
14,273,1994,165.3243522644043
14,273,1995,218.30239868164065
14,273,1996,179.85000610351562
14,273,1997,168.2582015991211
14,273,1998,204.22664642333984
14,273,1999,348.6615447998047
14,273,2000,3613.2560119628906
14,273,2001,759.76226806640625
14,273,2002,3282.0877685546875
14,273,2003,2788.8652954101562
14,273,2004,2532.8322143554688
14,273,2005,1912.328598022461
14,273,2006,2845.092041015625
14,273,2007,5810.2291259765625
14,273,2008,3277.94140625
14,273,2009,5417.97265625
14,273,2010,13279.3349609375
14,273,2011,11290.13671875
14,273,2012,11091.3203125
14,273,2013,11886.8310546875
14,274,1994,905.5082092285156
14,274,1995,1239.2701416015625
14,274,1996,1070.11474609375
14,274,1997,1376.7406005859375
14,274,1998,1085.6756286621094
14,274,1999,910.763427734375
14,274,2000,5103.1099853515625
14,274,2001,1853.82861328125
14,274,2002,4883.447448730469
14,274,2003,4083.861328125
14,274,2004,3936.6715087890625
14,274,2005,2938.2880859375
14,274,2006,3852.1747436523438
14,274,2007,7401.2783203125
14,274,2008,4359.95947265625
14,274,2009,7356.3544921875
14,274,2010,16425.146484375
14,274,2011,13421.9248046875
14,274,2012,13372.75390625
14,274,2013,13504.9638671875
14,275,1994,1265.7701416015625
14,275,1995,1532.7216796875
14,275,1996,1634.933349609375
14,275,1997,1662.5384521484375
14,275,1998,2025.8446655273438
14,275,1999,1373.1932983398438
14,275,2000,2383.9049072265625
14,275,2001,1914.5316772460938
14,275,2002,2520.4417724609375
14,275,2003,2135.3397216796875
14,275,2004,2133.2774047851562
14,275,2005,1976.0543823242188
14,275,2006,1454.55859375
14,275,2007,1810.4912109375
14,275,2008,1868.5938720703125
14,275,2009,1952.7484130859375
14,275,2010,2749.371826171875
14,275,2011,2752.308837890625
14,275,2012,2242.2080078125
14,275,2013,2473.19384765625
14,276,1994,1779.467529296875
14,276,1995,2365.103759765625
14,276,1996,2666.31787109375
14,276,1997,2311.2625732421875
14,276,1998,2936.9237060546875
14,276,1999,2416.578857421875
14,276,2000,3424.4503173828125
14,276,2001,2522.8214111328125
14,276,2002,2863.708984375
14,276,2003,2212.19970703125
14,276,2004,2556.305908203125
14,276,2005,2160.22509765625
14,276,2006,1950.3314208984375
14,276,2007,2441.205078125
14,276,2008,2417.5048828125
14,276,2009,2329.542236328125
14,276,2010,3867.65625
14,276,2011,3848.84033203125
14,276,2012,3447.80126953125
14,276,2013,3715.490966796875
14,277,1994,5041.77685546875
14,277,1995,5522.73193359375
14,277,1996,5806.45458984375
14,277,1997,5924.028564453125
14,277,1998,5701.001708984375
14,277,1999,6145.05078125
14,277,2000,6390.682861328125
14,277,2001,5741.336181640625
14,277,2002,5885.51953125
14,277,2003,5461.714111328125
14,277,2004,5049.92041015625
14,277,2005,4547.394287109375
14,277,2006,4641.31689453125
14,277,2007,4732.342041015625
14,277,2008,4663.45654296875
14,277,2009,5051.76123046875
14,277,2010,5802.7490234375
14,277,2011,5236.14453125
14,277,2012,5282.6337890625
14,277,2013,5983.67578125
14,278,1994,3750.9207763671875
14,278,1995,4397.54296875
14,278,1996,4403.89990234375
14,278,1997,4522.93017578125
14,278,1998,5144.620849609375
14,278,1999,5232.208251953125
14,278,2000,5511.36083984375
14,278,2001,4728.89111328125
14,278,2002,4858.015869140625
14,278,2003,4384.302001953125
14,278,2004,4357.880615234375
14,278,2005,4093.5909423828125
14,278,2006,4112.11865234375
14,278,2007,4318.736572265625
14,278,2008,4536.4052734375
14,278,2009,4444.19091796875
14,278,2010,5546.00830078125
14,278,2011,5887.255859375
14,278,2012,5569.8056640625
14,278,2013,6561.13037109375
14,279,1994,210.2968978881836
14,279,1995,298.9552917480469
14,279,1996,337.6702880859375
14,279,1997,350.64219665527344
14,279,1998,288.3351058959961
14,279,1999,753.50006103515625
14,279,2000,4124.783996582031
14,279,2001,891.0294494628906
14,279,2002,3622.584228515625
14,279,2003,3155.0932006835938
14,279,2004,2842.35546875
14,279,2005,2249.2991943359375
14,279,2006,3099.813018798828
14,279,2007,6286.949462890625
14,279,2008,3823.81298828125
14,279,2009,5920.0068359375
14,279,2010,14385.1513671875
14,279,2011,11781.8935546875
14,279,2012,11627.9326171875
14,279,2013,11693.017578125
14,280,1994,246.9062042236328
14,280,1995,421.3133850097656
14,280,1996,443.62890625
14,280,1997,343.27154541015625
14,280,1998,493.47044372558594
14,280,1999,430.6553497314453
14,280,2000,3199.9970703125
14,280,2001,1051.3488159179688
14,280,2002,2920.0167541503906
14,280,2003,2392.6493530273438
14,280,2004,2401.612548828125
14,280,2005,1919.0788879394531
14,280,2006,2349.8419799804688
14,280,2007,4743.8907470703125
14,280,2008,2964.523193359375
14,280,2009,4389.63720703125
14,280,2010,10708.53515625
14,280,2011,8867.537109375
14,280,2012,8730.3291015625
14,280,2013,8739.6826171875
15,281,1994,113.53899765014648
15,281,1995,46.82939910888672
15,281,1996,217.9647979736328
15,281,1997,256.5293960571289
15,281,1998,361.9133605957031
15,281,1999,456.3323516845703
15,281,2000,2848.5505981445312
15,281,2001,779.2910614013672
15,281,2002,2614.9712829589844
15,281,2003,2133.1436767578125
15,281,2004,2021.1451416015625
15,281,2005,1518.324607849121
15,281,2006,2028.5103149414062
15,281,2007,4342.3985595703125
15,281,2008,2549.082275390625
15,281,2009,4101.20849609375
15,281,2010,9689.8330078125
15,281,2011,7859.44189453125
15,281,2012,7698.455078125
15,281,2013,7676.73046875
15,282,1994,538.6292419433594
15,282,1995,639.1741943359375
15,282,1996,711.44921875
15,282,1997,415.4193572998047
15,282,1998,681.7837829589844
15,282,1999,977.6433410644531
15,282,2000,2133.19775390625
15,282,2001,1167.7909851074219
15,282,2002,2029.8541259765625
15,282,2003,1858.8602294921875
15,282,2004,1853.9285888671875
15,282,2005,1806.8682250976562
15,282,2006,2054.3673706054688
15,282,2007,3342.38134765625
15,282,2008,2469.00634765625
15,282,2009,2888.14208984375
15,282,2010,5780.982421875
15,282,2011,4896.73974609375
15,282,2012,4685.544921875
15,282,2013,4508.40380859375
15,283,1994,2744.6434326171875
15,283,1995,2670.437255859375
15,283,1996,3140.227783203125
15,283,1997,2874.1783447265625
15,283,1998,3637.7838134765625
15,283,1999,4745.757568359375
15,283,2000,6322.563720703125
15,283,2001,4527.53173828125
15,283,2002,6341.9755859375
15,283,2003,6085.13525390625
15,283,2004,5805.530029296875
15,283,2005,4930.2918701171875
15,283,2006,5687.044677734375
15,283,2007,8149.515380859375
15,283,2008,6221.90185546875
15,283,2009,8035.1572265625
15,283,2010,14244.6220703125
15,283,2011,11765.4580078125
15,283,2012,11640.318359375
15,283,2013,11881.2666015625
15,284,1994,273.37109375
15,284,1995,228.0110015869141
15,284,1996,308.1090087890625
15,284,1997,261.96795654296875
15,284,1998,385.91419982910156
15,284,1999,690.0479431152344
15,284,2000,3318.9094848632812
15,284,2001,895.1575775146484
15,284,2002,2872.815216064453
15,284,2003,2581.5362548828125
15,284,2004,2455.8246459960938
15,284,2005,1747.7896728515625
15,284,2006,2446.2169494628906
15,284,2007,4849.53271484375
15,284,2008,2924.253662109375
15,284,2009,4614.251953125
15,284,2010,11034.138671875
15,284,2011,8906.0244140625
15,284,2012,8854.4267578125
15,284,2013,8847.0693359375
15,285,1994,261.66514587402344
15,285,1995,242.2382049560547
15,285,1996,440.9798889160156
15,285,1997,290.2906036376953
15,285,1998,524.7845916748047
15,285,1999,480.7626495361328
15,285,2000,1622.1594543457031
15,285,2001,561.2639923095703
15,285,2002,1423.6798248291016
15,285,2003,1202.3301086425781
15,285,2004,1239.4874877929688
15,285,2005,1012.7723693847656
15,285,2006,1284.624267578125
15,285,2007,2470.616455078125
15,285,2008,1732.55224609375
15,285,2009,2607.716064453125
15,285,2010,5018.205078125
15,285,2011,4056.919677734375
15,285,2012,3979.187744140625
15,285,2013,3816.177490234375
15,286,1994,738.81768798828125
15,286,1995,822.34912109375
15,286,1996,920.7470703125
15,286,1997,697.30322265625
15,286,1998,1024.218505859375
15,286,1999,1092.5610961914062
15,286,2000,4481.247009277344
15,286,2001,1449.7289123535156
15,286,2002,3990.90478515625
15,286,2003,3331.0440063476562
15,286,2004,3284.979248046875
15,286,2005,2513.301513671875
15,286,2006,3232.0762329101562
15,286,2007,6728.11328125
15,286,2008,3835.761474609375
15,286,2009,6040.74072265625
15,286,2010,14295.45703125
15,286,2011,11734.0087890625
15,286,2012,11537.4658203125
15,286,2013,11531.5361328125
15,287,1994,294.2120056152344
15,287,1995,350.9975891113281
15,287,1996,326.35479736328125
15,287,1997,214.54330444335938
15,287,1998,291.5472412109375
15,287,1999,376.4469451904297
15,287,2000,2375.841766357422
15,287,2001,579.1341094970703
15,287,2002,2133.3245849609375
15,287,2003,1807.94580078125
15,287,2004,1701.6067504882812
15,287,2005,1315.9820251464844
15,287,2006,1769.3856811523438
15,287,2007,3809.0076904296875
15,287,2008,2096.484619140625
15,287,2009,3421.62548828125
15,287,2010,8292.49609375
15,287,2011,6769.7958984375
15,287,2012,6659.3662109375
15,287,2013,6716.71435546875
15,288,1994,231.78304290771484
15,288,1995,274.076904296875
15,288,1996,184.81190490722656
15,288,1997,179.23059844970703
15,288,1998,297.8344421386719
15,288,1999,321.4407501220703
15,288,2000,1393.5537567138672
15,288,2001,396.11890411376953
15,288,2002,1254.6554260253906
15,288,2003,1047.770751953125
15,288,2004,1052.4718627929688
15,288,2005,844.1490020751953
15,288,2006,1149.1473083496094
15,288,2007,2184.2728271484375
15,288,2008,1260.1180419921875
15,288,2009,2073.17919921875
15,288,2010,4657.28857421875
15,288,2011,3759.0087890625
15,288,2012,3728.35205078125
15,288,2013,3715.353271484375
16,289,1994,13437.6162109375
16,289,1995,15435.349609375
16,289,1996,17342.041015625
16,289,1997,17891.3056640625
16,289,1998,21675.701171875
16,289,1999,21483.7109375
16,289,2000,22348.69140625
16,289,2001,21051.59765625
16,289,2002,22013.20703125
16,289,2003,21272.82421875
16,289,2004,22819.443359375
16,289,2005,21732.244140625
16,289,2006,20247.6435546875
16,289,2007,23319.6962890625
16,289,2008,23031.345703125
16,289,2009,26764.333984375
16,289,2010,31377.05859375
16,289,2011,32555.791015625
16,289,2012,32158.8984375
16,289,2013,34702.578125
16,290,1994,3740.8623046875
16,290,1995,4895.41845703125
16,290,1996,5061.0869140625
16,290,1997,4145.4749755859375
16,290,1998,7778.09033203125
16,290,1999,8099.78759765625
16,290,2000,9509.7158203125
16,290,2001,8551.3916015625
16,290,2002,10761.130859375
16,290,2003,11121.65771484375
16,290,2004,11881.41259765625
16,290,2005,11620.75634765625
16,290,2006,8419.87939453125
16,290,2007,12482.71142578125
16,290,2008,11442.5322265625
16,290,2009,13294.6787109375
16,290,2010,19103.001953125
16,290,2011,20598.34765625
16,290,2012,19511
16,290,2013,20323.1796875
16,291,1994,1347.4683837890625
16,291,1995,2223.830810546875
16,291,1996,1836.5926513671875
16,291,1997,1653.6891479492188
16,291,1998,2387.629638671875
16,291,1999,2895.12109375
16,291,2000,4390.15380859375
16,291,2001,2885.50634765625
16,291,2002,4098.1376953125
16,291,2003,3970.633544921875
16,291,2004,4303.714111328125
16,291,2005,3914.935546875
16,291,2006,4164.48046875
16,291,2007,6193.77978515625
16,291,2008,4928.888671875
16,291,2009,6169.4462890625
16,291,2010,10962.2314453125
16,291,2011,10264.216796875
16,291,2012,10236.91015625
16,291,2013,10174.52734375
16,292,1994,3076.23974609375
16,292,1995,4293.13818359375
16,292,1996,4639.95361328125
16,292,1997,4297.319091796875
16,292,1998,5843.85205078125
16,292,1999,6197.04931640625
16,292,2000,6960.630615234375
16,292,2001,5882.656005859375
16,292,2002,6869.4931640625
16,292,2003,6796.368408203125
16,292,2004,7428.1064453125
16,292,2005,6437.9208984375
16,292,2006,6083.731201171875
16,292,2007,7595.057861328125
16,292,2008,7186.0859375
16,292,2009,7333.55908203125
16,292,2010,11651.6396484375
16,292,2011,11140.9599609375
16,292,2012,10958.6064453125
16,292,2013,11362.0712890625
17,293,1994,2572.9606323242188
17,293,1995,4534.46923828125
17,293,1996,2539.393798828125
17,293,1997,2863.6614990234375
17,293,1998,3289.77685546875
17,293,1999,2988.6015625
17,293,2000,5889.443359375
17,293,2001,3321.812744140625
17,293,2002,4834.1939697265625
17,293,2003,4002.4854736328125
17,293,2004,4345.882568359375
17,293,2005,4009.4002685546875
17,293,2006,4164.33154296875
17,293,2007,8283.54248046875
17,293,2008,6169.3115234375
17,293,2009,6818.4423828125
17,293,2010,13876.1103515625
17,293,2011,10869.8642578125
17,293,2012,10561.279296875
17,293,2013,10434.5966796875
17,294,1994,2319.5794067382812
17,294,1995,3169.644287109375
17,294,1996,1609.6031494140625
17,294,1997,2054.0210571289062
17,294,1998,2440.88525390625
17,294,1999,3155.3695068359375
17,294,2000,4838.263671875
17,294,2001,3246.364990234375
17,294,2002,3950.0474853515625
17,294,2003,3219.848876953125
17,294,2004,3933.6328125
17,294,2005,4092.581298828125
17,294,2006,4198.00048828125
17,294,2007,6509.3583984375
17,294,2008,4598.68896484375
17,294,2009,6117.7998046875
17,294,2010,11284.0224609375
17,294,2011,8050.9873046875
17,294,2012,8248.5595703125
17,294,2013,8486.2890625
17,295,1994,491.0343933105469
17,295,1995,602.13861083984375
17,295,1996,430.1521911621094
17,295,1997,434.9694519042969
17,295,1998,566.43695068359375
17,295,1999,692.50616455078125
17,295,2000,2213.4583435058594
17,295,2001,761.6597900390625
17,295,2002,1949.7967529296875
17,295,2003,1599.0164184570312
17,295,2004,1659.9144897460938
17,295,2005,1335.0938720703125
17,295,2006,1642.3167724609375
17,295,2007,3125.940185546875
17,295,2008,2033.2030029296875
17,295,2009,3106.854248046875
17,295,2010,6695.07421875
17,295,2011,5283.123046875
17,295,2012,5420.69677734375
17,295,2013,5557.56103515625
17,296,1994,1070.9306030273438
17,296,1995,1865.3389892578125
17,296,1996,1217.3385009765625
17,296,1997,993.6745910644531
17,296,1998,1163.2518920898438
17,296,1999,1706.20166015625
17,296,2000,5327.355895996094
17,296,2001,1661.2451171875
17,296,2002,4422.441986083984
17,296,2003,3936.41748046875
17,296,2004,4310.3402099609375
17,296,2005,3566.7591552734375
17,296,2006,4276.2833251953125
17,296,2007,8655.8125
17,296,2008,5133.5439453125
17,296,2009,7846.1416015625
17,296,2010,17828.4453125
17,296,2011,13924.3544921875
17,296,2012,14733.5673828125
17,296,2013,14864.7265625
17,297,1994,2517.6461791992188
17,297,1995,4557.3125
17,297,1996,3028.53271484375
17,297,1997,2286.775390625
17,297,1998,3567.4652099609375
17,297,1999,4163.763916015625
17,297,2000,5196.544189453125
17,297,2001,3628.62451171875
17,297,2002,4689.3643798828125
17,297,2003,4108.72998046875
17,297,2004,5116.33203125
17,297,2005,4842.62744140625
17,297,2006,6012.612548828125
17,297,2007,7598.476806640625
17,297,2008,6444.41845703125
17,297,2009,7515.521484375
17,297,2010,13473.5791015625
17,297,2011,10805.7099609375
17,297,2012,10968.87890625
17,297,2013,10868.9130859375
17,298,1994,6073.299072265625
17,298,1995,7842.76171875
17,298,1996,6833.2099609375
17,298,1997,6642.8828125
17,298,1998,7733.13623046875
17,298,1999,8372.412109375
17,298,2000,9534.873291015625
17,298,2001,7518.967041015625
17,298,2002,8936.144287109375
17,298,2003,8237.63330078125
17,298,2004,9656.326171875
17,298,2005,9458.02197265625
17,298,2006,10516.4521484375
17,298,2007,13360.482421875
17,298,2008,11804.349609375
17,298,2009,12378.6630859375
17,298,2010,17679.404296875
17,298,2011,15118.6591796875
17,298,2012,15581.2880859375
17,298,2013,16252.966796875
17,299,1994,1395.600830078125
17,299,1995,1798.9635009765625
17,299,1996,1866.4344482421875
17,299,1997,1912.4541015625
17,299,1998,2489.7642822265625
17,299,1999,2823.3758544921875
17,299,2000,5571.6661376953125
17,299,2001,2688.6805419921875
17,299,2002,5166.3665771484375
17,299,2003,4662.0206298828125
17,299,2004,5285.976318359375
17,299,2005,5237.7095947265625
17,299,2006,5992.379638671875
17,299,2007,10160.28173828125
17,299,2008,7916.30859375
17,299,2009,10489.353515625
17,299,2010,18773.765625
17,299,2011,15392.2373046875
17,299,2012,16326.7197265625
17,299,2013,15277.5126953125
18,300,1994,1749.7261962890625
18,300,1995,2224.92578125
18,300,1996,3334.857421875
18,300,1997,3560.9512939453125
18,300,1998,3919.2891845703125
18,300,1999,3372.859375
18,300,2000,7004.018798828125
18,300,2001,3639.6221923828125
18,300,2002,5384.6962890625
18,300,2003,4094.4791259765625
18,300,2004,5990.672607421875
18,300,2005,5400.379150390625
18,300,2006,5572.99560546875
18,300,2007,8930.744873046875
18,300,2008,8495.970703125
18,300,2009,8386.1669921875
18,300,2010,15935.30859375
18,300,2011,13962.501953125
18,300,2012,13754.0595703125
18,300,2013,13296.9111328125
18,301,1994,1773.6098022460938
18,301,1995,2639.15869140625
18,301,1996,2805.50341796875
18,301,1997,2775.6187744140625
18,301,1998,2870.9903564453125
18,301,1999,2357.7449951171875
18,301,2000,5020.1627197265625
18,301,2001,2478.4019775390625
18,301,2002,3907.1251220703125
18,301,2003,3197.87451171875
18,301,2004,3864.6513671875
18,301,2005,3614.779052734375
18,301,2006,4101.475341796875
18,301,2007,6976.783935546875
18,301,2008,5926.0673828125
18,301,2009,5416.2734375
18,301,2010,10801.529296875
18,301,2011,8903.1845703125
18,301,2012,8414.8759765625
18,301,2013,7890.27978515625
18,302,1994,3534.1287841796875
18,302,1995,4940.37109375
18,302,1996,3697.6083984375
18,302,1997,4200.697998046875
18,302,1998,4957.11669921875
18,302,1999,5220.97802734375
18,302,2000,6102.401123046875
18,302,2001,4361.5362548828125
18,302,2002,4077.9375
18,302,2003,3068.418701171875
18,302,2004,3588.968505859375
18,302,2005,3955.686279296875
18,302,2006,4032.5103759765625
18,302,2007,7593.65576171875
18,302,2008,8067.056640625
18,302,2009,10071.35546875
18,302,2010,15027.18359375
18,302,2011,11674.3623046875
18,302,2012,12090.5087890625
18,302,2013,11530.71484375
18,303,1994,2714.1695556640625
18,303,1995,3547.669921875
18,303,1996,4970.8017578125
18,303,1997,3488.388916015625
18,303,1998,3918.0255126953125
18,303,1999,3368.3367919921875
18,303,2000,5620.108154296875
18,303,2001,3047.787841796875
18,303,2002,4487.253173828125
18,303,2003,4040.416015625
18,303,2004,4710.144287109375
18,303,2005,4370.873046875
18,303,2006,4154.8790283203125
18,303,2007,6996.666748046875
18,303,2008,6368.02978515625
18,303,2009,6710.7978515625
18,303,2010,11428.1962890625
18,303,2011,10275.8818359375
18,303,2012,9673.0537109375
18,303,2013,9035.9384765625
18,304,1994,3066.225341796875
18,304,1995,2910.42822265625
18,304,1996,4222.23583984375
18,304,1997,3606.1187744140625
18,304,1998,4588.53662109375
18,304,1999,3457.7401123046875
18,304,2000,4476.3277587890625
18,304,2001,3164.964599609375
18,304,2002,4341.9871826171875
18,304,2003,3182.5726318359375
18,304,2004,3693.4266357421875
18,304,2005,3639.0201416015625
18,304,2006,4582.434326171875
18,304,2007,6878.29443359375
18,304,2008,5824.02587890625
18,304,2009,5715.42822265625
18,304,2010,9051.8291015625
18,304,2011,7834.71630859375
18,304,2012,7271.185546875
18,304,2013,7099.45068359375
18,305,1994,9112.080322265625
18,305,1995,11297.8408203125
18,305,1996,16079.5888671875
18,305,1997,11534.35302734375
18,305,1998,13761.67333984375
18,305,1999,11147.8017578125
18,305,2000,17322.9775390625
18,305,2001,12705.28759765625
18,305,2002,14563.45849609375
18,305,2003,10176.36279296875
18,305,2004,13007.078125
18,305,2005,11975.64501953125
18,305,2006,14521.65625
18,305,2007,16857.7587890625
18,305,2008,16094.8720703125
18,305,2009,17137.662109375
18,305,2010,25297.396484375
18,305,2011,22734.0078125
18,305,2012,23035.724609375
18,305,2013,21954.10546875
18,306,1994,4995.23974609375
18,306,1995,6518.12451171875
18,306,1996,11217.2548828125
18,306,1997,7775.517333984375
18,306,1998,9412.58203125
18,306,1999,9479.80517578125
18,306,2000,14155.6376953125
18,306,2001,8891.3818359375
18,306,2002,11731.37841796875
18,306,2003,9959.50634765625
18,306,2004,13330.86669921875
18,306,2005,10624.16455078125
18,306,2006,12574.2119140625
18,306,2007,17126.01513671875
18,306,2008,15208.0732421875
18,306,2009,17324.833984375
18,306,2010,28217.38671875
18,306,2011,24959.744140625
18,306,2012,26084.90625
18,306,2013,25084.126953125
18,307,1994,633.7124938964844
18,307,1995,742.3828125
18,307,1996,1726.2381591796875
18,307,1997,1167.1236877441406
18,307,1998,1277.6316528320312
18,307,1999,1564.49169921875
18,307,2000,3760.765869140625
18,307,2001,1840.7179565429688
18,307,2002,3246.7185668945312
18,307,2003,2738.9854125976562
18,307,2004,3090.0992431640625
18,307,2005,2547.8930053710938
18,307,2006,3319.82080078125
18,307,2007,5874.3916015625
18,307,2008,4402.81201171875
18,307,2009,5857.09912109375
18,307,2010,12069.1171875
18,307,2011,10785.2724609375
18,307,2012,9950.6787109375
18,307,2013,9686.646484375
18,308,1994,64.35150146484375
18,308,1995,130.8065948486328
18,308,1996,316.8212890625
18,308,1997,194.7397003173828
18,308,1998,209.7301483154297
18,308,1999,228.43904876708984
18,308,2000,2447.6622924804688
18,308,2001,640.4124298095703
18,308,2002,2297.762191772461
18,308,2003,2030.9293823242188
18,308,2004,2091.9806518554688
18,308,2005,2029.26220703125
18,308,2006,2614.495849609375
18,308,2007,4560.9854736328125
18,308,2008,3153.076171875
18,308,2009,4531.11767578125
18,308,2010,10244.7841796875
18,308,2011,8595.3310546875
18,308,2012,8286.8896484375
18,308,2013,8033.716796875
18,309,1994,19749.7724609375
18,309,1995,21218.587890625
18,309,1996,21110.291015625
18,309,1997,20851.21484375
18,309,1998,21361.298828125
18,309,1999,18975.9638671875
18,309,2000,22718.1953125
18,309,2001,21272.12890625
18,309,2002,22345.3623046875
18,309,2003,22827.9765625
18,309,2004,22005.8623046875
18,309,2005,23592.9599609375
18,309,2006,23515.0625
18,309,2007,27459.3935546875
18,309,2008,29242.498046875
18,309,2009,36131.72265625
18,309,2010,37369.86328125
18,309,2011,39045.828125
18,309,2012,39893.73828125
18,309,2013,39167.9375
18,310,1994,45488.193359375
18,310,1995,45725.03515625
18,310,1996,43047.55078125
18,310,1997,47206.142578125
18,310,1998,44924.296875
18,310,1999,38105.033203125
18,310,2000,44886.52734375
18,310,2001,40721.26953125
18,310,2002,38588.00390625
18,310,2003,41819.109375
18,310,2004,43128.595703125
18,310,2005,40750.39453125
18,310,2006,35577.8515625
18,310,2007,35462.69921875
18,310,2008,34997.0625
18,310,2009,39686.8984375
18,310,2010,42230.4375
18,310,2011,40774.421875
18,310,2012,41940.14453125
18,310,2013,43006.5078125
18,311,1994,30768.955078125
18,311,1995,29341.48046875
18,311,1996,24418.626953125
18,311,1997,23180.5732421875
18,311,1998,22911.443359375
18,311,1999,20629.9013671875
18,311,2000,25290.6845703125
18,311,2001,23511.64453125
18,311,2002,23017.7353515625
18,311,2003,20904.4111328125
18,311,2004,23306.4521484375
18,311,2005,21700.998046875
18,311,2006,20134.7919921875
18,311,2007,20961.6826171875
18,311,2008,19293.099609375
18,311,2009,19444.466796875
18,311,2010,23473.544921875
18,311,2011,23449.67578125
18,311,2012,22001.193359375
18,311,2013,22991.39453125
18,312,1994,5672.0860595703125
18,312,1995,7386.9013671875
18,312,1996,9927.1044921875
18,312,1997,8721.18310546875
18,312,1998,8528.6923828125
18,312,1999,8148.392578125
18,312,2000,12169.9541015625
18,312,2001,9668.380859375
18,312,2002,10919.4931640625
18,312,2003,9218.4833984375
18,312,2004,10515.43896484375
18,312,2005,9239.02783203125
18,312,2006,9720.2421875
18,312,2007,12768.37109375
18,312,2008,11237.7421875
18,312,2009,11963.5234375
18,312,2010,18869.287109375
18,312,2011,17885.1484375
18,312,2012,17096.240234375
18,312,2013,16573.708984375
18,313,1994,4931.6890869140625
18,313,1995,7297.74951171875
18,313,1996,12739.10546875
18,313,1997,11248.08447265625
18,313,1998,13493.96435546875
18,313,1999,12770.1064453125
18,313,2000,18648.455078125
18,313,2001,17809.9541015625
18,313,2002,18919.8642578125
18,313,2003,15623.50048828125
18,313,2004,16826.47705078125
18,313,2005,15412.11279296875
18,313,2006,14237.029296875
18,313,2007,17259.0849609375
18,313,2008,15702.8818359375
18,313,2009,16147.7333984375
18,313,2010,23486.9765625
18,313,2011,24005.484375
18,313,2012,23534.626953125
18,313,2013,23260.146484375
18,314,1994,3711.5615234375
18,314,1995,5174.1533203125
18,314,1996,7041.7861328125
18,314,1997,5306.9716796875
18,314,1998,6653.60205078125
18,314,1999,5999.536865234375
18,314,2000,15159.1708984375
18,314,2001,7794.156494140625
18,314,2002,13582.098876953125
18,314,2003,10580.18212890625
18,314,2004,11290.353515625
18,314,2005,10285.1982421875
18,314,2006,12438.1357421875
18,314,2007,20177.0244140625
18,314,2008,15342.86328125
18,314,2009,19989.94921875
18,314,2010,41314.6328125
18,314,2011,34373.84765625
18,314,2012,35345.9609375
18,314,2013,34072.5859375
18,315,1994,2390.3801879882812
18,315,1995,3031.379638671875
18,315,1996,2518.509765625
18,315,1997,1790.685791015625
18,315,1998,2428.3310546875
18,315,1999,3160.7724609375
18,315,2000,6496.5352783203125
18,315,2001,3101.1453857421875
18,315,2002,5905.539306640625
18,315,2003,4776.4248046875
18,315,2004,4695.76025390625
18,315,2005,4131.0140380859375
18,315,2006,5291.3062744140625
18,315,2007,10001.708740234375
18,315,2008,6912.37939453125
18,315,2009,9801.1083984375
18,315,2010,18800.921875
18,315,2011,15015.71484375
18,315,2012,15488.119140625
18,315,2013,15291.533203125
18,316,1994,6349.557861328125
18,316,1995,7084.05859375
18,316,1996,8785.61328125
18,316,1997,8024.849853515625
18,316,1998,10367.3349609375
18,316,1999,10293.662109375
18,316,2000,12649.9951171875
18,316,2001,8624.27685546875
18,316,2002,10806.6220703125
18,316,2003,8171.06005859375
18,316,2004,9271.12744140625
18,316,2005,7837.05517578125
18,316,2006,8045.048583984375
18,316,2007,12826.48095703125
18,316,2008,11862.4384765625
18,316,2009,11862.8037109375
18,316,2010,18993.802734375
18,316,2011,17704.814453125
18,316,2012,16546.142578125
18,316,2013,17271.61328125
18,317,1994,2734.4537353515625
18,317,1995,3679.906005859375
18,317,1996,4307.41552734375
18,317,1997,4665.88623046875
18,317,1998,5807.541015625
18,317,1999,5872.105712890625
18,317,2000,6305.990478515625
18,317,2001,4364.276611328125
18,317,2002,5135.822021484375
18,317,2003,3721.1595458984375
18,317,2004,4331.975341796875
18,317,2005,3409.4644775390625
18,317,2006,3179.9412841796875
18,317,2007,5292.489990234375
18,317,2008,4537.1630859375
18,317,2009,4949.72802734375
18,317,2010,8394.216796875
18,317,2011,7457.60009765625
18,317,2012,7081.6669921875
18,317,2013,6807.84619140625
18,318,1994,2266.68505859375
18,318,1995,2662.15234375
18,318,1996,3140.974853515625
18,318,1997,2955.4576416015625
18,318,1998,3743.3348388671875
18,318,1999,3772.604248046875
18,318,2000,4539.9217529296875
18,318,2001,2947.3653564453125
18,318,2002,3771.2989501953125
18,318,2003,2848.53466796875
18,318,2004,3118.7103271484375
18,318,2005,2854.6336669921875
18,318,2006,2894.6285400390625
18,318,2007,4304.0863037109375
18,318,2008,4086.3056640625
18,318,2009,3931.30712890625
18,318,2010,6550.6005859375
18,318,2011,5871.96728515625
18,318,2012,5089.67529296875
18,318,2013,4993.67333984375
18,319,1994,3236.591552734375
18,319,1995,3513.212890625
18,319,1996,6339.03662109375
18,319,1997,5156.377197265625
18,319,1998,5481.52880859375
18,319,1999,4801.606201171875
18,319,2000,6662.524658203125
18,319,2001,4615.59375
18,319,2002,5471.0322265625
18,319,2003,4424.78271484375
18,319,2004,5247.9736328125
18,319,2005,5330.66943359375
18,319,2006,5212.070556640625
18,319,2007,7097.73681640625
18,319,2008,6826.36865234375
18,319,2009,7739.5615234375
18,319,2010,9933.552734375
18,319,2011,9771.2529296875
18,319,2012,8856.4326171875
18,319,2013,8314.68359375
18,320,1994,1967.9756469726562
18,320,1995,2430.232421875
18,320,1996,4733.8173828125
18,320,1997,3616.7552490234375
18,320,1998,3479.2783203125
18,320,1999,3017.6593017578125
18,320,2000,5188.2708740234375
18,320,2001,3479.857177734375
18,320,2002,4296.7821044921875
18,320,2003,3972.7774658203125
18,320,2004,4411.311767578125
18,320,2005,4210.3992919921875
18,320,2006,4383.15185546875
18,320,2007,6468.90087890625
18,320,2008,6013.1376953125
18,320,2009,6144.0634765625
18,320,2010,9960.90234375
18,320,2011,9272.35546875
18,320,2012,9644.7490234375
18,320,2013,9190.0732421875
18,321,1994,9220.489990234375
18,321,1995,9778.474609375
18,321,1996,11278.8134765625
18,321,1997,9979.6708984375
18,321,1998,11042.09130859375
18,321,1999,10395.591796875
18,321,2000,12785.2060546875
18,321,2001,9667.3662109375
18,321,2002,11525.82568359375
18,321,2003,10258.0556640625
18,321,2004,11788.87841796875
18,321,2005,11414.9033203125
18,321,2006,12493.81103515625
18,321,2007,17075.21044921875
18,321,2008,15847.9140625
18,321,2009,16828.46875
18,321,2010,22926.36328125
18,321,2011,21439.54296875
18,321,2012,22782.50390625
18,321,2013,22407.568359375
18,322,1994,14129.27587890625
18,322,1995,14861.8681640625
18,322,1996,15720.271484375
18,322,1997,14778.11474609375
18,322,1998,15018.216796875
18,322,1999,15224.3515625
18,322,2000,15150.39501953125
18,322,2001,15562.50732421875
18,322,2002,15970.06298828125
18,322,2003,15049.21484375
18,322,2004,16690.7783203125
18,322,2005,17669.1845703125
18,322,2006,18222.806640625
18,322,2007,19373.0908203125
18,322,2008,19379.623046875
18,322,2009,21284.80859375
18,322,2010,22660.900390625
18,322,2011,23119.021484375
18,322,2012,22005.529296875
18,322,2013,23401.25390625
18,323,1994,2861.801513671875
18,323,1995,2433.9248046875
18,323,1996,3560.145751953125
18,323,1997,2488.3238525390625
18,323,1998,2946.0015869140625
18,323,1999,2663.3253173828125
18,323,2000,3578.8282470703125
18,323,2001,1904.5279541015625
18,323,2002,2850.5115966796875
18,323,2003,2583.4478759765625
18,323,2004,3644.5445556640625
18,323,2005,3494.444091796875
18,323,2006,3325.77197265625
18,323,2007,5018.82958984375
18,323,2008,4710.837890625
18,323,2009,4586.07763671875
18,323,2010,6600.3349609375
18,323,2011,6299.72705078125
18,323,2012,6099.1708984375
18,323,2013,5312.38037109375
18,324,1994,820.81866455078125
18,324,1995,838.805908203125
18,324,1996,1700.8857421875
18,324,1997,956.2703857421875
18,324,1998,1644.3418579101562
18,324,1999,1497.805419921875
18,324,2000,3407.6004028320312
18,324,2001,1149.069091796875
18,324,2002,3130.827880859375
18,324,2003,2644.1611938476562
18,324,2004,3658.9691162109375
18,324,2005,3012.54833984375
18,324,2006,2932.5186767578125
18,324,2007,6047.1884765625
18,324,2008,5253.49658203125
18,324,2009,5311.28271484375
18,324,2010,10219.3203125
18,324,2011,8879.263671875
18,324,2012,8210.3046875
18,324,2013,7523.77880859375
18,325,1994,2712.213134765625
18,325,1995,3112.001708984375
18,325,1996,4380.7099609375
18,325,1997,3378.6868896484375
18,325,1998,4286.063720703125
18,325,1999,4027.4892578125
18,325,2000,5050.2503662109375
18,325,2001,3304.262939453125
18,325,2002,4390.3172607421875
18,325,2003,4136.0006103515625
18,325,2004,5360.148193359375
18,325,2005,5090.64306640625
18,325,2006,5489.337158203125
18,325,2007,7564.3876953125
18,325,2008,6610.623046875
18,325,2009,6769.068359375
18,325,2010,10668.0009765625
18,325,2011,9918.5146484375
18,325,2012,9995.0166015625
18,325,2013,9093.37109375
18,326,1994,1603.8589782714844
18,326,1995,2762.41015625
18,326,1996,5151.55224609375
18,326,1997,2726.25927734375
18,326,1998,4946.919189453125
18,326,1999,4507.451416015625
18,326,2000,5962.613037109375
18,326,2001,2796.203369140625
18,326,2002,4288.2060546875
18,326,2003,3799.7298583984375
18,326,2004,5789.44140625
18,326,2005,4595.03125
18,326,2006,4686.9510498046875
18,326,2007,7560.286376953125
18,326,2008,7143.75244140625
18,326,2009,6816.4765625
18,326,2010,12827.22265625
18,326,2011,11171.90234375
18,326,2012,11196.7841796875
18,326,2013,9711.771484375
19,327,1994,10294.8671875
19,327,1995,13545.01953125
19,327,1996,16090.623046875
19,327,1997,14620.54248046875
19,327,1998,14077.908203125
19,327,1999,15706.1552734375
19,327,2000,19383.4306640625
19,327,2001,16896.5595703125
19,327,2002,17864.955078125
19,327,2003,15335.29541015625
19,327,2004,17915.3837890625
19,327,2005,18868.974609375
19,327,2006,20342.044921875
19,327,2007,23437.2177734375
19,327,2008,23547.962890625
19,327,2009,23766.009765625
19,327,2010,30053.734375
19,327,2011,27639.30078125
19,327,2012,27366.203125
19,327,2013,28647.40625
19,328,1994,15050.58349609375
19,328,1995,18765.828125
19,328,1996,23923.166015625
19,328,1997,21647.1513671875
19,328,1998,23344.4482421875
19,328,1999,23016.935546875
19,328,2000,32430.1728515625
19,328,2001,27328.3798828125
19,328,2002,30304.01171875
19,328,2003,23739.78515625
19,328,2004,30374.283203125
19,328,2005,30975.6044921875
19,328,2006,30344.9658203125
19,328,2007,38638.658203125
19,328,2008,36557.31640625
19,328,2009,34792.33984375
19,328,2010,48387.6796875
19,328,2011,49146.390625
19,328,2012,46075.59375
19,328,2013,51076.53125
19,329,1994,5543.636962890625
19,329,1995,6820.50146484375
19,329,1996,9098.125
19,329,1997,8865.06640625
19,329,1998,10162.3681640625
19,329,1999,7635.5859375
19,329,2000,13565.30029296875
19,329,2001,9442.26171875
19,329,2002,12161.9130859375
19,329,2003,8856.83447265625
19,329,2004,12308.22705078125
19,329,2005,12849.59326171875
19,329,2006,12803.9892578125
19,329,2007,17795.470703125
19,329,2008,16451.515625
19,329,2009,14360.8466796875
19,329,2010,23118.501953125
19,329,2011,20391.958984375
19,329,2012,20730.53515625
19,329,2013,26894.984375
19,330,1994,6503.02099609375
19,330,1995,8209.482421875
19,330,1996,11602.2939453125
19,330,1997,10022.84716796875
19,330,1998,10245.16259765625
19,330,1999,9069.74951171875
19,330,2000,14673.541015625
19,330,2001,11540.7802734375
19,330,2002,14034.78173828125
19,330,2003,11796.1220703125
19,330,2004,15592.37158203125
19,330,2005,17513.251953125
19,330,2006,18795.4296875
19,330,2007,22496.36328125
19,330,2008,20667.556640625
19,330,2009,19560.47265625
19,330,2010,24639.654296875
19,330,2011,27162.70703125
19,330,2012,30185.76953125
19,330,2013,32678.89453125
19,331,1994,3333.9683837890625
19,331,1995,3894.189697265625
19,331,1996,6966.8544921875
19,331,1997,5401.562255859375
19,331,1998,4542.99365234375
19,331,1999,4050.921142578125
19,331,2000,6759.361083984375
19,331,2001,4355.94921875
19,331,2002,6651.713134765625
19,331,2003,5557.616943359375
19,331,2004,7278.79150390625
19,331,2005,9065.8447265625
19,331,2006,9787.95849609375
19,331,2007,12652.43994140625
19,331,2008,11394.697265625
19,331,2009,9770.1591796875
19,331,2010,14089.6474609375
19,331,2011,14867.3955078125
19,331,2012,17361.40234375
19,331,2013,19805.109375
19,332,1994,10903.63525390625
19,332,1995,11024.357421875
19,332,1996,16367.7314453125
19,332,1997,14387.62890625
19,332,1998,12665.7568359375
19,332,1999,12273.61962890625
19,332,2000,18151.3564453125
19,332,2001,13987.39404296875
19,332,2002,17289.3466796875
19,332,2003,14138.685546875
19,332,2004,18092.9013671875
19,332,2005,17990.2353515625
19,332,2006,17544.99365234375
19,332,2007,21439.40234375
19,332,2008,20286.986328125
19,332,2009,16183.541015625
19,332,2010,22544.16015625
19,332,2011,23290.09765625
19,332,2012,23308.265625
19,332,2013,25096.421875
19,333,1994,23675.3955078125
19,333,1995,26598.28515625
19,333,1996,30486.728515625
19,333,1997,23589.0146484375
19,333,1998,23774.341796875
19,333,1999,24652.8095703125
19,333,2000,34385.953125
19,333,2001,29792.7119140625
19,333,2002,33262.826171875
19,333,2003,25902.4423828125
19,333,2004,33638.119140625
19,333,2005,34458.30078125
19,333,2006,32295.0673828125
19,333,2007,35847.619140625
19,333,2008,38204.91015625
19,333,2009,32863.2109375
19,333,2010,44050.078125
19,333,2011,43589.26171875
19,333,2012,45644.28515625
19,333,2013,47863.546875
19,334,1994,24506.8076171875
19,334,1995,27727.478515625
19,334,1996,32369.904296875
19,334,1997,26718.8486328125
19,334,1998,28741.7998046875
19,334,1999,28900.08984375
19,334,2000,37200.23828125
19,334,2001,34373.7265625
19,334,2002,37436.1640625
19,334,2003,34207.28125
19,334,2004,34792.953125
19,334,2005,34269.23046875
19,334,2006,33670.119140625
19,334,2007,33998.779296875
19,334,2008,34827.640625
19,334,2009,31823.60546875
19,334,2010,34622.5078125
19,334,2011,36523.828125
19,334,2012,38323.52734375
19,334,2013,40495.31640625
19,335,1994,81947.23046875
19,335,1995,88867.0078125
19,335,1996,93081.546875
19,335,1997,84646.3671875
19,335,1998,88726.93359375
19,335,1999,87794.203125
19,335,2000,94968.5390625
19,335,2001,92891.9453125
19,335,2002,94639.58984375
19,335,2003,89474.18359375
19,335,2004,90348.01953125
19,335,2005,90144.38671875
19,335,2006,86357.16015625
19,335,2007,91053.4140625
19,335,2008,93234.53125
19,335,2009,100367.9609375
19,335,2010,103520.484375
19,335,2011,106477.3828125
19,335,2012,105420.7265625
19,335,2013,107344.296875
19,336,1994,32837.015625
19,336,1995,38523.765625
19,336,1996,38741.1328125
19,336,1997,35709.943359375
19,336,1998,36991.03515625
19,336,1999,34380.1953125
19,336,2000,38793.064453125
19,336,2001,37660.712890625
19,336,2002,38053.228515625
19,336,2003,31693.3974609375
19,336,2004,36527.400390625
19,336,2005,36695.59375
19,336,2006,33053.5771484375
19,336,2007,35182.595703125
19,336,2008,38241.36328125
19,336,2009,38039.37109375
19,336,2010,42170.19921875
19,336,2011,44930.58984375
19,336,2012,43447.59375
19,336,2013,47323.5703125
19,337,1994,46340.6875
19,337,1995,50032.58984375
19,337,1996,51802.28515625
19,337,1997,51223.150390625
19,337,1998,52858.65234375
19,337,1999,52354.2421875
19,337,2000,54729.0234375
19,337,2001,53467.1875
19,337,2002,54511.080078125
19,337,2003,53728.95703125
19,337,2004,58187.14453125
19,337,2005,58521.625
19,337,2006,57030.75
19,337,2007,59050.509765625
19,337,2008,61407.28125
19,337,2009,67223.484375
19,337,2010,66439.171875
19,337,2011,70844.578125
19,337,2012,70566.7890625
19,337,2013,76768.65625
19,338,1994,41965.32421875
19,338,1995,48206.15234375
19,338,1996,48288.5078125
19,338,1997,47590.11328125
19,338,1998,48025.212890625
19,338,1999,48015.30859375
19,338,2000,49528.103515625
19,338,2001,47352.099609375
19,338,2002,48409.42578125
19,338,2003,45052.03515625
19,338,2004,46619.62109375
19,338,2005,46372.7890625
19,338,2006,45316.080078125
19,338,2007,48406.822265625
19,338,2008,48562.54296875
19,338,2009,52545.4375
19,338,2010,52002.703125
19,338,2011,48760.14453125
19,338,2012,52719.3359375
19,338,2013,53033.42578125
19,339,1994,25066.962890625
19,339,1995,30636.296875
19,339,1996,37432.5625
19,339,1997,30585.595703125
19,339,1998,33848.17578125
19,339,1999,32794.609375
19,339,2000,43705
19,339,2001,37115.169921875
19,339,2002,44430.130859375
19,339,2003,37254.541015625
19,339,2004,40014.685546875
19,339,2005,39288.115234375
19,339,2006,39194.876953125
19,339,2007,43498.677734375
19,339,2008,44100.09375
19,339,2009,45673.1328125
19,339,2010,48489.8828125
19,339,2011,52265.5390625
19,339,2012,48255.5
19,339,2013,47036.60546875
19,340,1994,16187.0029296875
19,340,1995,18355.3828125
19,340,1996,20264.0078125
19,340,1997,14759.9892578125
19,340,1998,17256.6357421875
19,340,1999,15740.92919921875
19,340,2000,24843.986328125
19,340,2001,16359.62158203125
19,340,2002,23686.4951171875
19,340,2003,20409.5224609375
19,340,2004,24326.3095703125
19,340,2005,22794.5947265625
19,340,2006,22132.3486328125
19,340,2007,26870.2255859375
19,340,2008,25458.384765625
19,340,2009,26420.70703125
19,340,2010,35108.75
19,340,2011,34403.62109375
19,340,2012,30568.103515625
19,340,2013,31191.0546875
19,341,1994,25163.9951171875
19,341,1995,28522.21484375
19,341,1996,27070.796875
19,341,1997,27511.0107421875
19,341,1998,28064.1796875
19,341,1999,28391.9228515625
19,341,2000,29079.0078125
19,341,2001,28745.7294921875
19,341,2002,28842.9423828125
19,341,2003,28678.0693359375
19,341,2004,30007.8056640625
19,341,2005,30250.9306640625
19,341,2006,30182.53515625
19,341,2007,31922.4599609375
19,341,2008,32970.4453125
19,341,2009,35335.78125
19,341,2010,35295.5859375
19,341,2011,33773.4375
19,341,2012,37753.74609375
19,341,2013,39357.33984375
19,342,1994,16701.74658203125
19,342,1995,16756.0625
19,342,1996,17539.373046875
19,342,1997,17509.1728515625
19,342,1998,17302.0859375
19,342,1999,17592.9462890625
19,342,2000,17495.603515625
19,342,2001,17795.5107421875
19,342,2002,17677.80859375
19,342,2003,17414.53125
19,342,2004,17561.8798828125
19,342,2005,17639.2333984375
19,342,2006,17591.837890625
19,342,2007,17587.8740234375
19,342,2008,17960.4609375
19,342,2009,18034.9765625
19,342,2010,17631.8515625
19,342,2011,17771.599609375
19,342,2012,18107.431640625
19,342,2013,18226.3125
19,343,1994,29507.0390625
19,343,1995,33766.65234375
19,343,1996,36608.5546875
19,343,1997,35850.33984375
19,343,1998,38164.375
19,343,1999,38386.34375
19,343,2000,45066.23046875
19,343,2001,39748.357421875
19,343,2002,45073.7578125
19,343,2003,41258.390625
19,343,2004,45040.173828125
19,343,2005,43956.125
19,343,2006,42912.1015625
19,343,2007,49988.3671875
19,343,2008,47464.15234375
19,343,2009,56652.02734375
19,343,2010,65380.07421875
19,343,2011,65126.734375
19,343,2012,64370.48046875
19,343,2013,70299.8125
19,344,1994,22471.9873046875
19,344,1995,26432.650390625
19,344,1996,33733.23046875
19,344,1997,23811.69140625
19,344,1998,32966.91796875
19,344,1999,31551.8154296875
19,344,2000,40368.337890625
19,344,2001,29541.2275390625
19,344,2002,42509.10546875
19,344,2003,35761.177734375
19,344,2004,44298.55859375
19,344,2005,43864.453125
19,344,2006,43916.326171875
19,344,2007,46910.5625
19,344,2008,43970.2734375
19,344,2009,49104.36328125
19,344,2010,59910.09765625
19,344,2011,63500.83203125
19,344,2012,62206.1328125
19,344,2013,61596.90625
19,345,1994,17780.64111328125
19,345,1995,23062.21484375
19,345,1996,24704.21875
19,345,1997,21158.7451171875
19,345,1998,27381.615234375
19,345,1999,25951.5458984375
19,345,2000,32703.1904296875
19,345,2001,28666.2490234375
19,345,2002,32148.70703125
19,345,2003,30825.953125
19,345,2004,33957.787109375
19,345,2005,32361.736328125
19,345,2006,32372.1025390625
19,345,2007,35030.52734375
19,345,2008,35325.87109375
19,345,2009,36967.6328125
19,345,2010,43134.515625
19,345,2011,43653.63671875
19,345,2012,45101.76171875
19,345,2013,46422.57421875
20,346,1994,987.89996337890625
20,346,1995,1270.53515625
20,346,1996,1097.10888671875
20,346,1997,991.3971252441406
20,346,1998,1298.905517578125
20,346,1999,1080.5718994140625
20,346,2000,4796.021728515625
20,346,2001,1837.750732421875
20,346,2002,4464.805114746094
20,346,2003,3837.02001953125
20,346,2004,3944.8270263671875
20,346,2005,3011.0028686523438
20,346,2006,4072.0531005859375
20,346,2007,7058.738525390625
20,346,2008,4564.34521484375
20,346,2009,6783.947265625
20,346,2010,14430.3076171875
20,346,2011,11731.2373046875
20,346,2012,11387.103515625
20,346,2013,11478.037109375
20,347,1994,1749.671875
20,347,1995,2302.905517578125
20,347,1996,2265.93359375
20,347,1997,2532.372802734375
20,347,1998,3035.2786865234375
20,347,1999,2732.567138671875
20,347,2000,5776.4317626953125
20,347,2001,3043.6588134765625
20,347,2002,5562.1387939453125
20,347,2003,4892.064697265625
20,347,2004,4507.0380859375
20,347,2005,3779.5306396484375
20,347,2006,4317.9962158203125
20,347,2007,7154.478271484375
20,347,2008,5424.8115234375
20,347,2009,7117.91259765625
20,347,2010,14117.2470703125
20,347,2011,11985.8818359375
20,347,2012,11816.154296875
20,347,2013,12446.86328125
20,348,1994,1919.0952758789062
20,348,1995,2601.42041015625
20,348,1996,2224.80859375
20,348,1997,1978.7884521484375
20,348,1998,2150.963134765625
20,348,1999,2124.7366333007812
20,348,2000,3850.716064453125
20,348,2001,2656.9483642578125
20,348,2002,4266.4525146484375
20,348,2003,3391.0330810546875
20,348,2004,4297.45947265625
20,348,2005,3612.965087890625
20,348,2006,4695.2542724609375
20,348,2007,5523.537841796875
20,348,2008,5429.208984375
20,348,2009,7493.7705078125
20,348,2010,10746.998046875
20,348,2011,9037.6728515625
20,348,2012,8753.09375
20,348,2013,8651.884765625
20,349,1994,4171.6693115234375
20,349,1995,5261.91259765625
20,349,1996,4553.75537109375
20,349,1997,3507.6065673828125
20,349,1998,4179.628173828125
20,349,1999,4170.8580322265625
20,349,2000,8482.565185546875
20,349,2001,5142.699951171875
20,349,2002,9083.46923828125
20,349,2003,7715.081298828125
20,349,2004,8293.39111328125
20,349,2005,7926.74755859375
20,349,2006,8940.74755859375
20,349,2007,12320.673828125
20,349,2008,10195.5322265625
20,349,2009,12259.0244140625
20,349,2010,21332.36328125
20,349,2011,19136.7109375
20,349,2012,18300.275390625
20,349,2013,18205.58203125
20,350,1994,2319.461669921875
20,350,1995,3067.98095703125
20,350,1996,4038.54248046875
20,350,1997,2960.380126953125
20,350,1998,3726.9400634765625
20,350,1999,4530.059814453125
20,350,2000,7454.61083984375
20,350,2001,5330.18603515625
20,350,2002,8460.326416015625
20,350,2003,6829.29541015625
20,350,2004,7482.579345703125
20,350,2005,7544.4853515625
20,350,2006,7563.22607421875
20,350,2007,10150.0224609375
20,350,2008,9351.4775390625
20,350,2009,10274.48046875
20,350,2010,15491.3251953125
20,350,2011,14577.626953125
20,350,2012,12196.580078125
20,350,2013,13179.76171875
20,351,1994,3083.1739501953125
20,351,1995,3487.693359375
20,351,1996,3835.1708984375
20,351,1997,3274.7630615234375
20,351,1998,3117.186279296875
20,351,1999,2947.4259033203125
20,351,2000,6475.830810546875
20,351,2001,4038.1180419921875
20,351,2002,6304.603759765625
20,351,2003,4834.589111328125
20,351,2004,4279.7840576171875
20,351,2005,3946.3594970703125
20,351,2006,4348.048095703125
20,351,2007,5833.298828125
20,351,2008,5273.15087890625
20,351,2009,5765.90576171875
20,351,2010,9652.203125
20,351,2011,9095.9130859375
20,351,2012,8909.3056640625
20,351,2013,9605.4677734375
20,352,1994,1897.823974609375
20,352,1995,2023.447265625
20,352,1996,1843.8292236328125
20,352,1997,1316.8773193359375
20,352,1998,1458.4495849609375
20,352,1999,1156.4849853515625
20,352,2000,3518.337158203125
20,352,2001,1756.584716796875
20,352,2002,3199.4888916015625
20,352,2003,2557.7553100585938
20,352,2004,2838.9359130859375
20,352,2005,2414.4652099609375
20,352,2006,2665.8746337890625
20,352,2007,4638.7598876953125
20,352,2008,3972.256591796875
20,352,2009,4731.955078125
20,352,2010,9002.6025390625
20,352,2011,7847.77783203125
20,352,2012,8243.1572265625
20,352,2013,10131.6064453125
20,353,1994,888.129638671875
20,353,1995,1257.3299560546875
20,353,1996,1402.396240234375
20,353,1997,1215.5669860839844
20,353,1998,1246.0669555664062
20,353,1999,1335.7130737304688
20,353,2000,3054.1729736328125
20,353,2001,1601.7184448242188
20,353,2002,2957.8383178710938
20,353,2003,2560.3079833984375
20,353,2004,2851.2994384765625
20,353,2005,2422.4293212890625
20,353,2006,2873.666015625
20,353,2007,4258.3553466796875
20,353,2008,3500.985107421875
20,353,2009,4508.5341796875
20,353,2010,7632.673828125
20,353,2011,6775.98095703125
20,353,2012,7097.9501953125
20,353,2013,7265.8525390625
20,354,1994,39480.517578125
20,354,1995,40985.30078125
20,354,1996,41019.98828125
20,354,1997,37091.78125
20,354,1998,34195.265625
20,354,1999,34344.619140625
20,354,2000,36394.421875
20,354,2001,34227.39453125
20,354,2002,35913.08984375
20,354,2003,31948.28515625
20,354,2004,33290.16015625
20,354,2005,33067.568359375
20,354,2006,32192.529296875
20,354,2007,33708.859375
20,354,2008,36211.6171875
20,354,2009,37935.51953125
20,354,2010,42287.42578125
20,354,2011,40595.3828125
20,354,2012,41548.67578125
20,354,2013,42000.44140625
20,355,1994,30860.88671875
20,355,1995,32195.32421875
20,355,1996,32763.2578125
20,355,1997,28093.697265625
20,355,1998,25869.3291015625
20,355,1999,25012.6689453125
20,355,2000,28060.2333984375
20,355,2001,24600.1328125
20,355,2002,27082.6728515625
20,355,2003,24601.9609375
20,355,2004,26209.392578125
20,355,2005,24790.5029296875
20,355,2006,25674.572265625
20,355,2007,26463.474609375
20,355,2008,27149.8125
20,355,2009,28433.578125
20,355,2010,36260.02734375
20,355,2011,35122.578125
20,355,2012,33658.4375
20,355,2013,33603.765625
20,356,1994,273.87454986572266
20,356,1995,719.2122802734375
20,356,1996,532.4912109375
20,356,1997,437.9676055908203
20,356,1998,699.8878173828125
20,356,1999,571.9444580078125
20,356,2000,2003.7015991210938
20,356,2001,749.162841796875
20,356,2002,2050.9130249023438
20,356,2003,1577.4486083984375
20,356,2004,1629.7178344726562
20,356,2005,1299.0116577148438
20,356,2006,1549.8126831054688
20,356,2007,2719.3450927734375
20,356,2008,1751.8974609375
20,356,2009,3256.5703125
20,356,2010,6039.83837890625
20,356,2011,5357.98291015625
20,356,2012,5959.98974609375
20,356,2013,5803.2626953125
20,357,1994,15468.44921875
20,357,1995,16919.65234375
20,357,1996,18846.068359375
20,357,1997,15521.705078125
20,357,1998,16864.40625
20,357,1999,16898.80078125
20,357,2000,20179.1328125
20,357,2001,16559.12158203125
20,357,2002,20581.7138671875
20,357,2003,19036.484375
20,357,2004,21853.291015625
20,357,2005,21524.5126953125
20,357,2006,21497.3984375
20,357,2007,24039.2294921875
20,357,2008,22935.541015625
20,357,2009,25257.197265625
20,357,2010,29163.583984375
20,357,2011,30010.173828125
20,357,2012,27515.45703125
20,357,2013,28718.146484375
20,358,1994,1170.65234375
20,358,1995,1388.9951171875
20,358,1996,1287.6046142578125
20,358,1997,1631.9595336914062
20,358,1998,1864.4924926757812
20,358,1999,1614.3743286132812
20,358,2000,5590.1500244140625
20,358,2001,2384.7589721679688
20,358,2002,5831.7911376953125
20,358,2003,4898.527099609375
20,358,2004,4758.544189453125
20,358,2005,4102.328369140625
20,358,2006,5011.4896240234375
20,358,2007,9089.78857421875
20,358,2008,6715.88427734375
20,358,2009,9509.7333984375
20,358,2010,17755.26953125
20,358,2011,15613.3837890625
20,358,2012,14900.4033203125
20,358,2013,15057.5546875
20,359,1994,291.9561538696289
20,359,1995,477.8084106445313
20,359,1996,351.1626892089844
20,359,1997,397.8020477294922
20,359,1998,638.0073547363281
20,359,1999,404.8124542236328
20,359,2000,4132.4952392578125
20,359,2001,1017.6476898193359
20,359,2002,3977.4305419921875
20,359,2003,3292.3543701171875
20,359,2004,3063.3804931640625
20,359,2005,2319.6104431152344
20,359,2006,3062.1270446777344
20,359,2007,6322.844970703125
20,359,2008,3822.530029296875
20,359,2009,6224.595703125
20,359,2010,15122.515625
20,359,2011,13015.833984375
20,359,2012,12996.9404296875
20,359,2013,12577.7021484375
20,360,1994,7669.484130859375
20,360,1995,8468.2109375
20,360,1996,8346.4228515625
20,360,1997,6779.88916015625
20,360,1998,7861.9296875
20,360,1999,7597.050537109375
20,360,2000,11863.3115234375
20,360,2001,9173.20849609375
20,360,2002,12961.17236328125
20,360,2003,12239.53662109375
20,360,2004,13743.1416015625
20,360,2005,12944.19775390625
20,360,2006,14296.50537109375
20,360,2007,16450.9287109375
20,360,2008,15893.3544921875
20,360,2009,17094.087890625
20,360,2010,25558.966796875
20,360,2011,22772.85546875
20,360,2012,21989.978515625
20,360,2013,24424.865234375
20,361,1994,16046.16455078125
20,361,1995,17421.341796875
20,361,1996,17541.72265625
20,361,1997,15777.548828125
20,361,1998,14365.13623046875
20,361,1999,15027.95166015625
20,361,2000,15611.3828125
20,361,2001,15393.162109375
20,361,2002,16321.603515625
20,361,2003,15447.0693359375
20,361,2004,17005.2587890625
20,361,2005,15747.8134765625
20,361,2006,15541.92529296875
20,361,2007,15904.8251953125
20,361,2008,16844.828125
20,361,2009,19673.630859375
20,361,2010,22408.2265625
20,361,2011,21318.845703125
20,361,2012,21043.2109375
20,361,2013,20791.2890625
20,362,1994,874.36004638671875
20,362,1995,882.95782470703125
20,362,1996,1506.706298828125
20,362,1997,1027.4072265625
20,362,1998,1180.4314575195312
20,362,1999,1308.7669677734375
20,362,2000,4690.404541015625
20,362,2001,2296.6578979492188
20,362,2002,5171.915771484375
20,362,2003,4136.4410400390625
20,362,2004,4601.819580078125
20,362,2005,3540.2950439453125
20,362,2006,4170.1363525390625
20,362,2007,7142.9541015625
20,362,2008,5078.35498046875
20,362,2009,7250.81640625
20,362,2010,14924.8994140625
20,362,2011,12541.5830078125
20,362,2012,11800.16015625
20,362,2013,11939.3447265625
20,363,1994,3152.6019287109375
20,363,1995,3411.98486328125
20,363,1996,3982.4248046875
20,363,1997,2671.2174072265625
20,363,1998,3210.3583984375
20,363,1999,3300.10205078125
20,363,2000,5551.450439453125
20,363,2001,4310.50146484375
20,363,2002,6337.202392578125
20,363,2003,4841.41357421875
20,363,2004,5666.6572265625
20,363,2005,5936.137939453125
20,363,2006,5964.01806640625
20,363,2007,7612.867431640625
20,363,2008,6381.96826171875
20,363,2009,6322.0830078125
20,363,2010,9359.2666015625
20,363,2011,8489.6162109375
20,363,2012,8600.576171875
20,363,2013,8366.0224609375
20,364,1994,12805.982421875
20,364,1995,15954.3466796875
20,364,1996,15975.740234375
20,364,1997,13863.36669921875
20,364,1998,15770.69482421875
20,364,1999,15423.75244140625
20,364,2000,20811.1123046875
20,364,2001,16146.2587890625
20,364,2002,22108.822265625
20,364,2003,21451.2412109375
20,364,2004,23274.720703125
20,364,2005,22410.14453125
20,364,2006,25025.9306640625
20,364,2007,29990.7939453125
20,364,2008,29589.69921875
20,364,2009,32488.244140625
20,364,2010,42269.484375
20,364,2011,38169.4453125
20,364,2012,37493.97265625
20,364,2013,39242.578125
20,365,1994,524.3719177246094
20,365,1995,819.79827880859375
20,365,1996,868.18511962890625
20,365,1997,510.10325622558594
20,365,1998,967.0204162597656
20,365,1999,747.6942138671875
20,365,2000,3161.3875122070312
20,365,2001,1031.4860229492188
20,365,2002,3164.8609008789062
20,365,2003,2567.8870849609375
20,365,2004,2781.7659912109375
20,365,2005,1867.6413879394531
20,365,2006,2331.9364013671875
20,365,2007,4249.5106201171875
20,365,2008,2831.088134765625
20,365,2009,4526.95654296875
20,365,2010,9478.1142578125
20,365,2011,7780.21875
20,365,2012,7427.23095703125
20,365,2013,7572.39892578125
20,366,1994,238.57846069335938
20,366,1995,566.60430908203125
20,366,1996,611.7979736328125
20,366,1997,354.0113983154297
20,366,1998,721.3182678222656
20,366,1999,480.6483459472656
20,366,2000,5232.161560058594
20,366,2001,1266.1577453613281
20,366,2002,4877.603759765625
20,366,2003,3986.65087890625
20,366,2004,3962.66796875
20,366,2005,2816.5991821289062
20,366,2006,4023.7920532226562
20,366,2007,8078.2841796875
20,366,2008,4907.646484375
20,366,2009,7744.625
20,366,2010,17692.20703125
20,366,2011,14624.9150390625
20,366,2012,14485.955078125
20,366,2013,14516.138671875
20,367,1994,433.2084503173828
20,367,1995,672.5037841796875
20,367,1996,618.67022705078125
20,367,1997,409.97691345214844
20,367,1998,645.3825378417969
20,367,1999,565.33758544921875
20,367,2000,3836.6939086914062
20,367,2001,1066.8677062988281
20,367,2002,3425.8582153320312
20,367,2003,2870.6925048828125
20,367,2004,2714.0665283203125
20,367,2005,2250.4098510742188
20,367,2006,3067.80029296875
20,367,2007,5840.936279296875
20,367,2008,3662.1748046875
20,367,2009,5573.43994140625
20,367,2010,12458.751953125
20,367,2011,10066.0517578125
20,367,2012,10116.8974609375
20,367,2013,9972.6708984375
20,368,1994,4885.767333984375
20,368,1995,6411.5927734375
20,368,1996,6442.46142578125
20,368,1997,5353.16015625
20,368,1998,5514.73974609375
20,368,1999,5389.385009765625
20,368,2000,11943.5185546875
20,368,2001,6039.70703125
20,368,2002,10987.612548828125
20,368,2003,9827.990478515625
20,368,2004,11449.3173828125
20,368,2005,9689.588134765625
20,368,2006,11174.7138671875
20,368,2007,17521.8984375
20,368,2008,13543.9765625
20,368,2009,19226.6796875
20,368,2010,35065.7109375
20,368,2011,29267.140625
20,368,2012,29113.470703125
20,368,2013,28686.5390625
20,369,1994,8718.1806640625
20,369,1995,10112.3173828125
20,369,1996,10277.9150390625
20,369,1997,8960.7626953125
20,369,1998,9235.58642578125
20,369,1999,9535.88037109375
20,369,2000,12782.49658203125
20,369,2001,9537.48486328125
20,369,2002,12283.45849609375
20,369,2003,12838.7958984375
20,369,2004,14434.458984375
20,369,2005,13390.24169921875
20,369,2006,15704.49658203125
20,369,2007,18626.0537109375
20,369,2008,16720.02734375
20,369,2009,18182.572265625
20,369,2010,24444.11328125
20,369,2011,23993.46875
20,369,2012,24495.39453125
20,369,2013,22726.24609375
21,370,1994,7228.610595703125
21,370,1995,12773.0029296875
21,370,1996,12692.423828125
21,370,1997,10069.22265625
21,370,1998,12676.763671875
21,370,1999,9315.09814453125
21,370,2000,17120.69287109375
21,370,2001,12069.30712890625
21,370,2002,16288.03662109375
21,370,2003,10712.7919921875
21,370,2004,13741.88916015625
21,370,2005,12857.63037109375
21,370,2006,13113.03076171875
21,370,2007,18937.1279296875
21,370,2008,15033.0048828125
21,370,2009,17069.2109375
21,370,2010,27160.390625
21,370,2011,25695.1953125
21,370,2012,25825.908203125
21,370,2013,25697.708984375
21,371,1994,9343.98388671875
21,371,1995,12759.9345703125
21,371,1996,13586.6181640625
21,371,1997,11165.88818359375
21,371,1998,12417.833984375
21,371,1999,12097.5830078125
21,371,2000,16580.0703125
21,371,2001,13725.97265625
21,371,2002,15087.2998046875
21,371,2003,11712.56494140625
21,371,2004,14191.763671875
21,371,2005,13859.92529296875
21,371,2006,14797.994140625
21,371,2007,18364.5224609375
21,371,2008,19469.271484375
21,371,2009,20246.220703125
21,371,2010,25322.703125
21,371,2011,24757.240234375
21,371,2012,25579.115234375
21,371,2013,25815.546875
21,372,1994,7986.2802734375
21,372,1995,11406.9365234375
21,372,1996,11961.4423828125
21,372,1997,10106.83544921875
21,372,1998,12775.8203125
21,372,1999,10814.2529296875
21,372,2000,18986.16796875
21,372,2001,13966.1318359375
21,372,2002,17147.35595703125
21,372,2003,13396.02197265625
21,372,2004,16696.4208984375
21,372,2005,15852.759765625
21,372,2006,16881.20947265625
21,372,2007,22517.390625
21,372,2008,19743.37109375
21,372,2009,23460.173828125
21,372,2010,35195.8671875
21,372,2011,34127.671875
21,372,2012,32506.48046875
21,372,2013,33258.63671875
21,373,1994,575.4206237792969
21,373,1995,758.7454833984375
21,373,1996,647.17022705078125
21,373,1997,658.2530975341797
21,373,1998,1029.3722534179688
21,373,1999,706.3541564941406
21,373,2000,3251.7516479492188
21,373,2001,1520.8829345703125
21,373,2002,3876.122802734375
21,373,2003,2932.6649780273438
21,373,2004,3796.197998046875
21,373,2005,2868.8646850585938
21,373,2006,3331.1435546875
21,373,2007,5739.4482421875
21,373,2008,3746.8896484375
21,373,2009,5722.77099609375
21,373,2010,10477.5771484375
21,373,2011,8843.8857421875
21,373,2012,9163.4150390625
21,373,2013,9134.958984375
21,374,1994,19395.6376953125
21,374,1995,24084.91015625
21,374,1996,24930.55859375
21,374,1997,22114.51171875
21,374,1998,23947.4453125
21,374,1999,20339.712890625
21,374,2000,32578.142578125
21,374,2001,22432.296875
21,374,2002,28627.267578125
21,374,2003,23916.1962890625
21,374,2004,30021.8642578125
21,374,2005,28179.1953125
21,374,2006,29937.125
21,374,2007,39066.888671875
21,374,2008,36690.1796875
21,374,2009,42022.8046875
21,374,2010,58186.1015625
21,374,2011,52780.73828125
21,374,2012,51773.1875
21,374,2013,51550.03515625
21,375,1994,9596.3310546875
21,375,1995,13086.607421875
21,375,1996,14485.6279296875
21,375,1997,12006.41015625
21,375,1998,13574.49169921875
21,375,1999,11846.822265625
21,375,2000,21994.037109375
21,375,2001,12639.79931640625
21,375,2002,19599.80615234375
21,375,2003,15719.24267578125
21,375,2004,21771.974609375
21,375,2005,18299.6796875
21,375,2006,19666.2197265625
21,375,2007,27915.599609375
21,375,2008,22952.994140625
21,375,2009,32338.513671875
21,375,2010,47205.58984375
21,375,2011,42419.6796875
21,375,2012,43785.23828125
21,375,2013,42729.9765625
21,376,1994,6204.099853515625
21,376,1995,9448.2529296875
21,376,1996,14108.67578125
21,376,1997,9097.740966796875
21,376,1998,15254.330078125
21,376,1999,12859.45556640625
21,376,2000,25134.7275390625
21,376,2001,10983.21484375
21,376,2002,19756.35791015625
21,376,2003,16100.6826171875
21,376,2004,19143.474609375
21,376,2005,18718.76416015625
21,376,2006,18848.0556640625
21,376,2007,24757.4453125
21,376,2008,19068.205078125
21,376,2009,23154.263671875
21,376,2010,38630.87890625
21,376,2011,35962.3671875
21,376,2012,32802.45703125
21,376,2013,31948.9921875
21,377,1994,8969.140380859375
21,377,1995,11449.65625
21,377,1996,16560.4765625
21,377,1997,14030.41455078125
21,377,1998,20054.9833984375
21,377,1999,17130.05078125
21,377,2000,25365.1962890625
21,377,2001,17308.4951171875
21,377,2002,22123.9462890625
21,377,2003,21029.66796875
21,377,2004,24500.8544921875
21,377,2005,21889.5234375
21,377,2006,20857.884765625
21,377,2007,22202.822265625
21,377,2008,21115.50390625
21,377,2009,20552.994140625
21,377,2010,26189.421875
21,377,2011,27670.123046875
21,377,2012,26489.634765625
21,377,2013,26341.9609375
21,378,1994,3051.9395141601562
21,378,1995,4231.99267578125
21,378,1996,5043.58056640625
21,378,1997,5898.63232421875
21,378,1998,9336.53515625
21,378,1999,7496.073486328125
21,378,2000,12820.7255859375
21,378,2001,6502.189208984375
21,378,2002,10214.2119140625
21,378,2003,8392.763916015625
21,378,2004,10739.1005859375
21,378,2005,9425.90625
21,378,2006,7875.269775390625
21,378,2007,10094.1337890625
21,378,2008,10541.0068359375
21,378,2009,11531.314453125
21,378,2010,14904.0517578125
21,378,2011,14582.9609375
21,378,2012,14571.9609375
21,378,2013,15184.16015625
21,379,1994,2188.8511962890625
21,379,1995,4706.47705078125
21,379,1996,6731.91259765625
21,379,1997,7250.3740234375
21,379,1998,10383.1455078125
21,379,1999,6018.553955078125
21,379,2000,12596.380859375
21,379,2001,8215.647705078125
21,379,2002,10457.466796875
21,379,2003,9233.73974609375
21,379,2004,11735.47509765625
21,379,2005,10165.43359375
21,379,2006,8926.88818359375
21,379,2007,12060.6435546875
21,379,2008,12034.390625
21,379,2009,12195.7822265625
21,379,2010,15657.9482421875
21,379,2011,16193.4560546875
21,379,2012,15699.5048828125
21,379,2013,17085.994140625
21,380,1994,5821.588623046875
21,380,1995,8529.255859375
21,380,1996,9992.4384765625
21,380,1997,10174.3662109375
21,380,1998,12855.97412109375
21,380,1999,9404.72900390625
21,380,2000,15010.00048828125
21,380,2001,13852.41455078125
21,380,2002,13932.5703125
21,380,2003,13234.44287109375
21,380,2004,15097.7958984375
21,380,2005,13689.56201171875
21,380,2006,12621.54248046875
21,380,2007,14658.68359375
21,380,2008,14202.7041015625
21,380,2009,14708.541015625
21,380,2010,18686.625
21,380,2011,19395.962890625
21,380,2012,20211.169921875
21,380,2013,20982.2109375
21,381,1994,17031.70361328125
21,381,1995,23069.041015625
21,381,1996,24806.66796875
21,381,1997,22677.904296875
21,381,1998,25797.84375
21,381,1999,20843.6328125
21,381,2000,31603.80078125
21,381,2001,25868.626953125
21,381,2002,26843.7197265625
21,381,2003,26131.7861328125
21,381,2004,30820.12890625
21,381,2005,29156.20703125
21,381,2006,26325.9091796875
21,381,2007,30219.462890625
21,381,2008,27987.822265625
21,381,2009,31623.775390625
21,381,2010,35524.41796875
21,381,2011,36096.8515625
21,381,2012,36409.23828125
21,381,2013,38300.4375
21,382,1994,7123.05712890625
21,382,1995,10829.4599609375
21,382,1996,12368.869140625
21,382,1997,11571.98876953125
21,382,1998,15665.462890625
21,382,1999,13459.61669921875
21,382,2000,21512.3388671875
21,382,2001,15206.24853515625
21,382,2002,19126.90234375
21,382,2003,15892.71044921875
21,382,2004,21562.0380859375
21,382,2005,22254.142578125
21,382,2006,21930.3154296875
21,382,2007,26283.6435546875
21,382,2008,25665.775390625
21,382,2009,29741.767578125
21,382,2010,32279.6328125
21,382,2011,34836.3671875
21,382,2012,34651.6953125
21,382,2013,36506.85546875
21,383,1994,7836.33740234375
21,383,1995,10017.57421875
21,383,1996,11670.5830078125
21,383,1997,10469.84619140625
21,383,1998,13673.9150390625
21,383,1999,10659.36181640625
21,383,2000,18353.310546875
21,383,2001,12509.0048828125
21,383,2002,15817.134765625
21,383,2003,13512.8525390625
21,383,2004,18004.0791015625
21,383,2005,15810.16455078125
21,383,2006,15165.77685546875
21,383,2007,19673.443359375
21,383,2008,17481.81640625
21,383,2009,23693.740234375
21,383,2010,27039.826171875
21,383,2011,28456.03125
21,383,2012,29147.91015625
21,383,2013,30763.978515625
21,384,1994,19288.7578125
21,384,1995,21623.365234375
21,384,1996,24253.572265625
21,384,1997,22967.1845703125
21,384,1998,25305.625
21,384,1999,22591.8759765625
21,384,2000,30382.7841796875
21,384,2001,26537.642578125
21,384,2002,28848.2744140625
21,384,2003,26056.0146484375
21,384,2004,29428.0498046875
21,384,2005,27462.939453125
21,384,2006,26997.9375
21,384,2007,32930.5556640625
21,384,2008,29732.8984375
21,384,2009,36522.2734375
21,384,2010,48147.71484375
21,384,2011,48318.24609375
21,384,2012,51968.4375
21,384,2013,52655.04296875
21,385,1994,2579.4158935546875
21,385,1995,5635.24560546875
21,385,1996,5378.5185546875
21,385,1997,5345.874755859375
21,385,1998,6156.783203125
21,385,1999,3571.3277587890625
21,385,2000,7851.98828125
21,385,2001,2941.8568115234375
21,385,2002,6513.493408203125
21,385,2003,5983.680908203125
21,385,2004,9856.0693359375
21,385,2005,7225.372314453125
21,385,2006,6519.279541015625
21,385,2007,10733.75732421875
21,385,2008,8475.5703125
21,385,2009,11765.806640625
21,385,2010,16731.078125
21,385,2011,15620.234375
21,385,2012,15873.806640625
21,385,2013,17119.392578125
21,386,1994,16677.38232421875
21,386,1995,21925.025390625
21,386,1996,23110.201171875
21,386,1997,22398.890625
21,386,1998,23388.9541015625
21,386,1999,21039.7236328125
21,386,2000,28935.91015625
21,386,2001,24922.7900390625
21,386,2002,25249.5830078125
21,386,2003,24899.0810546875
21,386,2004,29358.474609375
21,386,2005,28292.1630859375
21,386,2006,25848.4326171875
21,386,2007,29934.048828125
21,386,2008,29017.92578125
21,386,2009,30323.251953125
21,386,2010,34964.10546875
21,386,2011,35561.28125
21,386,2012,36595.61328125
21,386,2013,39653.80859375
21,387,1994,5619.0140380859375
21,387,1995,9206.771484375
21,387,1996,11448.3408203125
21,387,1997,11459.69287109375
21,387,1998,12921.16796875
21,387,1999,8690.073486328125
21,387,2000,16697.4208984375
21,387,2001,11319.7890625
21,387,2002,12923.9541015625
21,387,2003,11719.44384765625
21,387,2004,16030.66748046875
21,387,2005,15262.06201171875
21,387,2006,13670.49853515625
21,387,2007,17132.42626953125
21,387,2008,15768.11328125
21,387,2009,16113.865234375
21,387,2010,21884.173828125
21,387,2011,21541.173828125
21,387,2012,20714.65234375
21,387,2013,22351.712890625
21,388,1994,16105.787109375
21,388,1995,24411.90625
21,388,1996,27959.205078125
21,388,1997,23050.4521484375
21,388,1998,27062.62890625
21,388,1999,22255.197265625
21,388,2000,34751.76953125
21,388,2001,24981.6279296875
21,388,2002,27680.5986328125
21,388,2003,24226.0810546875
21,388,2004,29327.6220703125
21,388,2005,25616.287109375
21,388,2006,25749.6572265625
21,388,2007,32801.40234375
21,388,2008,30074.216796875
21,388,2009,33017.2265625
21,388,2010,43420.546875
21,388,2011,43055.31640625
21,388,2012,42685.94140625
21,388,2013,40592.8125
21,389,1994,1424.7506713867188
21,389,1995,2346.75048828125
21,389,1996,2475.845703125
21,389,1997,2002.5873413085938
21,389,1998,2215.6925048828125
21,389,1999,2091.01220703125
21,389,2000,5837.633056640625
21,389,2001,2842.9495849609375
21,389,2002,5412.7158203125
21,389,2003,4466.2021484375
21,389,2004,4965.874755859375
21,389,2005,3563.5205078125
21,389,2006,4789.039306640625
21,389,2007,7609.253173828125
21,389,2008,5413.7626953125
21,389,2009,7746.25634765625
21,389,2010,14544.3203125
21,389,2011,12098.3076171875
21,389,2012,13053.51953125
21,389,2013,12372.9404296875
21,390,1994,866.0291442871094
21,390,1995,1865.273681640625
21,390,1996,1897.1787109375
21,390,1997,1866.187255859375
21,390,1998,2016.4630126953125
21,390,1999,2301.1900634765625
21,390,2000,8285.3905029296875
21,390,2001,2730.8155517578125
21,390,2002,7033.871887207031
21,390,2003,6121.4454345703125
21,390,2004,6380.10302734375
21,390,2005,4941.659423828125
21,390,2006,6005.3321533203125
21,390,2007,11877.08544921875
21,390,2008,7352.0712890625
21,390,2009,11409.466796875
21,390,2010,25544.037109375
21,390,2011,20964.908203125
21,390,2012,20704.427734375
21,390,2013,20772.474609375
21,391,1994,515.1899871826172
21,391,1995,705.4208984375
21,391,1996,691.35577392578125
21,391,1997,748.00115966796875
21,391,1998,970.0426330566406
21,391,1999,724.0618591308594
21,391,2000,3501.2449340820312
21,391,2001,1029.3914184570312
21,391,2002,3547.1647338867188
21,391,2003,2617.549072265625
21,391,2004,2802.537353515625
21,391,2005,1982.8601379394531
21,391,2006,2501.7731323242188
21,391,2007,4805.3544921875
21,391,2008,2970.506591796875
21,391,2009,4843.02880859375
21,391,2010,10303.6767578125
21,391,2011,8810.2255859375
21,391,2012,8697.423828125
21,391,2013,8453.6689453125
21,392,1994,1055.428466796875
21,392,1995,2648.164306640625
21,392,1996,1978.4759521484375
21,392,1997,1499.1790161132812
21,392,1998,2650.76171875
21,392,1999,1418.5296020507812
21,392,2000,4162.3447265625
21,392,2001,1872.1768798828125
21,392,2002,3961.437255859375
21,392,2003,2645.9059448242188
21,392,2004,3537.0723876953125
21,392,2005,2406.8766479492188
21,392,2006,2544.1986083984375
21,392,2007,5042.14599609375
21,392,2008,3767.611083984375
21,392,2009,4345.59033203125
21,392,2010,8690.216796875
21,392,2011,8794.548828125
21,392,2012,9079.8701171875
21,392,2013,8797.2509765625
21,393,1994,5296.012451171875
21,393,1995,8139.75634765625
21,393,1996,9240.28515625
21,393,1997,7281.363037109375
21,393,1998,8798.25390625
21,393,1999,7680.67626953125
21,393,2000,13207.763671875
21,393,2001,8321.2724609375
21,393,2002,12467.8486328125
21,393,2003,10030.322265625
21,393,2004,11203.55029296875
21,393,2005,9633.39501953125
21,393,2006,9939.2705078125
21,393,2007,16326.251953125
21,393,2008,10881.029296875
21,393,2009,14280.7216796875
21,393,2010,26296.982421875
21,393,2011,24638.6953125
21,393,2012,26177.73828125
21,393,2013,25810.94921875
21,394,1994,1114.0427856445312
21,394,1995,1729.755126953125
21,394,1996,2408.241455078125
21,394,1997,1650.8878173828125
21,394,1998,2144.6187744140625
21,394,1999,2011.3660278320312
21,394,2000,5230.8197021484375
21,394,2001,2096.8399658203125
21,394,2002,4707.9189453125
21,394,2003,3710.47265625
21,394,2004,3771.18408203125
21,394,2005,3125.3892822265625
21,394,2006,3746.84326171875
21,394,2007,6999.4462890625
21,394,2008,3953.026611328125
21,394,2009,6313.97314453125
21,394,2010,13179.716796875
21,394,2011,11340.2080078125
21,394,2012,11293.41796875
21,394,2013,11286.20703125
21,395,1994,3309.7607421875
21,395,1995,4981.58056640625
21,395,1996,6891.53125
21,395,1997,4664.5745849609375
21,395,1998,6794.619140625
21,395,1999,6615.338623046875
21,395,2000,13712.50439453125
21,395,2001,7484.539794921875
21,395,2002,11574.123291015625
21,395,2003,8774.68994140625
21,395,2004,9229.157470703125
21,395,2005,9365.6015625
21,395,2006,9313.401611328125
21,395,2007,16174.1552734375
21,395,2008,11306.2900390625
21,395,2009,17115.0859375
21,395,2010,31153.037109375
21,395,2011,27957.1640625
21,395,2012,26126.125
21,395,2013,26093.466796875
21,396,1994,2950.1458740234375
21,396,1995,4302.7197265625
21,396,1996,4963.7099609375
21,396,1997,4315.4783935546875
21,396,1998,4628.776611328125
21,396,1999,4498.071533203125
21,396,2000,10894.93603515625
21,396,2001,5661.919189453125
21,396,2002,9281.77783203125
21,396,2003,8062.90576171875
21,396,2004,7675.87939453125
21,396,2005,6875.013427734375
21,396,2006,8229.092041015625
21,396,2007,13434.76611328125
21,396,2008,9108.75390625
21,396,2009,15314.345703125
21,396,2010,27481.830078125
21,396,2011,23974.89453125
21,396,2012,25313.162109375
21,396,2013,24768.271484375
21,397,1994,1907.5529174804688
21,397,1995,3784.029052734375
21,397,1996,2566.384765625
21,397,1997,2065.0728759765625
21,397,1998,2658.6845703125
21,397,1999,2609.9813232421875
21,397,2000,7104.443359375
21,397,2001,2820.8494873046875
21,397,2002,6118.21728515625
21,397,2003,4853.0377197265625
21,397,2004,4870.0198974609375
21,397,2005,3946.358154296875
21,397,2006,5321.7564697265625
21,397,2007,8581.435302734375
21,397,2008,5433.55517578125
21,397,2009,8724.822265625
21,397,2010,18028.970703125
21,397,2011,15516.818359375
21,397,2012,14661.3359375
21,397,2013,15068.333984375
21,398,1994,7389.887451171875
21,398,1995,10294.2373046875
21,398,1996,9466.5693359375
21,398,1997,8854.494140625
21,398,1998,9927.611328125
21,398,1999,9695.97802734375
21,398,2000,16891.443359375
21,398,2001,10033.0439453125
21,398,2002,14137.54541015625
21,398,2003,12239.47314453125
21,398,2004,12420.5478515625
21,398,2005,11238.695068359375
21,398,2006,13542.56298828125
21,398,2007,19161.20263671875
21,398,2008,14546.966796875
21,398,2009,21101.365234375
21,398,2010,33912.64453125
21,398,2011,29896.03125
21,398,2012,29346.78125
21,398,2013,30628.96875
21,399,1994,1654.2504577636719
21,399,1995,2935.856689453125
21,399,1996,2181.349609375
21,399,1997,1828.4976196289062
21,399,1998,2519.1717529296875
21,399,1999,2576.575439453125
21,399,2000,7513.287353515625
21,399,2001,3807.0279541015625
21,399,2002,7282.2652587890625
21,399,2003,5276.20654296875
21,399,2004,5151.3653564453125
21,399,2005,4325.3419189453125
21,399,2006,6544.9937744140625
21,399,2007,9260.90869140625
21,399,2008,5915.8798828125
21,399,2009,9199.2255859375
21,399,2010,18875.3984375
21,399,2011,15739.53515625
21,399,2012,15637.275390625
21,399,2013,16241.73828125
22,400,1994,6675.982421875
22,400,1995,7549.59326171875
22,400,1996,8112.3818359375
22,400,1997,7475.496826171875
22,400,1998,8076.032958984375
22,400,1999,6708.92236328125
22,400,2000,13136.716796875
22,400,2001,7421.612060546875
22,400,2002,13148.87548828125
22,400,2003,10779.07275390625
22,400,2004,11785.5556640625
22,400,2005,10145.130859375
22,400,2006,12072.60205078125
22,400,2007,16714.59326171875
22,400,2008,14370.7978515625
22,400,2009,16555.54296875
22,400,2010,28492.134765625
22,400,2011,25866.931640625
22,400,2012,24663.998046875
22,400,2013,25554.291015625
22,401,1994,6942.29248046875
22,401,1995,10035.888671875
22,401,1996,10076.9404296875
22,401,1997,8558.02197265625
22,401,1998,10701.4580078125
22,401,1999,6828.357177734375
22,401,2000,22427.69580078125
22,401,2001,10755.1689453125
22,401,2002,23347.93896484375
22,401,2003,18119.37548828125
22,401,2004,18808.1923828125
22,401,2005,17359.99951171875
22,401,2006,20218.37060546875
22,401,2007,33779.2998046875
22,401,2008,25557.65625
22,401,2009,31702.337890625
22,401,2010,60104.74609375
22,401,2011,55039.03125
22,401,2012,54669.5078125
22,401,2013,56535.59765625
22,402,1994,918.1344909667969
22,402,1995,1262.2994384765625
22,402,1996,1263.339599609375
22,402,1997,1307.6007690429688
22,402,1998,1836.8362426757812
22,402,1999,1346.2811279296875
22,402,2000,6576.364013671875
22,402,2001,2396.358154296875
22,402,2002,6556.820068359375
22,402,2003,5056.8016357421875
22,402,2004,5199.746337890625
22,402,2005,4270.0361328125
22,402,2006,5220.5450439453125
22,402,2007,10200.224853515625
22,402,2008,7378.28515625
22,402,2009,10075.5419921875
22,402,2010,20549.3125
22,402,2011,17812.0859375
22,402,2012,17906.17578125
22,402,2013,17049.798828125
22,403,1994,7793.9921875
22,403,1995,13814.1337890625
22,403,1996,13450.7568359375
22,403,1997,11473.06201171875
22,403,1998,14429.59814453125
22,403,1999,11199.28466796875
22,403,2000,19577.79248046875
22,403,2001,13764.4697265625
22,403,2002,25521.8447265625
22,403,2003,19380.447265625
22,403,2004,27416.7568359375
22,403,2005,28095.255859375
22,403,2006,29007.185546875
22,403,2007,37249.43359375
22,403,2008,39774.78125
22,403,2009,44023.56640625
22,403,2010,56112.6171875
22,403,2011,57393.5546875
22,403,2012,60806.82421875
22,403,2013,62006.98828125
22,404,1994,17521.38671875
22,404,1995,19121.302734375
22,404,1996,20122.21875
22,404,1997,18712.306640625
22,404,1998,19800.7177734375
22,404,1999,19363.5078125
22,404,2000,25859.8974609375
22,404,2001,20183.2421875
22,404,2002,26380.908203125
22,404,2003,22738.47265625
22,404,2004,26630.7373046875
22,404,2005,25496.82421875
22,404,2006,25866.9853515625
22,404,2007,32909.3173828125
22,404,2008,32019.779296875
22,404,2009,35931.875
22,404,2010,47984.48046875
22,404,2011,47681.375
22,404,2012,49318.8984375
22,404,2013,50483.57421875
22,405,1994,12353.12255859375
22,405,1995,20356.765625
22,405,1996,19171.7421875
22,405,1997,12634.9853515625
22,405,1998,17678.8154296875
22,405,1999,10634.73828125
22,405,2000,18276.115234375
22,405,2001,12212.173828125
22,405,2002,21239.4501953125
22,405,2003,14624.73388671875
22,405,2004,26140.828125
22,405,2005,25019.0751953125
22,405,2006,21993.640625
22,405,2007,26550.01171875
22,405,2008,31355.548828125
22,405,2009,34489.9765625
22,405,2010,39215.1953125
22,405,2011,45462.8984375
22,405,2012,46442.6953125
22,405,2013,49864.5234375
22,406,1994,18693.6142578125
22,406,1995,25580.701171875
22,406,1996,24437.98046875
22,406,1997,20743.4384765625
22,406,1998,25191.3232421875
22,406,1999,16356.40576171875
22,406,2000,28275.1015625
22,406,2001,20451.009765625
22,406,2002,34646.478515625
22,406,2003,28720.0078125
22,406,2004,44184.025390625
22,406,2005,42921.255859375
22,406,2006,37408.443359375
22,406,2007,50074.74609375
22,406,2008,53964.80078125
22,406,2009,57685.890625
22,406,2010,68394.6875
22,406,2011,71111.1328125
22,406,2012,69510.484375
22,406,2013,77398.796875
22,407,1994,2298.42138671875
22,407,1995,4774.5888671875
22,407,1996,3123.13720703125
22,407,1997,2277.5020751953125
22,407,1998,5201.8525390625
22,407,1999,2462.4083251953125
22,407,2000,6477.5010986328125
22,407,2001,2255.5106811523438
22,407,2002,9063.121826171875
22,407,2003,7674.085693359375
22,407,2004,14008.462890625
22,407,2005,12696.15673828125
22,407,2006,10670.3896484375
22,407,2007,17068.6884765625
22,407,2008,19614.203125
22,407,2009,20995.673828125
22,407,2010,25972.46875
22,407,2011,25340.478515625
22,407,2012,25619.70703125
22,407,2013,29445.767578125
22,408,1994,9657.92822265625
22,408,1995,16283.3017578125
22,408,1996,14962.0087890625
22,408,1997,13079.26318359375
22,408,1998,18174.7568359375
22,408,1999,11735.93017578125
22,408,2000,22187.2392578125
22,408,2001,11623.1171875
22,408,2002,24187.9462890625
22,408,2003,20167.5703125
22,408,2004,26238.9423828125
22,408,2005,25692.380859375
22,408,2006,22805.9970703125
22,408,2007,33534.8798828125
22,408,2008,34646.05078125
22,408,2009,36356.19921875
22,408,2010,46759.3984375
22,408,2011,46895.67578125
22,408,2012,50156.51953125
22,408,2013,50113.0078125
22,409,1994,41269.376953125
22,409,1995,53742.16015625
22,409,1996,53433.3203125
22,409,1997,48096.490234375
22,409,1998,55257.37890625
22,409,1999,43947.0859375
22,409,2000,59562.3125
22,409,2001,49565.40234375
22,409,2002,61953.67578125
22,409,2003,57299.896484375
22,409,2004,69126.806640625
22,409,2005,69418.97265625
22,409,2006,64549.20703125
22,409,2007,74832.93359375
22,409,2008,80784.5859375
22,409,2009,86336.8203125
22,409,2010,94552.234375
22,409,2011,95075.46875
22,409,2012,94483.9296875
22,409,2013,97027.109375
22,410,1994,38444.533203125
22,410,1995,52634.203125
22,410,1996,52846.44921875
22,410,1997,45272.251953125
22,410,1998,51985.240234375
22,410,1999,40980.44140625
22,410,2000,56642.462890625
22,410,2001,44200.7890625
22,410,2002,60464.849609375
22,410,2003,51092.021484375
22,410,2004,66570.40234375
22,410,2005,66088.41796875
22,410,2006,56885.638671875
22,410,2007,75179.73828125
22,410,2008,79794.1484375
22,410,2009,89972.3671875
22,410,2010,107659.734375
22,410,2011,109865.1328125
22,410,2012,110760.9453125
22,410,2013,118925.9609375
22,411,1994,5137.412353515625
22,411,1995,10009.4736328125
22,411,1996,8148.54833984375
22,411,1997,7766.278076171875
22,411,1998,7301.69140625
22,411,1999,4631.874267578125
22,411,2000,9196.583740234375
22,411,2001,5750.447509765625
22,411,2002,15233.11767578125
22,411,2003,8609.3876953125
22,411,2004,15830.36865234375
22,411,2005,13164.51416015625
22,411,2006,10152.919189453125
22,411,2007,16420.42578125
22,411,2008,18052.087890625
22,411,2009,22060.193359375
22,411,2010,28564.81640625
22,411,2011,29093.328125
22,411,2012,29650.224609375
22,411,2013,30196.193359375
22,412,1994,8361.294921875
22,412,1995,11066.3798828125
22,412,1996,11243.9453125
22,412,1997,9720.2265625
22,412,1998,10821.34375
22,412,1999,7531.8193359375
22,412,2000,12717.59326171875
22,412,2001,9319.19775390625
22,412,2002,13042.80224609375
22,412,2003,11960.9599609375
22,412,2004,13810.96923828125
22,412,2005,13724.43115234375
22,412,2006,12268.21875
22,412,2007,16291.7958984375
22,412,2008,15552.5693359375
22,412,2009,19857.564453125
22,412,2010,24044.126953125
22,412,2011,23036.294921875
22,412,2012,22037.6171875
22,412,2013,22347.142578125
22,413,1994,1619.8087158203125
22,413,1995,3223.232666015625
22,413,1996,3312.1806640625
22,413,1997,2717.1932373046875
22,413,1998,2770.182373046875
22,413,1999,2405.3336181640625
22,413,2000,8708.4072265625
22,413,2001,2975.123046875
22,413,2002,8642.9462890625
22,413,2003,7235.2216796875
22,413,2004,8249.246826171875
22,413,2005,7844.376220703125
22,413,2006,10073.341552734375
22,413,2007,15736.68701171875
22,413,2008,10422.375
22,413,2009,14214.2353515625
22,413,2010,26603.595703125
22,413,2011,23578.1484375
22,413,2012,23909.689453125
22,413,2013,24827.177734375
22,414,1994,3257.4541015625
22,414,1995,4599.3701171875
22,414,1996,3553.426025390625
22,414,1997,3394.611572265625
22,414,1998,3634.785888671875
22,414,1999,4159.9613037109375
22,414,2000,12347.5595703125
22,414,2001,4911.9510498046875
22,414,2002,11876.872314453125
22,414,2003,9941.305908203125
22,414,2004,10936.54736328125
22,414,2005,9747.371337890625
22,414,2006,12422.141845703125
22,414,2007,18843.21142578125
22,414,2008,13501.9990234375
22,414,2009,19925.240234375
22,414,2010,37231.5
22,414,2011,32866.6875
22,414,2012,31426.37109375
22,414,2013,34173.015625
22,415,1994,183.80294799804688
22,415,1995,340.11749267578125
22,415,1996,294.3114929199219
22,415,1997,275.7269515991211
22,415,1998,294.6555480957031
22,415,1999,342.4752960205078
22,415,2000,3943.3236694335938
22,415,2001,834.2434539794922
22,415,2002,3597.086639404297
22,415,2003,3101.10595703125
22,415,2004,2900.8578491210938
22,415,2005,2250.334945678711
22,415,2006,3099.8267822265625
22,415,2007,6310.2236328125
22,415,2008,3624.962646484375
22,415,2009,5956.15087890625
22,415,2010,14271.123046875
22,415,2011,11643.076171875
22,415,2012,11454.3896484375
22,415,2013,11627.5849609375
22,416,1994,3237.7738037109375
22,416,1995,4490.75
22,416,1996,4210.85791015625
22,416,1997,3302.48779296875
22,416,1998,3642.2911376953125
22,416,1999,3790.3544921875
22,416,2000,10786.89794921875
22,416,2001,4831.0010986328125
22,416,2002,9816.356201171875
22,416,2003,8555.838623046875
22,416,2004,8336.2412109375
22,416,2005,7379.2958984375
22,416,2006,9665.51708984375
22,416,2007,14881.7529296875
22,416,2008,10362.7109375
22,416,2009,14586.1005859375
22,416,2010,29437.65234375
22,416,2011,25016.2890625
22,416,2012,24562.490234375
22,416,2013,24766.1953125
22,417,1994,281.8174514770508
22,417,1995,580.1370849609375
22,417,1996,412.4050903320313
22,417,1997,284.9712448120117
22,417,1998,256.1757583618164
22,417,1999,381.74114990234375
22,417,2000,7723.404296875
22,417,2001,1612.281005859375
22,417,2002,6587.164764404297
22,417,2003,6050.6370849609375
22,417,2004,5317.4302978515625
22,417,2005,4160.677551269531
22,417,2006,6135.634033203125
22,417,2007,11999.67333984375
22,417,2008,6739.18310546875
22,417,2009,11068.109375
22,417,2010,26861.1328125
22,417,2011,21810
22,417,2012,21740.224609375
22,417,2013,22020.720703125
23,418,1994,6782.112060546875
23,418,1995,9888.55859375
23,418,1996,8876.498046875
23,418,1997,7105.668701171875
23,418,1998,6278.895751953125
23,418,1999,5032.339599609375
23,418,2000,10419.918701171875
23,418,2001,4497.9593505859375
23,418,2002,9363.365478515625
23,418,2003,8135.752197265625
23,418,2004,9101.98828125
23,418,2005,7250.79345703125
23,418,2006,7358.4368896484375
23,418,2007,13439.96923828125
23,418,2008,10808.8759765625
23,418,2009,12200.9609375
23,418,2010,24596.34375
23,418,2011,20174.431640625
23,418,2012,20292.53515625
23,418,2013,22965.16015625
23,419,1994,24478.2509765625
23,419,1995,28234.185546875
23,419,1996,25932.587890625
23,419,1997,22692.0654296875
23,419,1998,22148.37109375
23,419,1999,14999.4970703125
23,419,2000,21231.3583984375
23,419,2001,15110.6962890625
23,419,2002,18887.3681640625
23,419,2003,18497.263671875
23,419,2004,15622.72412109375
23,419,2005,14888.46630859375
23,419,2006,14573.7216796875
23,419,2007,18611.88671875
23,419,2008,16717.017578125
23,419,2009,14955.6630859375
23,419,2010,24810.525390625
23,419,2011,22152.818359375
23,419,2012,23413.64453125
23,419,2013,28055.216796875
23,420,1994,26663.1552734375
23,420,1995,30178.70703125
23,420,1996,29478.158203125
23,420,1997,21314.615234375
23,420,1998,22467.375
23,420,1999,14964.6328125
23,420,2000,19312.4765625
23,420,2001,15158.12744140625
23,420,2002,20169.216796875
23,420,2003,16107.35986328125
23,420,2004,14898.9775390625
23,420,2005,12661.3330078125
23,420,2006,13269.21923828125
23,420,2007,18485.5087890625
23,420,2008,16445.89453125
23,420,2009,12761.2294921875
23,420,2010,24356.34765625
23,420,2011,19327.255859375
23,420,2012,18555.640625
23,420,2013,21879.4921875
23,421,1994,31704.619140625
23,421,1995,34747.17578125
23,421,1996,35797.484375
23,421,1997,32062.2392578125
23,421,1998,31249.052734375
23,421,1999,25699.6044921875
23,421,2000,32522.33984375
23,421,2001,27415.935546875
23,421,2002,31397.3408203125
23,421,2003,28058.6806640625
23,421,2004,28182.369140625
23,421,2005,27381.50390625
23,421,2006,27473.7001953125
23,421,2007,31783.5
23,421,2008,27785.2265625
23,421,2009,28091.830078125
23,421,2010,34482.63671875
23,421,2011,32309.4609375
23,421,2012,34620.6171875
23,421,2013,36709.484375
23,422,1994,18285.7890625
23,422,1995,21441.69921875
23,422,1996,22535.318359375
23,422,1997,18514.908203125
23,422,1998,19136.5576171875
23,422,1999,15273.97509765625
23,422,2000,18425.94921875
23,422,2001,14676.61572265625
23,422,2002,16765.712890625
23,422,2003,13454.80859375
23,422,2004,13180.49267578125
23,422,2005,11978.63427734375
23,422,2006,12183.0234375
23,422,2007,15983.2080078125
23,422,2008,12191.0810546875
23,422,2009,10506.0400390625
23,422,2010,16996.55859375
23,422,2011,13475.6728515625
23,422,2012,13782.94140625
23,422,2013,17034.4453125
23,423,1994,19828.1728515625
23,423,1995,26792.205078125
23,423,1996,24129.234375
23,423,1997,17588.92138671875
23,423,1998,17838.7548828125
23,423,1999,15244.93359375
23,423,2000,24519.173828125
23,423,2001,13673.671875
23,423,2002,20069.88720703125
23,423,2003,17091.00537109375
23,423,2004,16179.869140625
23,423,2005,14648.431640625
23,423,2006,16475.84716796875
23,423,2007,22392.9990234375
23,423,2008,15842.1630859375
23,423,2009,20120.85546875
23,423,2010,39089.8125
23,423,2011,32333.1484375
23,423,2012,33960.66015625
23,423,2013,35213.55859375
23,424,1994,27009.98828125
23,424,1995,30326.669921875
23,424,1996,32442.0625
23,424,1997,20948.96875
23,424,1998,24052.2041015625
23,424,1999,23401.9013671875
23,424,2000,28936.296875
23,424,2001,24141.298828125
23,424,2002,23690.25390625
23,424,2003,17483.51953125
23,424,2004,16151.828125
23,424,2005,16110.16650390625
23,424,2006,16162.841796875
23,424,2007,22452.369140625
23,424,2008,17985.8671875
23,424,2009,15144.7333984375
23,424,2010,26835.443359375
23,424,2011,21625.71484375
23,424,2012,21581.20703125
23,424,2013,29742.947265625
23,425,1994,26835.0693359375
23,425,1995,29206.265625
23,425,1996,30926.283203125
23,425,1997,21388.9521484375
23,425,1998,26099.7041015625
23,425,1999,23875.5517578125
23,425,2000,34914.8701171875
23,425,2001,24323.1123046875
23,425,2002,28434.375
23,425,2003,21159.5634765625
23,425,2004,24860.015625
23,425,2005,20852.091796875
23,425,2006,20974.751953125
23,425,2007,29747.560546875
23,425,2008,21959.52734375
23,425,2009,21652.951171875
23,425,2010,39718.44140625
23,425,2011,35103.8984375
23,425,2012,33365.57421875
23,425,2013,39356.0703125
23,426,1994,6420.7275390625
23,426,1995,9314.1552734375
23,426,1996,9240.9697265625
23,426,1997,6334.9501953125
23,426,1998,10468.44775390625
23,426,1999,7596.23583984375
23,426,2000,13224.80908203125
23,426,2001,7124.590087890625
23,426,2002,12270.6533203125
23,426,2003,9025.066650390625
23,426,2004,9777.21728515625
23,426,2005,7919.5751953125
23,426,2006,8026.02392578125
23,426,2007,14038.36669921875
23,426,2008,8678.47265625
23,426,2009,11772.0283203125
23,426,2010,25844.62109375
23,426,2011,21488.3203125
23,426,2012,22380.732421875
23,426,2013,26041.998046875
23,427,1994,38210.30078125
23,427,1995,47854.18359375
23,427,1996,49875.875
23,427,1997,31961.0849609375
23,427,1998,42225.02734375
23,427,1999,34373.896484375
23,427,2000,43030.44140625
23,427,2001,28029.8642578125
23,427,2002,37294.453125
23,427,2003,28726.08984375
23,427,2004,34797.849609375
23,427,2005,31762.51953125
23,427,2006,28479.7998046875
23,427,2007,44713.384765625
23,427,2008,39370.11328125
23,427,2009,37454.14453125
23,427,2010,57183.640625
23,427,2011,57747.4765625
23,427,2012,56831.2734375
23,427,2013,59418.37109375
23,428,1994,21049.689453125
23,428,1995,25982.982421875
23,428,1996,27437.4375
23,428,1997,18487.51416015625
23,428,1998,26993.73828125
23,428,1999,18260.8076171875
23,428,2000,24524.9169921875
23,428,2001,15414.880859375
23,428,2002,21525.1396484375
23,428,2003,15590.2373046875
23,428,2004,17657.8125
23,428,2005,14730.62451171875
23,428,2006,14758.296875
23,428,2007,22680.48046875
23,428,2008,18338.1796875
23,428,2009,17704.927734375
23,428,2010,31076.109375
23,428,2011,28698.431640625
23,428,2012,31528.93359375
23,428,2013,38299.1796875
23,429,1994,32815.2041015625
23,429,1995,36942.15625
23,429,1996,40936.84375
23,429,1997,31531.619140625
23,429,1998,36349.67578125
23,429,1999,34521.654296875
23,429,2000,41818.013671875
23,429,2001,30532.0068359375
23,429,2002,34080.14453125
23,429,2003,29136.2197265625
23,429,2004,35006.033203125
23,429,2005,29895.0244140625
23,429,2006,26865.3095703125
23,429,2007,35247.494140625
23,429,2008,33687.69921875
23,429,2009,27460.28515625
23,429,2010,47388.59375
23,429,2011,45169.5
23,429,2012,48459.5859375
23,429,2013,56355.8984375
23,430,1994,24993.638671875
23,430,1995,26192.298828125
23,430,1996,30657.91796875
23,430,1997,22234.7578125
23,430,1998,25945.0361328125
23,430,1999,23116.044921875
23,430,2000,30385.0927734375
23,430,2001,20741.486328125
23,430,2002,22806.283203125
23,430,2003,18504.6572265625
23,430,2004,18899.671875
23,430,2005,17147.32763671875
23,430,2006,16952.0419921875
23,430,2007,23477.6845703125
23,430,2008,18913.8828125
23,430,2009,20041.974609375
23,430,2010,37583.203125
23,430,2011,34552.4296875
23,430,2012,35990.234375
23,430,2013,44789.796875
23,431,1994,5774.984130859375
23,431,1995,7085.81787109375
23,431,1996,6319.150390625
23,431,1997,5566.584716796875
23,431,1998,6817.83056640625
23,431,1999,5698.313720703125
23,431,2000,9690.47802734375
23,431,2001,5210.0400390625
23,431,2002,8500.0869140625
23,431,2003,6726.21240234375
23,431,2004,7130.197998046875
23,431,2005,6481.148193359375
23,431,2006,7663.78173828125
23,431,2007,11915.859375
23,431,2008,9667.2685546875
23,431,2009,10285.9140625
23,431,2010,19056.220703125
23,431,2011,16228.9091796875
23,431,2012,16299.77734375
23,431,2013,17798.046875
23,432,1994,22637.1318359375
23,432,1995,27855.603515625
23,432,1996,28767.146484375
23,432,1997,23653.3828125
23,432,1998,25914.7548828125
23,432,1999,25983.810546875
23,432,2000,29568.4658203125
23,432,2001,24876.63671875
23,432,2002,23359.6875
23,432,2003,20170.1767578125
23,432,2004,21658.1484375
23,432,2005,18528.4619140625
23,432,2006,14872.29052734375
23,432,2007,18012.021484375
23,432,2008,17632.271484375
23,432,2009,16056.5068359375
23,432,2010,26229.935546875
23,432,2011,24163.919921875
23,432,2012,24950.607421875
23,432,2013,25339.88671875
23,433,1994,36273.4453125
23,433,1995,46040.578125
23,433,1996,42975.6875
23,433,1997,33919.869140625
23,433,1998,40980.12109375
23,433,1999,41187.65234375
23,433,2000,43527.904296875
23,433,2001,34851.529296875
23,433,2002,33049.341796875
23,433,2003,27618.064453125
23,433,2004,27746.5498046875
23,433,2005,26536.021484375
23,433,2006,17901.82763671875
23,433,2007,26714.341796875
23,433,2008,21871.423828125
23,433,2009,17953.1953125
23,433,2010,32651.435546875
23,433,2011,32199.322265625
23,433,2012,28126.12890625
23,433,2013,26344.53515625
23,434,1994,30558.8505859375
23,434,1995,39797.15625
23,434,1996,42007.1953125
23,434,1997,33044.958984375
23,434,1998,38000.17578125
23,434,1999,35622.0703125
23,434,2000,37687.8125
23,434,2001,31265.6015625
23,434,2002,27777.3095703125
23,434,2003,25264.6708984375
23,434,2004,25256.8955078125
23,434,2005,23213.5400390625
23,434,2006,17980.3818359375
23,434,2007,21456.1484375
23,434,2008,25228.095703125
23,434,2009,20131.09765625
23,434,2010,26274.3046875
23,434,2011,21525.2578125
23,434,2012,23255.3046875
23,434,2013,22849.775390625
23,435,1994,49503.578125
23,435,1995,60087.2734375
23,435,1996,66021.828125
23,435,1997,52152.37109375
23,435,1998,60191.58203125
23,435,1999,56951.328125
23,435,2000,57143.650390625
23,435,2001,46380.99609375
23,435,2002,44605.107421875
23,435,2003,40352.5234375
23,435,2004,44877.04296875
23,435,2005,40047.41796875
23,435,2006,29740.5810546875
23,435,2007,41772.599609375
23,435,2008,43032.6171875
23,435,2009,31378.64453125
23,435,2010,36499.8359375
23,435,2011,34598.66796875
23,435,2012,34714.375
23,435,2013,36011.6875
23,436,1994,36335.078125
23,436,1995,48872.828125
23,436,1996,49023.9140625
23,436,1997,33720.2197265625
23,436,1998,46858.0625
23,436,1999,46951.169921875
23,436,2000,52862.40625
23,436,2001,38299.12890625
23,436,2002,32017.0126953125
23,436,2003,21434.2841796875
23,436,2004,25745.4716796875
23,436,2005,26589.0771484375
23,436,2006,19667.08984375
23,436,2007,24113.2607421875
23,436,2008,19904.533203125
23,436,2009,16455.228515625
23,436,2010,32908.76171875
23,436,2011,29406.0078125
23,436,2012,24414.798828125
23,436,2013,25191.349609375
23,437,1994,33497.548828125
23,437,1995,46199.2265625
23,437,1996,50456.671875
23,437,1997,38375.380859375
23,437,1998,46258.248046875
23,437,1999,40855.6484375
23,437,2000,44498.3046875
23,437,2001,35514.052734375
23,437,2002,34326.724609375
23,437,2003,24067.1708984375
23,437,2004,31550.7431640625
23,437,2005,31015.7783203125
23,437,2006,25486.6708984375
23,437,2007,26343.3642578125
23,437,2008,29459.9140625
23,437,2009,22381.58984375
23,437,2010,36172.16015625
23,437,2011,34998.7734375
23,437,2012,31189.1328125
23,437,2013,32508.697265625
23,438,1994,43141.275390625
23,438,1995,52842.94921875
23,438,1996,58626.02734375
23,438,1997,51624.7265625
23,438,1998,56852.0703125
23,438,1999,54320.95703125
23,438,2000,55320.431640625
23,438,2001,42380.470703125
23,438,2002,42753.34375
23,438,2003,36994.671875
23,438,2004,41091.2734375
23,438,2005,35494.205078125
23,438,2006,21494.9912109375
23,438,2007,35134.525390625
23,438,2008,40144.5234375
23,438,2009,30168.724609375
23,438,2010,52394.66015625
23,438,2011,48111.53125
23,438,2012,40595.05859375
23,438,2013,37395.80859375
23,439,1994,45594.224609375
23,439,1995,53270.1875
23,439,1996,58476.06640625
23,439,1997,52400.240234375
23,439,1998,55881.005859375
23,439,1999,55274.982421875
23,439,2000,54184.99609375
23,439,2001,49012.439453125
23,439,2002,47260.66796875
23,439,2003,43007.84375
23,439,2004,46358.5
23,439,2005,47411.9453125
23,439,2006,44084.71484375
23,439,2007,50107.92578125
23,439,2008,51666.1796875
23,439,2009,48762.4140625
23,439,2010,58591.9296875
23,439,2011,59538.3984375
23,439,2012,59162.6328125
23,439,2013,55552.76171875
23,440,1994,28734.99609375
23,440,1995,38445.21484375
23,440,1996,42090.3125
23,440,1997,37577.20703125
23,440,1998,41614.875
23,440,1999,43127.775390625
23,440,2000,46663.14453125
23,440,2001,33431.8193359375
23,440,2002,30521.923828125
23,440,2003,24787.5400390625
23,440,2004,28770.7919921875
23,440,2005,26734.078125
23,440,2006,19703.0595703125
23,440,2007,32027.4384765625
23,440,2008,26381.58203125
23,440,2009,24592.490234375
23,440,2010,36190.6640625
23,440,2011,37257.3515625
23,440,2012,30384.900390625
23,440,2013,29974.939453125
23,441,1994,14380.38134765625
23,441,1995,19529.05859375
23,441,1996,21390.77734375
23,441,1997,19082.8427734375
23,441,1998,21615.3505859375
23,441,1999,24033.349609375
23,441,2000,25814.8935546875
23,441,2001,18993.798828125
23,441,2002,18453.880859375
23,441,2003,16270.8955078125
23,441,2004,18822.61328125
23,441,2005,14609.23779296875
23,441,2006,10823.37109375
23,441,2007,19666.5537109375
23,441,2008,16000.88671875
23,441,2009,15216.3583984375
23,441,2010,23570.228515625
23,441,2011,22246.63671875
23,441,2012,18762.19140625
23,441,2013,20311.634765625
23,442,1994,32026.4443359375
23,442,1995,43456.92578125
23,442,1996,37799.37109375
23,442,1997,26965.02734375
23,442,1998,41944.384765625
23,442,1999,42978.83203125
23,442,2000,51055.087890625
23,442,2001,36875.4140625
23,442,2002,29397.0361328125
23,442,2003,21810.306640625
23,442,2004,25760.8349609375
23,442,2005,20915.7255859375
23,442,2006,15663.83837890625
23,442,2007,15670.57470703125
23,442,2008,11827.4365234375
23,442,2009,13599.2216796875
23,442,2010,26304.85546875
23,442,2011,23102.529296875
23,442,2012,25513.419921875
23,442,2013,27909.052734375
23,443,1994,11037.676025390625
23,443,1995,19742.15625
23,443,1996,18930.16796875
23,443,1997,11303.2109375
23,443,1998,10446.38037109375
23,443,1999,11062.36083984375
23,443,2000,17579.9248046875
23,443,2001,9726.77587890625
23,443,2002,14571.32568359375
23,443,2003,13410.1015625
23,443,2004,15639.93896484375
23,443,2005,15016.1923828125
23,443,2006,12050.78515625
23,443,2007,17933.212890625
23,443,2008,13460.6708984375
23,443,2009,13696.376953125
23,443,2010,28929.90234375
23,443,2011,27501.728515625
23,443,2012,28567.0546875
23,443,2013,28005.44140625
23,444,1994,28229.455078125
23,444,1995,34275.703125
23,444,1996,34355.421875
23,444,1997,27979.03125
23,444,1998,32906.068359375
23,444,1999,32508.244140625
23,444,2000,34376.7734375
23,444,2001,30184.8154296875
23,444,2002,31937.896484375
23,444,2003,28199.134765625
23,444,2004,31317.193359375
23,444,2005,30288.31640625
23,444,2006,30006.19140625
23,444,2007,31940.1484375
23,444,2008,33407.45703125
23,444,2009,31133.55859375
23,444,2010,37814.2734375
23,444,2011,38434.79296875
23,444,2012,40991.34375
23,444,2013,40005.6796875
23,445,1994,29219.1943359375
23,445,1995,37568.73046875
23,445,1996,39565.69140625
23,445,1997,24985.9736328125
23,445,1998,34440.568359375
23,445,1999,28069.8046875
23,445,2000,33651.087890625
23,445,2001,22002.8486328125
23,445,2002,25556.0458984375
23,445,2003,19026.7412109375
23,445,2004,23892.9443359375
23,445,2005,24675.716796875
23,445,2006,19990.7080078125
23,445,2007,26130.134765625
23,445,2008,28186.31640625
23,445,2009,22817.39453125
23,445,2010,42985.84375
23,445,2011,38672.546875
23,445,2012,37417.9140625
23,445,2013,36416.83203125
23,446,1994,23022.8369140625
23,446,1995,32478.244140625
23,446,1996,33598.33203125
23,446,1997,22160.9697265625
23,446,1998,27115.1005859375
23,446,1999,24057.4345703125
23,446,2000,31638.0537109375
23,446,2001,18473.9052734375
23,446,2002,25758.560546875
23,446,2003,20898.21484375
23,446,2004,23322.4580078125
23,446,2005,22317.0205078125
23,446,2006,22027.4921875
23,446,2007,27551.1396484375
23,446,2008,24444.5625
23,446,2009,21132.546875
23,446,2010,36815.72265625
23,446,2011,37612.859375
23,446,2012,40890.41796875
23,446,2013,40716.35546875
23,447,1994,18018.3486328125
23,447,1995,23873.75390625
23,447,1996,21429.673828125
23,447,1997,15504.64404296875
23,447,1998,22047.15234375
23,447,1999,16710.5478515625
23,447,2000,27738.4326171875
23,447,2001,18062.5771484375
23,447,2002,22778.9072265625
23,447,2003,19934.0537109375
23,447,2004,19886.1494140625
23,447,2005,17773.62939453125
23,447,2006,15129.28076171875
23,447,2007,24834.376953125
23,447,2008,24179.103515625
23,447,2009,19370.58203125
23,447,2010,38940.36328125
23,447,2011,36336.3359375
23,447,2012,34944.73046875
23,447,2013,38166.1171875
23,448,1994,13676.23193359375
23,448,1995,16416.482421875
23,448,1996,18865.376953125
23,448,1997,13724.2490234375
23,448,1998,16034.30419921875
23,448,1999,14780.22119140625
23,448,2000,16713.505859375
23,448,2001,12184.37939453125
23,448,2002,14342.7197265625
23,448,2003,11254.62939453125
23,448,2004,13520.01904296875
23,448,2005,14176.66015625
23,448,2006,10904.22998046875
23,448,2007,15658.88623046875
23,448,2008,15851.5166015625
23,448,2009,7793.05029296875
23,448,2010,16423.80859375
23,448,2011,18602.794921875
23,448,2012,15322.8330078125
23,448,2013,16777.99609375
23,449,1994,26235.46484375
23,449,1995,32076.8671875
23,449,1996,35538.453125
23,449,1997,26310.8349609375
23,449,1998,32237.931640625
23,449,1999,26824.453125
23,449,2000,36131.716796875
23,449,2001,26596.14453125
23,449,2002,31633.5048828125
23,449,2003,28526.634765625
23,449,2004,30488.4619140625
23,449,2005,27915.1748046875
23,449,2006,25281.212890625
23,449,2007,32702.0927734375
23,449,2008,31025.189453125
23,449,2009,21100.373046875
23,449,2010,36953.32421875
23,449,2011,38029.1015625
23,449,2012,38953.8828125
23,449,2013,39704.046875
23,450,1994,14543.14404296875
23,450,1995,17223.251953125
23,450,1996,17229.337890625
23,450,1997,14571.2275390625
23,450,1998,18467.52734375
23,450,1999,16778.623046875
23,450,2000,22806.6728515625
23,450,2001,15807.509765625
23,450,2002,21464.7861328125
23,450,2003,15047.671875
23,450,2004,19076.904296875
23,450,2005,16248.81787109375
23,450,2006,17248.3056640625
23,450,2007,23122.517578125
23,450,2008,18687.681640625
23,450,2009,20213.24609375
23,450,2010,32045.20703125
23,450,2011,32721.7421875
23,450,2012,31243.009765625
23,450,2013,34803.59765625
23,451,1994,38984.796875
23,451,1995,41779.7109375
23,451,1996,43802.1640625
23,451,1997,36830.123046875
23,451,1998,40976.654296875
23,451,1999,39595.205078125
23,451,2000,44127.603515625
23,451,2001,39006.337890625
23,451,2002,42324.55078125
23,451,2003,36048.857421875
23,451,2004,40613.7890625
23,451,2005,37210.734375
23,451,2006,37668.263671875
23,451,2007,43087.482421875
23,451,2008,42922.88671875
23,451,2009,35080.62890625
23,451,2010,44410.359375
23,451,2011,45439.0234375
23,451,2012,45793.4609375
23,451,2013,51430.5
23,452,1994,28299.337890625
23,452,1995,33433.66796875
23,452,1996,36368.9375
23,452,1997,26803.380859375
23,452,1998,34605.560546875
23,452,1999,34294.017578125
23,452,2000,37882.79296875
23,452,2001,28985.56640625
23,452,2002,29963.0166015625
23,452,2003,25334.9912109375
23,452,2004,30153.822265625
23,452,2005,27965.5693359375
23,452,2006,28596.57421875
23,452,2007,38534.501953125
23,452,2008,39672.42578125
23,452,2009,24052.06640625
23,452,2010,31044.50390625
23,452,2011,31934.404296875
23,452,2012,34466.23046875
23,452,2013,39314.73828125
23,453,1994,893.3684997558594
23,453,1995,1043.0223388671875
23,453,1996,955.7274169921876
23,453,1997,853.0549011230469
23,453,1998,1309.8883056640625
23,453,1999,824.5450134277344
23,453,2000,5774.45361328125
23,453,2001,1450.3697814941406
23,453,2002,5309.954772949219
23,453,2003,4312.041748046875
23,453,2004,4143.201416015625
23,453,2005,3209.0787353515625
23,453,2006,4160.591369628906
23,453,2007,8464.823486328125
23,453,2008,5027.89208984375
23,453,2009,7801.80517578125
23,453,2010,18548.875
23,453,2011,15299.6591796875
23,453,2012,15544.8984375
23,453,2013,16551.55078125
23,454,1994,4746.118408203125
23,454,1995,6158.82763671875
23,454,1996,5560.78369140625
23,454,1997,5397.2587890625
23,454,1998,6912.788818359375
23,454,1999,5798.107177734375
23,454,2000,12619.375
23,454,2001,6161.34375
23,454,2002,11656.1240234375
23,454,2003,8374.542724609375
23,454,2004,8440.454833984375
23,454,2005,8156.050048828125
23,454,2006,9420.232666015625
23,454,2007,16378.94921875
23,454,2008,13949.3505859375
23,454,2009,15711.0224609375
23,454,2010,27827.65234375
23,454,2011,24966.09375
23,454,2012,23957.736328125
23,454,2013,24685.34375
23,455,1994,24562.0517578125
23,455,1995,35681.4921875
23,455,1996,30369.240234375
23,455,1997,22603.7421875
23,455,1998,29503.3515625
23,455,1999,30760.775390625
23,455,2000,46770.837890625
23,455,2001,28202.0439453125
23,455,2002,37167.267578125
23,455,2003,30679.3466796875
23,455,2004,32574.236328125
23,455,2005,28033.005859375
23,455,2006,22382.57177734375
23,455,2007,36316.85546875
23,455,2008,34781.3984375
23,455,2009,26190.22265625
23,455,2010,48218.19921875
23,455,2011,50202.56640625
23,455,2012,49636.015625
23,455,2013,50722.72265625
23,456,1994,6965.940185546875
23,456,1995,13063.83203125
23,456,1996,10203.2314453125
23,456,1997,7724.858642578125
23,456,1998,11491.3369140625
23,456,1999,8394.22900390625
23,456,2000,20743.52197265625
23,456,2001,7539.906494140625
23,456,2002,17269.6953125
23,456,2003,9239.798828125
23,456,2004,14865.8955078125
23,456,2005,11097.75732421875
23,456,2006,10144.90625
23,456,2007,19202.072265625
23,456,2008,15676.8583984375
23,456,2009,17449.85546875
23,456,2010,34799.59765625
23,456,2011,33246.9296875
23,456,2012,33763.5546875
23,456,2013,35126.89453125
23,457,1994,9953.30859375
23,457,1995,15810.7236328125
23,457,1996,15582.4912109375
23,457,1997,10390.990234375
23,457,1998,17069.86474609375
23,457,1999,14641.53466796875
23,457,2000,24666.0185546875
23,457,2001,9940.1142578125
23,457,2002,22536.1240234375
23,457,2003,15738.41943359375
23,457,2004,16150.4921875
23,457,2005,15878.4560546875
23,457,2006,14841.66650390625
23,457,2007,24779.7958984375
23,457,2008,19705.466796875
23,457,2009,20157.525390625
23,457,2010,36749.5703125
23,457,2011,35070.28125
23,457,2012,36688.46484375
23,457,2013,37291.8359375
23,458,1994,18913.212890625
23,458,1995,30153.36328125
23,458,1996,28684.779296875
23,458,1997,18483.91650390625
23,458,1998,23425.8203125
23,458,1999,25057.3017578125
23,458,2000,35648.474609375
23,458,2001,26255.1923828125
23,458,2002,26541.2509765625
23,458,2003,19499.2744140625
23,458,2004,22814.40234375
23,458,2005,17404.63330078125
23,458,2006,17300.572265625
23,458,2007,22502.609375
23,458,2008,21958.578125
23,458,2009,18859.443359375
23,458,2010,30214.08984375
23,458,2011,27091.56640625
23,458,2012,28409.775390625
23,458,2013,30429.50390625
23,459,1994,6262.612548828125
23,459,1995,11142.5078125
23,459,1996,7357.6767578125
23,459,1997,5747.558349609375
23,459,1998,5341.162841796875
23,459,1999,5873.406982421875
23,459,2000,13142.158203125
23,459,2001,7809.710693359375
23,459,2002,8700.08935546875
23,459,2003,7217.133056640625
23,459,2004,9805.92431640625
23,459,2005,7145.348876953125
23,459,2006,7023.347412109375
23,459,2007,10848.6845703125
23,459,2008,8383.3466796875
23,459,2009,9371.4208984375
23,459,2010,19315.826171875
23,459,2011,16787.1875
23,459,2012,17318.900390625
23,459,2013,17132.3515625
23,460,1994,8155.663818359375
23,460,1995,9339.6552734375
23,460,1996,8617.390625
23,460,1997,8258.34521484375
23,460,1998,9700.76513671875
23,460,1999,8690.333984375
23,460,2000,14351.3349609375
23,460,2001,8183.216064453125
23,460,2002,12854.1103515625
23,460,2003,10212.434814453125
23,460,2004,11524.92333984375
23,460,2005,9742.505615234375
23,460,2006,10742.435302734375
23,460,2007,15563.11865234375
23,460,2008,13501.580078125
23,460,2009,15346.4189453125
23,460,2010,25058.49609375
23,460,2011,21906.4765625
23,460,2012,21975.775390625
23,460,2013,23947.05859375
23,461,1994,8741.96826171875
23,461,1995,10391.3857421875
23,461,1996,10459.8896484375
23,461,1997,9533.265625
23,461,1998,10735.515625
23,461,1999,9838.869140625
23,461,2000,14350.7099609375
23,461,2001,10076.181640625
23,461,2002,13899.51025390625
23,461,2003,10838.353515625
23,461,2004,12799.63134765625
23,461,2005,10734.3388671875
23,461,2006,11218.96728515625
23,461,2007,13959.5048828125
23,461,2008,12173.123046875
23,461,2009,13044.0849609375
23,461,2010,19113.98828125
23,461,2011,19202.490234375
23,461,2012,19809.212890625
23,461,2013,22362.96484375
23,462,1994,6483.9150390625
23,462,1995,8060.7841796875
23,462,1996,8586.4521484375
23,462,1997,6361.63671875
23,462,1998,9306.61474609375
23,462,1999,7556.281005859375
23,462,2000,12493.67041015625
23,462,2001,6188.937744140625
23,462,2002,10511.76513671875
23,462,2003,8318.322265625
23,462,2004,9095.34228515625
23,462,2005,8110.23486328125
23,462,2006,7310.006591796875
23,462,2007,11316.09912109375
23,462,2008,6776.04833984375
23,462,2009,9062.2060546875
23,462,2010,18977.189453125
23,462,2011,15648.7158203125
23,462,2012,16899.171875
23,462,2013,21281.41796875
23,463,1994,16718.9658203125
23,463,1995,19642.986328125
23,463,1996,18652.306640625
23,463,1997,17046.7900390625
23,463,1998,18518.228515625
23,463,1999,18368.41796875
23,463,2000,23419.90625
23,463,2001,18716.4208984375
23,463,2002,22434.599609375
23,463,2003,19863.716796875
23,463,2004,18318.1396484375
23,463,2005,17419.5947265625
23,463,2006,17819.5908203125
23,463,2007,22937.7265625
23,463,2008,20849.837890625
23,463,2009,22724.025390625
23,463,2010,39283.75390625
23,463,2011,38831.37890625
23,463,2012,41886.765625
23,463,2013,42568.54296875
23,464,1994,7866.702392578125
23,464,1995,12579.6796875
23,464,1996,14954.3544921875
23,464,1997,12436.90625
23,464,1998,14502.6650390625
23,464,1999,13022.6171875
23,464,2000,14286.63720703125
23,464,2001,8383.308349609375
23,464,2002,10190.71875
23,464,2003,9973.89208984375
23,464,2004,8481.060546875
23,464,2005,6713.233642578125
23,464,2006,4992.04296875
23,464,2007,8661.042236328125
23,464,2008,6878.46728515625
23,464,2009,7249.892578125
23,464,2010,13529.0859375
23,464,2011,13441.404296875
23,464,2012,11481.1396484375
23,464,2013,12135.3955078125
23,465,1994,3083.1263427734375
23,465,1995,5156.08251953125
23,465,1996,6162.69775390625
23,465,1997,5623.321044921875
23,465,1998,6625.010986328125
23,465,1999,4879.448974609375
23,465,2000,8070.489501953125
23,465,2001,4489.8328857421875
23,465,2002,6205.740234375
23,465,2003,5586.044189453125
23,465,2004,4032.710205078125
23,465,2005,3380.8853149414062
23,465,2006,3425.5559692382812
23,465,2007,6992.61767578125
23,465,2008,5210.36328125
23,465,2009,6310.134765625
23,465,2010,12233.041015625
23,465,2011,10572.2919921875
23,465,2012,10125.013671875
23,465,2013,10550.357421875
23,466,1994,17938.25634765625
23,466,1995,25818.5625
23,466,1996,26768.974609375
23,466,1997,21604.6875
23,466,1998,30021.978515625
23,466,1999,25008.4169921875
23,466,2000,29035.6337890625
23,466,2001,18842.4951171875
23,466,2002,20265.49072265625
23,466,2003,14715.759765625
23,466,2004,18252.43359375
23,466,2005,20299.4130859375
23,466,2006,15323.04052734375
23,466,2007,19814.341796875
23,466,2008,16859.53125
23,466,2009,16620.40234375
23,466,2010,30920.447265625
23,466,2011,30402.30859375
23,466,2012,27979.62890625
23,466,2013,28815.443359375
23,467,1994,8012.138916015625
23,467,1995,10733.9365234375
23,467,1996,11922.1708984375
23,467,1997,10093.294921875
23,467,1998,13152.79345703125
23,467,1999,12177.69580078125
23,467,2000,14490.55810546875
23,467,2001,10960.6826171875
23,467,2002,9051.5615234375
23,467,2003,8223.919189453125
23,467,2004,9390.58935546875
23,467,2005,9583.53955078125
23,467,2006,7621.803466796875
23,467,2007,11255.7265625
23,467,2008,10632.6494140625
23,467,2009,9705.2236328125
23,467,2010,14416.962890625
23,467,2011,13459.787109375
23,467,2012,13496.19140625
23,467,2013,13430.2431640625
24,468,1994,47192.40625
24,468,1995,59807.58984375
24,468,1996,66419.34375
24,468,1997,62131.79296875
24,468,1998,70057.72265625
24,468,1999,68345.9296875
24,468,2000,110392.15234375
24,468,2001,93772.30859375
24,468,2002,116500.68359375
24,468,2003,113727.109375
24,468,2004,108783.875
24,468,2005,111402.80078125
24,468,2006,120068.296875
24,468,2007,158433.2265625
24,468,2008,138325.8125
24,468,2009,151594.734375
24,468,2010,227494.4375
24,468,2011,203644.03125
24,468,2012,207569.828125
24,468,2013,196623.734375
24,469,1994,45434.16796875
24,469,1995,56655.4296875
24,469,1996,57039.3359375
24,469,1997,54516.07421875
24,469,1998,59489.888671875
24,469,1999,62550.896484375
24,469,2000,72307.85546875
24,469,2001,62152.91796875
24,469,2002,64676.51953125
24,469,2003,61946.888671875
24,469,2004,55177.5390625
24,469,2005,44879.068359375
24,469,2006,43938.4609375
24,469,2007,58764.298828125
24,469,2008,46331.9453125
24,469,2009,64983.81640625
24,469,2010,78157.203125
24,469,2011,76246.5546875
24,469,2012,69430.6640625
24,469,2013,72211.9296875
24,470,1994,20583.0849609375
24,470,1995,27170.466796875
24,470,1996,24580.712890625
24,470,1997,24602.390625
24,470,1998,27329.255859375
24,470,1999,28274.46484375
24,470,2000,33239.3515625
24,470,2001,32593.3251953125
24,470,2002,30946.453125
24,470,2003,30502.333984375
24,470,2004,27776.765625
24,470,2005,23452.45703125
24,470,2006,24170.7431640625
24,470,2007,30000.986328125
24,470,2008,21929.12109375
24,470,2009,28859.025390625
24,470,2010,39982.66015625
24,470,2011,37743.2109375
24,470,2012,32243.625
24,470,2013,32955.3046875
24,471,1994,55915.3359375
24,471,1995,62150.6640625
24,471,1996,65279.859375
24,471,1997,62633.51171875
24,471,1998,58791.6796875
24,471,1999,58369.642578125
24,471,2000,61080.96875
24,471,2001,56823.30078125
24,471,2002,55661.755859375
24,471,2003,52985.26171875
24,471,2004,47845.38671875
24,471,2005,42883.056640625
24,471,2006,41953.625
24,471,2007,45161.2421875
24,471,2008,45537.14453125
24,471,2009,53313.55859375
24,471,2010,52438.8984375
24,471,2011,52199.515625
24,471,2012,50590.1171875
24,471,2013,52142.20703125
24,472,1994,40682.748046875
24,472,1995,49197.328125
24,472,1996,50717.6328125
24,472,1997,46271.802734375
24,472,1998,47767.271484375
24,472,1999,51788.62890625
24,472,2000,62782.388671875
24,472,2001,56828.908203125
24,472,2002,58912.41796875
24,472,2003,55390.40234375
24,472,2004,53405.791015625
24,472,2005,46578.146484375
24,472,2006,43744.34375
24,472,2007,50555.103515625
24,472,2008,44214.42578125
24,472,2009,52899.2578125
24,472,2010,55248.6328125
24,472,2011,55273.69140625
24,472,2012,48902.30078125
24,472,2013,50845.546875
24,473,1994,39155.02734375
24,473,1995,44171.75390625
24,473,1996,46045.06640625
24,473,1997,47878.078125
24,473,1998,43933.830078125
24,473,1999,45025.427734375
24,473,2000,45820.32421875
24,473,2001,45918.55078125
24,473,2002,43660.5078125
24,473,2003,40594.880859375
24,473,2004,38400.685546875
24,473,2005,36380.9375
24,473,2006,36154.4765625
24,473,2007,38614.326171875
24,473,2008,39201.24609375
24,473,2009,42913.68359375
24,473,2010,44201.2578125
24,473,2011,45432.61328125
24,473,2012,49236.49609375
24,473,2013,48094.3515625
24,474,1994,64420.876953125
24,474,1995,78706.1328125
24,474,1996,78870.46875
24,474,1997,79628.90625
24,474,1998,81462.37890625
24,474,1999,82536.26171875
24,474,2000,92406.94140625
24,474,2001,87445.6796875
24,474,2002,86992.24609375
24,474,2003,83260.8125
24,474,2004,80783.18359375
24,474,2005,78827.875
24,474,2006,76980.03515625
24,474,2007,84615.03515625
24,474,2008,81738.09375
24,474,2009,91010.3671875
24,474,2010,100677.859375
24,474,2011,102692.0234375
24,474,2012,99797.984375
24,474,2013,101961.9140625
24,475,1994,42716.298828125
24,475,1995,60274.31640625
24,475,1996,57302.0078125
24,475,1997,59388.98046875
24,475,1998,68220.79296875
24,475,1999,69228.71484375
24,475,2000,84271.01171875
24,475,2001,81587.08984375
24,475,2002,78895.41796875
24,475,2003,73065.02734375
24,475,2004,70108.25390625
24,475,2005,66923.818359375
24,475,2006,62414.27734375
24,475,2007,69490.02734375
24,475,2008,63746.2421875
24,475,2009,67191.8359375
24,475,2010,80254
24,475,2011,78997.046875
24,475,2012,73945.578125
24,475,2013,69797.46875
24,476,1994,83336.2421875
24,476,1995,103198.0234375
24,476,1996,107038.9921875
24,476,1997,107811.6640625
24,476,1998,117302.953125
24,476,1999,120247.74609375
24,476,2000,126699.55078125
24,476,2001,120236.16796875
24,476,2002,116012.1484375
24,476,2003,110170.56640625
24,476,2004,103783.89453125
24,476,2005,100450.203125
24,476,2006,98347.84375
24,476,2007,107125.96875
24,476,2008,104785.3046875
24,476,2009,108148.640625
24,476,2010,114716.8671875
24,476,2011,117521.5703125
24,476,2012,120071.6640625
24,476,2013,114434
24,477,1994,47305.6171875
24,477,1995,66571.15625
24,477,1996,70373.921875
24,477,1997,73559.20703125
24,477,1998,88195.8828125
24,477,1999,95300.953125
24,477,2000,102094.60546875
24,477,2001,90894.37890625
24,477,2002,91964.0703125
24,477,2003,88352.21484375
24,477,2004,83693.75390625
24,477,2005,85223.296875
24,477,2006,89214.74609375
24,477,2007,102838.453125
24,477,2008,96744.1640625
24,477,2009,98315.5546875
24,477,2010,107265.6796875
24,477,2011,107693.9375
24,477,2012,108667.0234375
24,477,2013,105628.40625
24,478,1994,17114.15478515625
24,478,1995,21277.638671875
24,478,1996,22229.138671875
24,478,1997,22108.533203125
24,478,1998,24459.8828125
24,478,1999,24977.5185546875
24,478,2000,26202.4462890625
24,478,2001,23834.37109375
24,478,2002,24209.478515625
24,478,2003,22811.3076171875
24,478,2004,21124.3994140625
24,478,2005,21225.7109375
24,478,2006,21063.6201171875
24,478,2007,22528.763671875
24,478,2008,20821.50390625
24,478,2009,21246.453125
24,478,2010,21339.357421875
24,478,2011,21216.134765625
24,478,2012,21004.74609375
24,478,2013,20450.03125
24,479,1994,75672.46875
24,479,1995,89985.96875
24,479,1996,92627.140625
24,479,1997,92973.671875
24,479,1998,102042.37890625
24,479,1999,105820.77734375
24,479,2000,108721.09765625
24,479,2001,98137.06640625
24,479,2002,96357.36328125
24,479,2003,86639.51953125
24,479,2004,80469.07421875
24,479,2005,76715.671875
24,479,2006,73477.16796875
24,479,2007,78325.484375
24,479,2008,77359.0546875
24,479,2009,80220.5
24,479,2010,81337.984375
24,479,2011,84320.9921875
24,479,2012,82225.140625
24,479,2013,78972.2578125
24,480,1994,44072.626953125
24,480,1995,57325.7890625
24,480,1996,58625.48046875
24,480,1997,55102.826171875
24,480,1998,62808.94921875
24,480,1999,64547.076171875
24,480,2000,70071.8984375
24,480,2001,60254.671875
24,480,2002,59031.07421875
24,480,2003,55797.00390625
24,480,2004,52936.845703125
24,480,2005,49634.228515625
24,480,2006,48178.4375
24,480,2007,53263.150390625
24,480,2008,51056.2890625
24,480,2009,55882.6171875
24,480,2010,59164.8515625
24,480,2011,60077.44921875
24,480,2012,59626.13671875
24,480,2013,56301.2421875
24,481,1994,53179.6484375
24,481,1995,70698.78125
24,481,1996,71940.3671875
24,481,1997,70820.74609375
24,481,1998,78767.3671875
24,481,1999,81130.56640625
24,481,2000,88198.3984375
24,481,2001,79564.23828125
24,481,2002,77050.92578125
24,481,2003,71516.3984375
24,481,2004,68381.66796875
24,481,2005,64661.970703125
24,481,2006,62173.306640625
24,481,2007,69601.9921875
24,481,2008,66436.7109375
24,481,2009,72469.8203125
24,481,2010,75984.21875
24,481,2011,78054.1875
24,481,2012,76613.6875
24,481,2013,74356.1015625
24,482,1994,27923.390625
24,482,1995,32501.0625
24,482,1996,32609.02734375
24,482,1997,32608.4814453125
24,482,1998,32476.0029296875
24,482,1999,32728.12890625
24,482,2000,35627.89453125
24,482,2001,32394.880859375
24,482,2002,32830.8212890625
24,482,2003,31827.76171875
24,482,2004,30534.9951171875
24,482,2005,28927.7373046875
24,482,2006,28218.16796875
24,482,2007,30874.5859375
24,482,2008,30350.498046875
24,482,2009,35086.23046875
24,482,2010,36505.4609375
24,482,2011,37087.7578125
24,482,2012,37521.5703125
24,482,2013,36515.48046875
24,483,1994,33149.255859375
24,483,1995,39429.625
24,483,1996,39126.16796875
24,483,1997,36010.634765625
24,483,1998,37739.01171875
24,483,1999,39347.73828125
24,483,2000,43523.015625
24,483,2001,38928.310546875
24,483,2002,39550.09765625
24,483,2003,37427.35546875
24,483,2004,36705.869140625
24,483,2005,35212.171875
24,483,2006,33250.8408203125
24,483,2007,37033.021484375
24,483,2008,34263.97265625
24,483,2009,38323.00390625
24,483,2010,39758.546875
24,483,2011,42864.19921875
24,483,2012,41016.9140625
24,483,2013,41389.9140625
24,484,1994,22668.0068359375
24,484,1995,29775.783203125
24,484,1996,30491.6640625
24,484,1997,26615.388671875
24,484,1998,27623.638671875
24,484,1999,31756.7490234375
24,484,2000,39487.70703125
24,484,2001,33806.685546875
24,484,2002,34487.73828125
24,484,2003,31957.27734375
24,484,2004,31415.5400390625
24,484,2005,29386.158203125
24,484,2006,27439.4287109375
24,484,2007,33275.119140625
24,484,2008,28159.416015625
24,484,2009,32122.93359375
24,484,2010,38287.75
24,484,2011,41106.36328125
24,484,2012,36726.36328125
24,484,2013,39501.890625
24,485,1994,7452.631103515625
24,485,1995,10687.84765625
24,485,1996,10491.783203125
24,485,1997,9113.4970703125
24,485,1998,9037.13720703125
24,485,1999,11583.353515625
24,485,2000,17584.9814453125
24,485,2001,15975.513671875
24,485,2002,18988.3427734375
24,485,2003,19879.1181640625
24,485,2004,17387.275390625
24,485,2005,16270.85546875
24,485,2006,14890.17138671875
24,485,2007,18129.142578125
24,485,2008,16553.9609375
24,485,2009,15937.69921875
24,485,2010,22796.916015625
24,485,2011,24989.109375
24,485,2012,21591.41796875
24,485,2013,23175.08984375
24,486,1994,62674.279296875
24,486,1995,75501.6640625
24,486,1996,74546.328125
24,486,1997,69851.78125
24,486,1998,70968.421875
24,486,1999,74102.82421875
24,486,2000,82383.3984375
24,486,2001,74148.32421875
24,486,2002,76095.69140625
24,486,2003,73709.02734375
24,486,2004,69159.8046875
24,486,2005,66163.26171875
24,486,2006,64524.373046875
24,486,2007,72201.6328125
24,486,2008,71197.1875
24,486,2009,75538.1171875
24,486,2010,85142.1328125
24,486,2011,84876.3984375
24,486,2012,82530.828125
24,486,2013,78842.65625
24,487,1994,9132.521728515625
24,487,1995,10257.8603515625
24,487,1996,9694.259765625
24,487,1997,8644.221923828125
24,487,1998,9669.4208984375
24,487,1999,12021.11474609375
24,487,2000,15437.166015625
24,487,2001,11504.61865234375
24,487,2002,12080.6025390625
24,487,2003,11886.01220703125
24,487,2004,10757.9541015625
24,487,2005,10515.3310546875
24,487,2006,11025.3486328125
24,487,2007,14112.85107421875
24,487,2008,11317.5751953125
24,487,2009,12429.5126953125
24,487,2010,17665.125
24,487,2011,17871.671875
24,487,2012,14101.392578125
24,487,2013,13440.0966796875
24,488,1994,60204.83984375
24,488,1995,71411.25
24,488,1996,78253.265625
24,488,1997,79269.4921875
24,488,1998,82911.0390625
24,488,1999,84355.0078125
24,488,2000,82686.83984375
24,488,2001,78357.17578125
24,488,2002,75219.28125
24,488,2003,63426.8125
24,488,2004,55943.27734375
24,488,2005,54794.119140625
24,488,2006,53511.298828125
24,488,2007,57706.431640625
24,488,2008,59787.21484375
24,488,2009,67890.671875
24,488,2010,70067.8046875
24,488,2011,69370.03125
24,488,2012,71632.2578125
24,488,2013,71628.71875
24,489,1994,843.2047424316406
24,489,1995,1135.9698486328125
24,489,1996,1447.7564697265625
24,489,1997,1230.543701171875
24,489,1998,1249.0350341796875
24,489,1999,1596.3848266601562
24,489,2000,3132.494873046875
24,489,2001,2406.4046020507812
24,489,2002,2488.87158203125
24,489,2003,2431.6514892578125
24,489,2004,2024.9566040039062
24,489,2005,2342.1226806640625
24,489,2006,2480.0045166015625
24,489,2007,4020.13037109375
24,489,2008,2777.13720703125
24,489,2009,3075.718017578125
24,489,2010,6403.28173828125
24,489,2011,5897.880859375
24,489,2012,5052.4853515625
24,489,2013,5174.22900390625
24,490,1994,18840.6455078125
24,490,1995,21673.94921875
24,490,1996,22320.6796875
24,490,1997,21068.54296875
24,490,1998,22447.5693359375
24,490,1999,22650.9375
24,490,2000,24034.927734375
24,490,2001,23125.4658203125
24,490,2002,22689.71484375
24,490,2003,22360.3671875
24,490,2004,20743.94921875
24,490,2005,20301.3447265625
24,490,2006,19434.4189453125
24,490,2007,21281.41796875
24,490,2008,20149.75
24,490,2009,21636.1640625
24,490,2010,23441.896484375
24,490,2011,23623.267578125
24,490,2012,22411.015625
24,490,2013,22940.859375
24,491,1994,22817.943359375
24,491,1995,26149.474609375
24,491,1996,26760.42578125
24,491,1997,26997.5166015625
24,491,1998,28825.099609375
24,491,1999,29393.2099609375
24,491,2000,32188.3876953125
24,491,2001,30481.41796875
24,491,2002,29806.099609375
24,491,2003,28848.0322265625
24,491,2004,27743.7724609375
24,491,2005,28375.01171875
24,491,2006,26980.8193359375
24,491,2007,31981.416015625
24,491,2008,31800.484375
24,491,2009,32178.439453125
24,491,2010,36026.04296875
24,491,2011,36972.546875
24,491,2012,36449.86328125
24,491,2013,37037.1171875
24,492,1994,62148.568359375
24,492,1995,66472.7890625
24,492,1996,68271.5078125
24,492,1997,70590.19921875
24,492,1998,75862.13671875
24,492,1999,78679.359375
24,492,2000,78923.7109375
24,492,2001,79042.9375
24,492,2002,77142.26171875
24,492,2003,70822.890625
24,492,2004,69406.66015625
24,492,2005,66387.03515625
24,492,2006,68808.60546875
24,492,2007,71877.4765625
24,492,2008,70468.796875
24,492,2009,77483.9765625
24,492,2010,81346.21875
24,492,2011,79884.9609375
24,492,2012,80560.8125
24,492,2013,82344.546875
24,493,1994,14298.11474609375
24,493,1995,16104.8427734375
24,493,1996,16879.125
24,493,1997,14838.91015625
24,493,1998,16697.54052734375
24,493,1999,18444.6845703125
24,493,2000,21938.455078125
24,493,2001,19032.7158203125
24,493,2002,18834.5341796875
24,493,2003,18210.556640625
24,493,2004,16780.32373046875
24,493,2005,16493.984375
24,493,2006,17029.26953125
24,493,2007,20430.642578125
24,493,2008,18852.4765625
24,493,2009,19876.484375
24,493,2010,23572.3671875
24,493,2011,24693.908203125
24,493,2012,21417.58984375
24,493,2013,21748.734375
25,494,1994,842.3758850097656
25,494,1995,833.81817626953125
25,494,1996,909.073974609375
25,494,1997,1099.6998901367188
25,494,1998,994.7286071777344
25,494,1999,979.3443603515625
25,494,2000,912.7483825683594
25,494,2001,926.73663330078125
25,494,2002,974.8262023925781
25,494,2003,976.6127014160156
25,494,2004,1102.1434936523438
25,494,2005,1042.2208862304688
25,494,2006,1053.5907287597656
25,494,2007,1026.1095886230469
25,494,2008,1035.421875
25,494,2009,1351.4337158203125
25,494,2010,1327.5321044921875
25,494,2011,1279.06103515625
25,494,2012,1130.285400390625
25,494,2013,1206.1546630859375
25,495,1994,2614.903564453125
25,495,1995,3145.724365234375
25,495,1996,3549.258544921875
25,495,1997,3915.501220703125
25,495,1998,3858.1624755859375
25,495,1999,4024.787841796875
25,495,2000,4055.919189453125
25,495,2001,4157.545166015625
25,495,2002,4247.599853515625
25,495,2003,4395.222412109375
25,495,2004,4350.28125
25,495,2005,4346.13232421875
25,495,2006,4418.16015625
25,495,2007,4748.4072265625
25,495,2008,5048.55224609375
25,495,2009,4928.5712890625
25,495,2010,5134.6337890625
25,495,2011,4863.9755859375
25,495,2012,5052.15966796875
25,495,2013,5422.06884765625
26,496,1994,2992.298095703125
26,496,1995,4289.814453125
26,496,1996,5401.541015625
26,496,1997,5833.697265625
26,496,1998,6795.55712890625
26,496,1999,6967.77099609375
26,496,2000,7503.20849609375
26,496,2001,7683.6455078125
26,496,2002,7934.028564453125
26,496,2003,7874.777587890625
26,496,2004,8931.19482421875
26,496,2005,8881.97705078125
26,496,2006,8941.62353515625
26,496,2007,10891.07763671875
26,496,2008,11886.7734375
26,496,2009,12224.5615234375
26,496,2010,12968.4951171875
26,496,2011,14016.7392578125
26,496,2012,13494.55078125
26,496,2013,14568.8837890625
27,497,1994,23562.54296875
27,497,1995,25660.099609375
27,497,1996,30700.869140625
27,497,1997,26079.9267578125
27,497,1998,28436.8046875
27,497,1999,29854.9560546875
27,497,2000,33422.1123046875
27,497,2001,28255.025390625
27,497,2002,29140.201171875
27,497,2003,28528.2236328125
27,497,2004,28249.4716796875
27,497,2005,24406.58203125
27,497,2006,22120.060546875
27,497,2007,30349.908203125
27,497,2008,25686.537109375
27,497,2009,29546.732421875
27,497,2010,36787.5546875
27,497,2011,39077.078125
27,497,2012,34155.546875
27,497,2013,31685.875
27,498,1994,36793.123046875
27,498,1995,42751.234375
27,498,1996,47407.61328125
27,498,1997,38637.68359375
27,498,1998,42972.4453125
27,498,1999,42068.833984375
27,498,2000,48706.6328125
27,498,2001,45378.11328125
27,498,2002,44424.173828125
27,498,2003,43003.451171875
27,498,2004,41821.48828125
27,498,2005,36378.69921875
27,498,2006,29357.4267578125
27,498,2007,37677.537109375
27,498,2008,29493.482421875
27,498,2009,37456.1640625
27,498,2010,43742.80859375
27,498,2011,44138.859375
27,498,2012,38953.34375
27,498,2013,38121.94140625
27,499,1994,74996.5
27,499,1995,86978.234375
27,499,1996,96772.8828125
27,499,1997,84976.60546875
27,499,1998,95359.5546875
27,499,1999,94283.66015625
27,499,2000,102513.546875
27,499,2001,94386.47265625
27,499,2002,94309.90234375
27,499,2003,91489.02734375
27,499,2004,90162.2109375
27,499,2005,79205.98046875
27,499,2006,71046.3359375
27,499,2007,83382.47265625
27,499,2008,76874.0390625
27,499,2009,85470.453125
27,499,2010,88849.3828125
27,499,2011,96665.9296875
27,499,2012,87686.765625
27,499,2013,73712.6796875
27,500,1994,44765.580078125
27,500,1995,59921.28515625
27,500,1996,59392.23046875
27,500,1997,51494.615234375
27,500,1998,61032.921875
27,500,1999,62886.880859375
27,500,2000,71310.390625
27,500,2001,62796.990234375
27,500,2002,63306.20703125
27,500,2003,62640.345703125
27,500,2004,58243.00390625
27,500,2005,52093.236328125
27,500,2006,39999.501953125
27,500,2007,55956.30078125
27,500,2008,48948.01953125
27,500,2009,53131.3125
27,500,2010,62797.34765625
27,500,2011,70105.3671875
27,500,2012,67545.34375
27,500,2013,61093.14453125
27,501,1994,30786.8544921875
27,501,1995,41080.81640625
27,501,1996,41786.8515625
27,501,1997,36127.173828125
27,501,1998,43841.92578125
27,501,1999,43151.94140625
27,501,2000,48891.57421875
27,501,2001,44592.509765625
27,501,2002,43448.556640625
27,501,2003,43059.251953125
27,501,2004,40140.37890625
27,501,2005,36047.9140625
27,501,2006,28034.49609375
27,501,2007,34397.88671875
27,501,2008,35921.0078125
27,501,2009,35405.3515625
27,501,2010,43373.8984375
27,501,2011,46329.27734375
27,501,2012,47369.08203125
27,501,2013,44172.7578125
27,502,1994,20037.521484375
27,502,1995,26474.15625
27,502,1996,24747.357421875
27,502,1997,20987.111328125
27,502,1998,29735.763671875
27,502,1999,30364.5947265625
27,502,2000,34873.9375
27,502,2001,30793.06640625
27,502,2002,32233.88671875
27,502,2003,30520.6337890625
27,502,2004,26640.67578125
27,502,2005,22089.90234375
27,502,2006,17186.85498046875
27,502,2007,26208.5712890625
27,502,2008,27203.333984375
27,502,2009,24735.7421875
27,502,2010,31960.58984375
27,502,2011,37039.08203125
27,502,2012,36651.61328125
27,502,2013,31533.83984375
27,503,1994,53216.015625
27,503,1995,67788.8515625
27,503,1996,69929.1328125
27,503,1997,59965.466796875
27,503,1998,70705.30859375
27,503,1999,67548.47265625
27,503,2000,79805.37109375
27,503,2001,72036.18359375
27,503,2002,71557.07421875
27,503,2003,70653.9921875
27,503,2004,70169.97265625
27,503,2005,59954.06640625
27,503,2006,47952.177734375
27,503,2007,62563.615234375
27,503,2008,60471.62890625
27,503,2009,57179.08984375
27,503,2010,79747.984375
27,503,2011,83109.5546875
27,503,2012,84794.703125
27,503,2013,81902.890625
27,504,1994,23112.6884765625
27,504,1995,31827.189453125
27,504,1996,34097.546875
27,504,1997,29803.2900390625
27,504,1998,37520.634765625
27,504,1999,32089.6328125
27,504,2000,41788.984375
27,504,2001,35833.958984375
27,504,2002,40860.39453125
27,504,2003,35699.265625
27,504,2004,38234.244140625
27,504,2005,31032.2294921875
27,504,2006,27455.9833984375
27,504,2007,38234.275390625
27,504,2008,37497.4140625
27,504,2009,29700.44921875
27,504,2010,40784.109375
27,504,2011,46501.41015625
27,504,2012,46258.01171875
27,504,2013,44470.640625
27,505,1994,61655.01171875
27,505,1995,72470.7890625
27,505,1996,79530.0390625
27,505,1997,70601.51953125
27,505,1998,82263.85546875
27,505,1999,78770.30859375
27,505,2000,90823.765625
27,505,2001,78133.23828125
27,505,2002,87671.34765625
27,505,2003,79361.30078125
27,505,2004,83535.06640625
27,505,2005,77253.9453125
27,505,2006,71142.40625
27,505,2007,83453.71484375
27,505,2008,84170.84375
27,505,2009,82947.8046875
27,505,2010,99675.53125
27,505,2011,104698.234375
27,505,2012,104859.359375
27,505,2013,102202.390625
27,506,1994,18092.798828125
27,506,1995,22653.828125
27,506,1996,23937.53125
27,506,1997,20472.6865234375
27,506,1998,25086.689453125
27,506,1999,23350.71484375
27,506,2000,28993.529296875
27,506,2001,21918.458984375
27,506,2002,26650.81640625
27,506,2003,21967.7724609375
27,506,2004,26535.63671875
27,506,2005,22895.107421875
27,506,2006,21016.4990234375
27,506,2007,25272.4365234375
27,506,2008,24381.189453125
27,506,2009,23639.263671875
27,506,2010,28110.935546875
27,506,2011,28871.779296875
27,506,2012,30156.08203125
27,506,2013,27940.486328125
27,507,1994,11883.25
27,507,1995,17567.158203125
27,507,1996,17513.732421875
27,507,1997,14490.30029296875
27,507,1998,19888.0859375
27,507,1999,17001.58154296875
27,507,2000,24997.072265625
27,507,2001,15180.61962890625
27,507,2002,22738.337890625
27,507,2003,16527.39013671875
27,507,2004,21662.765625
27,507,2005,19634.0478515625
27,507,2006,18590.5185546875
27,507,2007,24328.60546875
27,507,2008,22570.927734375
27,507,2009,21042.689453125
27,507,2010,28197.736328125
27,507,2011,29702.41796875
27,507,2012,31673.69140625
27,507,2013,28584.12109375
27,508,1994,9237.57568359375
27,508,1995,13153.4404296875
27,508,1996,14164.119140625
27,508,1997,11859.0205078125
27,508,1998,15413.15625
27,508,1999,13508.205078125
27,508,2000,31334.4375
27,508,2001,14328.5087890625
27,508,2002,28756.9560546875
27,508,2003,18481.19189453125
27,508,2004,22066.9228515625
27,508,2005,19841.37939453125
27,508,2006,21699.24462890625
27,508,2007,35106.1611328125
27,508,2008,24682.634765625
27,508,2009,28475.078125
27,508,2010,52499.703125
27,508,2011,46601.92578125
27,508,2012,46262.03515625
27,508,2013,43975.5
27,509,1994,34591.533203125
27,509,1995,44084.45703125
27,509,1996,51189.19140625
27,509,1997,46398.125
27,509,1998,57142.810546875
27,509,1999,52639.0546875
27,509,2000,65280.94140625
27,509,2001,48916.640625
27,509,2002,64902.30859375
27,509,2003,45864.1796875
27,509,2004,54886.01171875
27,509,2005,50357.150390625
27,509,2006,47667.783203125
27,509,2007,60899.115234375
27,509,2008,59387.8046875
27,509,2009,58356.23046875
27,509,2010,79713.4609375
27,509,2011,80299.0703125
27,509,2012,76688.0078125
27,509,2013,75211.7578125
27,510,1994,34839.576171875
27,510,1995,48678.2890625
27,510,1996,55681.90234375
27,510,1997,53665.3828125
27,510,1998,69061.25390625
27,510,1999,62012.451171875
27,510,2000,81352.8515625
27,510,2001,71445.40234375
27,510,2002,79153.08984375
27,510,2003,74694.15625
27,510,2004,74549.25
27,510,2005,63359.7265625
27,510,2006,55671.5703125
27,510,2007,75365.51171875
27,510,2008,80300.890625
27,510,2009,63983.59765625
27,510,2010,90235.859375
27,510,2011,93956.75
27,510,2012,101431.40625
27,510,2013,92420.75
27,511,1994,49077.435546875
27,511,1995,58478.78515625
27,511,1996,64684.40625
27,511,1997,51016.8203125
27,511,1998,64707.9296875
27,511,1999,60232.2421875
27,511,2000,71980.25
27,511,2001,64453.6171875
27,511,2002,69276.3125
27,511,2003,65673.029296875
27,511,2004,58582.95703125
27,511,2005,55609.455078125
27,511,2006,47783.74609375
27,511,2007,64626.216796875
27,511,2008,72563.1171875
27,511,2009,57151.828125
27,511,2010,74308.6640625
27,511,2011,78911.078125
27,511,2012,81632.4375
27,511,2013,69585.3203125
27,512,1994,20631.779296875
27,512,1995,24800.263671875
27,512,1996,26380.408203125
27,512,1997,20569.2724609375
27,512,1998,24074.529296875
27,512,1999,24119.7685546875
27,512,2000,30875.26171875
27,512,2001,26536.08984375
27,512,2002,27257.703125
27,512,2003,26604.078125
27,512,2004,22184.8291015625
27,512,2005,21418.2099609375
27,512,2006,17748.22802734375
27,512,2007,23692.5673828125
27,512,2008,25515.44921875
27,512,2009,22850.2109375
27,512,2010,30133.4921875
27,512,2011,32663.095703125
27,512,2012,31672.24609375
27,512,2013,27824.76953125
27,513,1994,30436.1337890625
27,513,1995,39229.9375
27,513,1996,41920.7578125
27,513,1997,35714.49609375
27,513,1998,41736.6171875
27,513,1999,42352.849609375
27,513,2000,48916.126953125
27,513,2001,44944.435546875
27,513,2002,45168.576171875
27,513,2003,49365.869140625
27,513,2004,41848.7734375
27,513,2005,33819.03515625
27,513,2006,29823.7099609375
27,513,2007,42058.388671875
27,513,2008,41478.0625
27,513,2009,42307.76953125
27,513,2010,47642.9921875
27,513,2011,50641.42578125
27,513,2012,49401.7890625
27,513,2013,47927.05859375
27,514,1994,29102.0029296875
27,514,1995,42773.5625
27,514,1996,45066.4140625
27,514,1997,37228.490234375
27,514,1998,46832.712890625
27,514,1999,43331.609375
27,514,2000,53741.26953125
27,514,2001,50672.623046875
27,514,2002,51751.888671875
27,514,2003,53766.16796875
27,514,2004,46329.94140625
27,514,2005,38111.2421875
27,514,2006,29686.7998046875
27,514,2007,48390.80859375
27,514,2008,44876.25390625
27,514,2009,46053.765625
27,514,2010,53508.96875
27,514,2011,60896.5625
27,514,2012,56257.59375
27,514,2013,49066.76953125
27,515,1994,61895.330078125
27,515,1995,77510.421875
27,515,1996,84065.515625
27,515,1997,72231.08984375
27,515,1998,84023.47265625
27,515,1999,83983.921875
27,515,2000,91898.984375
27,515,2001,86971.125
27,515,2002,86972.15625
27,515,2003,87090.18359375
27,515,2004,85680.12109375
27,515,2005,68151.30859375
27,515,2006,59523.0859375
27,515,2007,75975.5234375
27,515,2008,76282.921875
27,515,2009,74433.3984375
27,515,2010,81343.21875
27,515,2011,91220.6171875
27,515,2012,85144.078125
27,515,2013,73800.5390625
27,516,1994,107757.24609375
27,516,1995,126624.921875
27,516,1996,142399.875
27,516,1997,146533.921875
27,516,1998,144599.46875
27,516,1999,144310.171875
27,516,2000,146668.7734375
27,516,2001,141408.1328125
27,516,2002,134449.83203125
27,516,2003,135593.859375
27,516,2004,132920.56640625
27,516,2005,107610.3671875
27,516,2006,107282.37890625
27,516,2007,119338.953125
27,516,2008,108878.421875
27,516,2009,112563.796875
27,516,2010,130810.4140625
27,516,2011,139048.375
27,516,2012,136046.0625
27,516,2013,129203.5546875
27,517,1994,88900.51953125
27,517,1995,101612.390625
27,517,1996,104516.9140625
27,517,1997,106842.1171875
27,517,1998,120661.62890625
27,517,1999,118974.07421875
27,517,2000,124826.578125
27,517,2001,120072.48828125
27,517,2002,119495.296875
27,517,2003,114657.83984375
27,517,2004,111895.3359375
27,517,2005,109158.67578125
27,517,2006,101863.3125
27,517,2007,109061.41796875
27,517,2008,110361.46875
27,517,2009,120723.34375
27,517,2010,132492.203125
27,517,2011,137981.9375
27,517,2012,143792.796875
27,517,2013,142307.671875
27,518,1994,28972.712890625
27,518,1995,30090.26171875
27,518,1996,30642.2421875
27,518,1997,30378.037109375
27,518,1998,29960.970703125
27,518,1999,30846.12890625
27,518,2000,30175.0732421875
27,518,2001,30757.978515625
27,518,2002,30408.4912109375
27,518,2003,30205.6474609375
27,518,2004,29890.791015625
27,518,2005,30434.7177734375
27,518,2006,30754.416015625
27,518,2007,30769.419921875
27,518,2008,31134.333984375
27,518,2009,30994.869140625
27,518,2010,31043.8359375
27,518,2011,30413.5
27,518,2012,31250.955078125
27,518,2013,31155.576171875
27,519,1994,8447.876953125
27,519,1995,8486.3671875
27,519,1996,8752.4482421875
27,519,1997,8586.072265625
27,519,1998,8419.419921875
27,519,1999,8528.85595703125
27,519,2000,8304.11767578125
27,519,2001,8499.0546875
27,519,2002,8517.46826171875
27,519,2003,8457.0986328125
27,519,2004,8541.9736328125
27,519,2005,8499.869140625
27,519,2006,8502.33203125
27,519,2007,8501.23095703125
27,519,2008,8500.498046875
27,519,2009,8534.9189453125
27,519,2010,8270.2431640625
27,519,2011,8215.89453125
27,519,2012,8290.7021484375
27,519,2013,8413.966796875
27,520,1994,65057.330078125
27,520,1995,76446.640625
27,520,1996,77682.25
27,520,1997,74885.73828125
27,520,1998,84838.84375
27,520,1999,83098.09375
27,520,2000,84589.41796875
27,520,2001,81004.37109375
27,520,2002,80109.25
27,520,2003,78059.22265625
27,520,2004,76993.765625
27,520,2005,68047.12890625
27,520,2006,60552.71484375
27,520,2007,68999.109375
27,520,2008,72257.8828125
27,520,2009,81188.328125
27,520,2010,87016.3203125
27,520,2011,89177.0859375
27,520,2012,91156.890625
27,520,2013,91838.0859375
27,521,1994,142136.5625
27,521,1995,167695.5625
27,521,1996,180612.546875
27,521,1997,173880.53125
27,521,1998,193524.640625
27,521,1999,199650.046875
27,521,2000,205851.9375
27,521,2001,203440.2890625
27,521,2002,191773.8671875
27,521,2003,194946.5703125
27,521,2004,191164.9375
27,521,2005,171898.9375
27,521,2006,176649.78125
27,521,2007,191194.4765625
27,521,2008,199796.125
27,521,2009,214315.625
27,521,2010,227869.671875
27,521,2011,238947.171875
27,521,2012,242809.125
27,521,2013,243263.515625
27,522,1994,109295.6953125
27,522,1995,133332.328125
27,522,1996,150329.8125
27,522,1997,135728.0625
27,522,1998,154761.78125
27,522,1999,146245.2109375
27,522,2000,156868.96875
27,522,2001,157669.2265625
27,522,2002,144812.2265625
27,522,2003,150125.4765625
27,522,2004,142927.34375
27,522,2005,113534.1484375
27,522,2006,112090.625
27,522,2007,130580.515625
27,522,2008,133109.453125
27,522,2009,131504.140625
27,522,2010,147696.078125
27,522,2011,168405.015625
27,522,2012,167210.796875
27,522,2013,152955.96875
27,523,1994,47667.806640625
27,523,1995,61804.33203125
27,523,1996,69183.515625
27,523,1997,60328.98828125
27,523,1998,70901.6328125
27,523,1999,66729.41796875
27,523,2000,77212.77734375
27,523,2001,75665.10546875
27,523,2002,76251.4296875
27,523,2003,81598.10546875
27,523,2004,72881.55078125
27,523,2005,59929.41015625
27,523,2006,50837.375
27,523,2007,71637.171875
27,523,2008,75758.375
27,523,2009,70952.390625
27,523,2010,81528.234375
27,523,2011,87935.2734375
27,523,2012,87164.890625
27,523,2013,74512.3984375
27,524,1994,43763.50390625
27,524,1995,49535.78515625
27,524,1996,54019.02734375
27,524,1997,45954.9609375
27,524,1998,53873.72265625
27,524,1999,52648.947265625
27,524,2000,59299.23046875
27,524,2001,56017.1796875
27,524,2002,54404.14453125
27,524,2003,56555.9296875
27,524,2004,52250.595703125
27,524,2005,46943.33203125
27,524,2006,39158.517578125
27,524,2007,57665.697265625
27,524,2008,56851.359375
27,524,2009,52910.3984375
27,524,2010,56187.5
27,524,2011,57600.234375
27,524,2012,59909.73828125
27,524,2013,55607.421875
27,525,1994,38912.138671875
27,525,1995,47064.44140625
27,525,1996,52690.34765625
27,525,1997,47574.42578125
27,525,1998,53802.822265625
27,525,1999,52438.369140625
27,525,2000,57494.57421875
27,525,2001,55166.384765625
27,525,2002,54474.33203125
27,525,2003,53747.43359375
27,525,2004,48973.009765625
27,525,2005,42284.25
27,525,2006,38983.912109375
27,525,2007,52236.736328125
27,525,2008,54778.25390625
27,525,2009,47943.0859375
27,525,2010,57119.58203125
27,525,2011,61127.05078125
27,525,2012,61411.703125
27,525,2013,53337.76171875
27,526,1994,91703.19140625
27,526,1995,105780.4296875
27,526,1996,124232.984375
27,526,1997,118539.76953125
27,526,1998,130519.08984375
27,526,1999,127045.33203125
27,526,2000,136435.8515625
27,526,2001,140088.09375
27,526,2002,129079.5390625
27,526,2003,129020.02734375
27,526,2004,119741.875
27,526,2005,105971.3671875
27,526,2006,104362.3046875
27,526,2007,117990.34375
27,526,2008,127635.609375
27,526,2009,126567.5625
27,526,2010,142533.984375
27,526,2011,155450.6875
27,526,2012,159343.5
27,526,2013,151049.421875
27,527,1994,61788.39453125
27,527,1995,76144.96875
27,527,1996,83402.7734375
27,527,1997,72321.1484375
27,527,1998,88306
27,527,1999,88968.984375
27,527,2000,89589.1640625
27,527,2001,88553.24609375
27,527,2002,84648.1875
27,527,2003,83271.71875
27,527,2004,73710.23046875
27,527,2005,66707.85546875
27,527,2006,64310.43359375
27,527,2007,72977.25390625
27,527,2008,73812.109375
27,527,2009,78815.828125
27,527,2010,89679.1640625
27,527,2011,97971.6171875
27,527,2012,96401.0078125
27,527,2013,93758.03125
27,528,1994,19003.5859375
27,528,1995,27091.232421875
27,528,1996,25417.96875
27,528,1997,27744.9501953125
27,528,1998,42036.884765625
27,528,1999,37155.279296875
27,528,2000,41235.91796875
27,528,2001,38968.65234375
27,528,2002,36992.08984375
27,528,2003,34925.107421875
27,528,2004,37508.576171875
27,528,2005,37850.75390625
27,528,2006,33351.0283203125
27,528,2007,40399.05859375
27,528,2008,41415.546875
27,528,2009,39826.18359375
27,528,2010,51521.36328125
27,528,2011,48728.75
27,528,2012,52542.328125
27,528,2013,51449.91796875
27,529,1994,9944.80224609375
27,529,1995,12938.423828125
27,529,1996,14081.236328125
27,529,1997,15136.1552734375
27,529,1998,20407.53369140625
27,529,1999,20367.611328125
27,529,2000,23638.6787109375
27,529,2001,21371.50390625
27,529,2002,21294.73974609375
27,529,2003,22977.462890625
27,529,2004,21712.1669921875
27,529,2005,22762.09375
27,529,2006,20602.98828125
27,529,2007,24999.4013671875
27,529,2008,22003.4296875
27,529,2009,22610.02734375
27,529,2010,29138.330078125
27,529,2011,29185.21484375
27,529,2012,28042.84765625
27,529,2013,29334.52734375
27,530,1994,51757.85546875
27,530,1995,60120.91015625
27,530,1996,65208.55078125
27,530,1997,57628.833984375
27,530,1998,68434.33984375
27,530,1999,69612.94140625
27,530,2000,71301.87890625
27,530,2001,72654.0625
27,530,2002,68145.7578125
27,530,2003,68628.787109375
27,530,2004,58175.19140625
27,530,2005,56896.490234375
27,530,2006,59433.62109375
27,530,2007,66994.712890625
27,530,2008,70266.3984375
27,530,2009,81541.40625
27,530,2010,80970.09375
27,530,2011,82302.6953125
27,530,2012,79537.234375
27,530,2013,83707.5
27,531,1994,54970.31640625
27,531,1995,60875.3828125
27,531,1996,69508.8828125
27,531,1997,61287.486328125
27,531,1998,75936.32421875
27,531,1999,78126.24609375
27,531,2000,79997.53515625
27,531,2001,77341.8046875
27,531,2002,73162.66796875
27,531,2003,72391.13671875
27,531,2004,64085.8046875
27,531,2005,58653.765625
27,531,2006,59229.619140625
27,531,2007,62088.40625
27,531,2008,63108.6953125
27,531,2009,64206.58984375
27,531,2010,73123.5859375
27,531,2011,81206.40625
27,531,2012,82740.2890625
27,531,2013,82157.390625
28,532,1994,47646.140625
28,532,1995,60188.015625
28,532,1996,67742.375
28,532,1997,52139.41796875
28,532,1998,69375.640625
28,532,1999,66153.91796875
28,532,2000,86240.56640625
28,532,2001,76494.29296875
28,532,2002,79983.7421875
28,532,2003,73903.734375
28,532,2004,76781.7421875
28,532,2005,73616.09765625
28,532,2006,78422.8203125
28,532,2007,95009.41796875
28,532,2008,105001.5390625
28,532,2009,99128.6875
28,532,2010,120971.0859375
28,532,2011,114800.6953125
28,532,2012,117961.65625
28,532,2013,111534.515625
28,533,1994,54765.126953125
28,533,1995,62812.4296875
28,533,1996,73346.7109375
28,533,1997,57993.193359375
28,533,1998,79195.30078125
28,533,1999,74908.33203125
28,533,2000,81396.34375
28,533,2001,81531.28515625
28,533,2002,79399.70703125
28,533,2003,79805.35546875
28,533,2004,79281.48046875
28,533,2005,71351.11328125
28,533,2006,75777.5078125
28,533,2007,84569.94921875
28,533,2008,87686.1015625
28,533,2009,91462.765625
28,533,2010,95954.6015625
28,533,2011,93998.859375
28,533,2012,95040.546875
28,533,2013,87020.71875
28,534,1994,77730.99609375
28,534,1995,94782.65625
28,534,1996,105980.6640625
28,534,1997,90736.93359375
28,534,1998,103989.12890625
28,534,1999,102793.20703125
28,534,2000,115040.3203125
28,534,2001,106882.6484375
28,534,2002,108272.4609375
28,534,2003,109957.62109375
28,534,2004,109344.140625
28,534,2005,103079.99609375
28,534,2006,107115.12890625
28,534,2007,121423.62109375
28,534,2008,124832.9453125
28,534,2009,138853.25
28,534,2010,142709.125
28,534,2011,139986.640625
28,534,2012,141094.234375
28,534,2013,135386.359375
28,535,1994,58581.4609375
28,535,1995,69131.3046875
28,535,1996,78002.8828125
28,535,1997,67528.44921875
28,535,1998,83671.3359375
28,535,1999,83269.2421875
28,535,2000,93345.92578125
28,535,2001,89479.5078125
28,535,2002,88659.53125
28,535,2003,90590.86328125
28,535,2004,91507.34765625
28,535,2005,89870.921875
28,535,2006,92045.60546875
28,535,2007,104863.98046875
28,535,2008,107841.8046875
28,535,2009,115474.9921875
28,535,2010,124655.2578125
28,535,2011,127222.8125
28,535,2012,132070.765625
28,535,2013,124280.8671875
28,536,1994,20967.759765625
28,536,1995,21065.736328125
28,536,1996,21489.8515625
28,536,1997,21387.7158203125
28,536,1998,21193.36328125
28,536,1999,21538.59375
28,536,2000,21323.1220703125
28,536,2001,21633.1220703125
28,536,2002,21485.16796875
28,536,2003,21661.9267578125
28,536,2004,21579.544921875
28,536,2005,21706.9013671875
28,536,2006,21769.4560546875
28,536,2007,21713.5185546875
28,536,2008,21784.19921875
28,536,2009,21847.81640625
28,536,2010,21280.287109375
28,536,2011,21194.658203125
28,536,2012,21308.544921875
28,536,2013,21311.07421875
28,537,1994,78104.34765625
28,537,1995,86414.3359375
28,537,1996,98063.6015625
28,537,1997,93417.3046875
28,537,1998,103896.9921875
28,537,1999,105943.35546875
28,537,2000,111729.00390625
28,537,2001,111194.140625
28,537,2002,112748.92578125
28,537,2003,112061.21875
28,537,2004,116951.80859375
28,537,2005,118892.578125
28,537,2006,123319.40234375
28,537,2007,133553.9453125
28,537,2008,142657.859375
28,537,2009,149551.203125
28,537,2010,161911.390625
28,537,2011,161363.28125
28,537,2012,165158.859375
28,537,2013,161291.421875
28,538,1994,60982.87109375
28,538,1995,70714.3125
28,538,1996,103528.03125
28,538,1997,83320.32421875
28,538,1998,103944.234375
28,538,1999,105631.34765625
28,538,2000,113408.27734375
28,538,2001,109246.12890625
28,538,2002,115573.66015625
28,538,2003,108750.98828125
28,538,2004,120711.67578125
28,538,2005,115499.3984375
28,538,2006,119128.97265625
28,538,2007,137026.09375
28,538,2008,137086.390625
28,538,2009,155475.203125
28,538,2010,174164.46875
28,538,2011,175654.546875
28,538,2012,177850.25
28,538,2013,171070.6875
28,539,1994,64054.375
28,539,1995,80909.0859375
28,539,1996,97502.1953125
28,539,1997,83654.92578125
28,539,1998,99656.390625
28,539,1999,99834.54296875
28,539,2000,106169.92578125
28,539,2001,97469.859375
28,539,2002,106129.01171875
28,539,2003,105908.234375
28,539,2004,109238.52734375
28,539,2005,103759.578125
28,539,2006,103601.80859375
28,539,2007,119995.9375
28,539,2008,119365.640625
28,539,2009,138800.484375
28,539,2010,146277.21875
28,539,2011,147235.390625
28,539,2012,147059.5
28,539,2013,145349.703125
28,540,1994,49388.427734375
28,540,1995,69363.65625
28,540,1996,75242.5703125
28,540,1997,64516.39453125
28,540,1998,72195.66015625
28,540,1999,75629.8203125
28,540,2000,86340.6328125
28,540,2001,77459.5625
28,540,2002,84039.0234375
28,540,2003,75584.23828125
28,540,2004,80795.27734375
28,540,2005,79157.69921875
28,540,2006,84371.97265625
28,540,2007,98009.8671875
28,540,2008,94131.59375
28,540,2009,107994.640625
28,540,2010,116032.5
28,540,2011,115004.1484375
28,540,2012,112599.90625
28,540,2013,111689.3203125
28,541,1994,41443.72265625
28,541,1995,60371.42578125
28,541,1996,63163.296875
28,541,1997,51785.2265625
28,541,1998,56153.287109375
28,541,1999,58010.50390625
28,541,2000,70937.556640625
28,541,2001,61455.427734375
28,541,2002,76307.32421875
28,541,2003,62321.505859375
28,541,2004,69516.17578125
28,541,2005,66687.30078125
28,541,2006,74168.109375
28,541,2007,87987.5390625
28,541,2008,79860.234375
28,541,2009,93275.6953125
28,541,2010,111852.6171875
28,541,2011,106654.40625
28,541,2012,103805.640625
28,541,2013,107626.421875
28,542,1994,27642.55859375
28,542,1995,34414.5625
28,542,1996,37902.671875
28,542,1997,30302.8916015625
28,542,1998,35177.349609375
28,542,1999,34352.43359375
28,542,2000,39877.40625
28,542,2001,33011.2548828125
28,542,2002,38877.77734375
28,542,2003,37331.638671875
28,542,2004,39174.080078125
28,542,2005,30811.7861328125
28,542,2006,35218.5
28,542,2007,38499.3828125
28,542,2008,39401.33984375
28,542,2009,41953.734375
28,542,2010,45644.48046875
28,542,2011,43978.0546875
28,542,2012,45107.2734375
28,542,2013,40716.02734375
28,543,1994,24575.2060546875
28,543,1995,31047.71484375
28,543,1996,34822.1796875
28,543,1997,28255.69140625
28,543,1998,32992.2509765625
28,543,1999,32818.73828125
28,543,2000,38269.51953125
28,543,2001,30699.2109375
28,543,2002,35384.25390625
28,543,2003,35256.5390625
28,543,2004,34570.06640625
28,543,2005,30729.5947265625
28,543,2006,33330.6103515625
28,543,2007,36927.337890625
28,543,2008,34581.765625
28,543,2009,43023.78125
28,543,2010,45408.44921875
28,543,2011,43894.05859375
28,543,2012,45461.421875
28,543,2013,41949.3984375
28,544,1994,42509.55078125
28,544,1995,50129.81640625
28,544,1996,50202.484375
28,544,1997,45815.337890625
28,544,1998,49192.41015625
28,544,1999,50916.265625
28,544,2000,61810.279296875
28,544,2001,53262.3125
28,544,2002,62435.65625
28,544,2003,57385.396484375
28,544,2004,61304.369140625
28,544,2005,58013.736328125
28,544,2006,64184.91015625
28,544,2007,70621.39453125
28,544,2008,70665.6796875
28,544,2009,89047.8671875
28,544,2010,97315.390625
28,544,2011,91592.96875
28,544,2012,97982.9765625
28,544,2013,95916
28,545,1994,53859.88671875
28,545,1995,79673.796875
28,545,1996,63711.0859375
28,545,1997,62372.572265625
28,545,1998,68923.08984375
28,545,1999,70779.96484375
28,545,2000,76553.125
28,545,2001,69027.6328125
28,545,2002,78784.36328125
28,545,2003,73332.953125
28,545,2004,77745.8984375
28,545,2005,75001.48046875
28,545,2006,76602.21875
28,545,2007,84502.671875
28,545,2008,84407.71875
28,545,2009,97193.7109375
28,545,2010,103798.046875
28,545,2011,101228.484375
28,545,2012,98959.0859375
28,545,2013,95120.046875
28,546,1994,42546.49609375
28,546,1995,58816.15234375
28,546,1996,55401.80078125
28,546,1997,53471.21875
28,546,1998,55803.697265625
28,546,1999,57612.4609375
28,546,2000,61154.671875
28,546,2001,53268.9140625
28,546,2002,61370.265625
28,546,2003,60128.232421875
28,546,2004,62638.150390625
28,546,2005,61421.5859375
28,546,2006,62192.677734375
28,546,2007,68728.7578125
28,546,2008,69786.171875
28,546,2009,77347.9375
28,546,2010,80294.8125
28,546,2011,80384.8046875
28,546,2012,78336.6640625
28,546,2013,74755.984375
28,547,1994,63114.6875
28,547,1995,75466.34375
28,547,1996,77145.671875
28,547,1997,74126.671875
28,547,1998,79574.23828125
28,547,1999,78314.1796875
28,547,2000,82406.171875
28,547,2001,76530.51171875
28,547,2002,82287.88671875
28,547,2003,81245.12890625
28,547,2004,85881.5703125
28,547,2005,82751.0078125
28,547,2006,82456.796875
28,547,2007,91868.46484375
28,547,2008,92995.4453125
28,547,2009,103802.453125
28,547,2010,109662.9921875
28,547,2011,107172.3984375
28,547,2012,104583.765625
28,547,2013,105898.921875
28,548,1994,64600.693359375
28,548,1995,76290.1953125
28,548,1996,84859.140625
28,548,1997,75056.96484375
28,548,1998,84685.37109375
28,548,1999,84348.11328125
28,548,2000,87302.2578125
28,548,2001,85579.95703125
28,548,2002,93773.56640625
28,548,2003,93659.921875
28,548,2004,99543.80859375
28,548,2005,96923.64453125
28,548,2006,96286.99609375
28,548,2007,106285.6796875
28,548,2008,106342.7578125
28,548,2009,116802.1953125
28,548,2010,129403.3984375
28,548,2011,123511.2109375
28,548,2012,124310.2421875
28,548,2013,123135.9609375
28,549,1994,47968.205078125
28,549,1995,56764.1875
28,549,1996,74064.5859375
28,549,1997,57802.28515625
28,549,1998,72714.62109375
28,549,1999,69007.65625
28,549,2000,81087.91796875
28,549,2001,74185.78125
28,549,2002,90639.046875
28,549,2003,75108.078125
28,549,2004,90825.94140625
28,549,2005,84382.6953125
28,549,2006,86769.09375
28,549,2007,100419.67578125
28,549,2008,95155.9296875
28,549,2009,102993.296875
28,549,2010,129809.4609375
28,549,2011,116692.0625
28,549,2012,113519.828125
28,549,2013,118622.6015625
28,550,1994,58741.388671875
28,550,1995,81210.6796875
28,550,1996,81588.28125
28,550,1997,70150.390625
28,550,1998,83280.625
28,550,1999,78124.640625
28,550,2000,88453.96484375
28,550,2001,79976.21875
28,550,2002,88118.234375
28,550,2003,84734.37109375
28,550,2004,91159.140625
28,550,2005,86122.59765625
28,550,2006,85422.63671875
28,550,2007,96446.22265625
28,550,2008,94262.03125
28,550,2009,105095.71875
28,550,2010,121280.671875
28,550,2011,111277.3203125
28,550,2012,113891.1015625
28,550,2013,112235.5078125
28,551,1994,39345.2421875
28,551,1995,53284.859375
28,551,1996,49855.4375
28,551,1997,50475.666015625
28,551,1998,62218.162109375
28,551,1999,60968.59375
28,551,2000,72959.671875
28,551,2001,67773.796875
28,551,2002,71626.4296875
28,551,2003,64725.974609375
28,551,2004,74917.869140625
28,551,2005,69430.033203125
28,551,2006,77590.359375
28,551,2007,86116.2265625
28,551,2008,90684.359375
28,551,2009,96514.7109375
28,551,2010,122064.6875
28,551,2011,109042.515625
28,551,2012,104892.09375
28,551,2013,98918.7421875
28,552,1994,51695.486328125
28,552,1995,66385.171875
28,552,1996,81731.8203125
28,552,1997,70258.6328125
28,552,1998,83834.28125
28,552,1999,89044.25
28,552,2000,92617.3828125
28,552,2001,89234.23046875
28,552,2002,94520.15234375
28,552,2003,85517.39453125
28,552,2004,89495.30078125
28,552,2005,85161.08203125
28,552,2006,82270.1484375
28,552,2007,99475.3359375
28,552,2008,97612.40625
28,552,2009,103868.8046875
28,552,2010,131819.5
28,552,2011,122432.7890625
28,552,2012,116671.734375
28,552,2013,111991.5625
28,553,1994,60973.904296875
28,553,1995,87982.4765625
28,553,1996,93562.1015625
28,553,1997,89697.8046875
28,553,1998,105881.08203125
28,553,1999,104750.3203125
28,553,2000,116859.84765625
28,553,2001,109572.640625
28,553,2002,117855.84765625
28,553,2003,108071.96484375
28,553,2004,108817.5
28,553,2005,110497.296875
28,553,2006,112714.00390625
28,553,2007,127785.3515625
28,553,2008,126715.84375
28,553,2009,139259.4375
28,553,2010,166129.3125
28,553,2011,152206.34375
28,553,2012,151286.703125
28,553,2013,137936.46875
28,554,1994,76228.30078125
28,554,1995,106501.8359375
28,554,1996,103975.828125
28,554,1997,90425.3359375
28,554,1998,111440.7265625
28,554,1999,107371.33203125
28,554,2000,112507.59375
28,554,2001,103373.9375
28,554,2002,106411.40625
28,554,2003,106574.27734375
28,554,2004,108229.12109375
28,554,2005,98226.796875
28,554,2006,105487.28515625
28,554,2007,115081.640625
28,554,2008,118959.3046875
28,554,2009,127949.171875
28,554,2010,148160.40625
28,554,2011,139702.71875
28,554,2012,143735.796875
28,554,2013,135333.28125
29,555,1994,68727.48828125
29,555,1995,74485.3671875
29,555,1996,82168.3359375
29,555,1997,72908.3828125
29,555,1998,93304.890625
29,555,1999,97932.66015625
29,555,2000,108523.1015625
29,555,2001,105530.52734375
29,555,2002,100877.35546875
29,555,2003,103148.453125
29,555,2004,95497.3671875
29,555,2005,97722.30078125
29,555,2006,98515.54296875
29,555,2007,117672.16015625
29,555,2008,121177.4140625
29,555,2009,124307.5625
29,555,2010,128395.65625
29,555,2011,138767.46875
29,555,2012,132592.46875
29,555,2013,122855.53125
29,556,1994,30665.4140625
29,556,1995,29589.783203125
29,556,1996,37473.37109375
29,556,1997,35053.794921875
29,556,1998,43754.697265625
29,556,1999,42660.474609375
29,556,2000,47772.380859375
29,556,2001,46305.38671875
29,556,2002,48009.642578125
29,556,2003,49648.28515625
29,556,2004,49844.05859375
29,556,2005,49599.88671875
29,556,2006,49471.513671875
29,556,2007,57033.91796875
29,556,2008,61244.0390625
29,556,2009,60509.5625
29,556,2010,65016.51953125
29,556,2011,68879.3125
29,556,2012,64149.99609375
29,556,2013,62514.61328125
29,557,1994,30274.9169921875
29,557,1995,30720.984375
29,557,1996,41799
29,557,1997,33106.4833984375
29,557,1998,46775.046875
29,557,1999,52139.42578125
29,557,2000,53805.28515625
29,557,2001,52925.703125
29,557,2002,53530.49609375
29,557,2003,47469.677734375
29,557,2004,54539.576171875
29,557,2005,56000.5625
29,557,2006,53277.078125
29,557,2007,61544.048828125
29,557,2008,62559.62890625
29,557,2009,59028.47265625
29,557,2010,74122.5546875
29,557,2011,75386.03125
29,557,2012,72112.1171875
29,557,2013,76302.9765625
29,558,1994,30989.2177734375
29,558,1995,33334.953125
29,558,1996,34151.8671875
29,558,1997,30294.23828125
29,558,1998,38503.16796875
29,558,1999,39230.4921875
29,558,2000,44623.8203125
29,558,2001,38210.123046875
29,558,2002,37361.6796875
29,558,2003,38193.189453125
29,558,2004,37972.1796875
29,558,2005,38932.427734375
29,558,2006,38297.703125
29,558,2007,43295.341796875
29,558,2008,42416.1328125
29,558,2009,44410.56640625
29,558,2010,49667.78515625
29,558,2011,50162.96484375
29,558,2012,50956.921875
29,558,2013,47841.45703125
29,559,1994,29710.4951171875
29,559,1995,32499.951171875
29,559,1996,40511.28515625
29,559,1997,35879.572265625
29,559,1998,44072.359375
29,559,1999,43705.46875
29,559,2000,49770.87109375
29,559,2001,45580.544921875
29,559,2002,52193.396484375
29,559,2003,48654.015625
29,559,2004,48222.15234375
29,559,2005,49211.53515625
29,559,2006,44583.990234375
29,559,2007,55862.7421875
29,559,2008,55964.94921875
29,559,2009,58116.33203125
29,559,2010,67900.71875
29,559,2011,64519.0546875
29,559,2012,65437.22265625
29,559,2013,60729.3828125
29,560,1994,25090.1591796875
29,560,1995,28198.33203125
29,560,1996,32040.5234375
29,560,1997,30344.2529296875
29,560,1998,35056.19921875
29,560,1999,33259.0625
29,560,2000,38168.73828125
29,560,2001,34824.85546875
29,560,2002,36844.853515625
29,560,2003,36691.158203125
29,560,2004,35061.6865234375
29,560,2005,35563.138671875
29,560,2006,33720.408203125
29,560,2007,39982.576171875
29,560,2008,38586.078125
29,560,2009,38419.3984375
29,560,2010,45471.546875
29,560,2011,43991.0859375
29,560,2012,45514.37109375
29,560,2013,40363.42578125
29,561,1994,10351.65576171875
29,561,1995,11945.716796875
29,561,1996,13408.2958984375
29,561,1997,13613.4287109375
29,561,1998,17377.36962890625
29,561,1999,18040.6884765625
29,561,2000,24538.0146484375
29,561,2001,21375.8251953125
29,561,2002,20772.8349609375
29,561,2003,24151.619140625
29,561,2004,23493.330078125
29,561,2005,25638.74609375
29,561,2006,23090.150390625
29,561,2007,28363.9931640625
29,561,2008,27016.798828125
29,561,2009,28139.62109375
29,561,2010,34062.67578125
29,561,2011,30587.51953125
29,561,2012,29855.14453125
29,561,2013,28517.37109375
29,562,1994,18930.00146484375
29,562,1995,23002.53515625
29,562,1996,24178.6953125
29,562,1997,22245.271484375
29,562,1998,26550.8203125
29,562,1999,28580.82421875
29,562,2000,32024.474609375
29,562,2001,30478.3291015625
29,562,2002,30439.7314453125
29,562,2003,31834.419921875
29,562,2004,31887.5673828125
29,562,2005,33290.19140625
29,562,2006,32489.720703125
29,562,2007,36833.884765625
29,562,2008,34519.12890625
29,562,2009,38963.69921875
29,562,2010,41447.3828125
29,562,2011,40655.8046875
29,562,2012,40443.7421875
29,562,2013,40197.37109375
29,563,1994,13878.92626953125
29,563,1995,19501.900390625
29,563,1996,17390.330078125
29,563,1997,15817.32470703125
29,563,1998,21430.35009765625
29,563,1999,21831.8251953125
29,563,2000,31540.0419921875
29,563,2001,24129.3916015625
29,563,2002,26784.6572265625
29,563,2003,28907.16015625
29,563,2004,30983.78515625
29,563,2005,30425.29296875
29,563,2006,26114.0595703125
29,563,2007,34384.84375
29,563,2008,27650.0546875
29,563,2009,37096.2890625
29,563,2010,47427.05859375
29,563,2011,44820.7890625
29,563,2012,44988.46875
29,563,2013,46217.6875
29,564,1994,17701.5703125
29,564,1995,25036.41015625
29,564,1996,23603.017578125
29,564,1997,23505.0947265625
29,564,1998,29392.3154296875
29,564,1999,30049.3544921875
29,564,2000,36490.203125
29,564,2001,33233.759765625
29,564,2002,32685.2998046875
29,564,2003,35501.154296875
29,564,2004,34959.3974609375
29,564,2005,35405.76953125
29,564,2006,34812.322265625
29,564,2007,38556.9609375
29,564,2008,37463.37109375
29,564,2009,39144.73046875
29,564,2010,41334.29296875
29,564,2011,40354.39453125
29,564,2012,40151.3515625
29,564,2013,38651.5078125
29,565,1994,31629.037109375
29,565,1995,39151.3828125
29,565,1996,46116.0859375
29,565,1997,42688.681640625
29,565,1998,51194.763671875
29,565,1999,47881.794921875
29,565,2000,60149.431640625
29,565,2001,55202.078125
29,565,2002,58091.990234375
29,565,2003,57145.298828125
29,565,2004,56570.822265625
29,565,2005,61933.3515625
29,565,2006,60817.810546875
29,565,2007,71298.83203125
29,565,2008,71107.765625
29,565,2009,73295.765625
29,565,2010,84802.6796875
29,565,2011,82153.0859375
29,565,2012,80297.8046875
29,565,2013,69446.8984375
29,566,1994,20556.271484375
29,566,1995,25169.08984375
29,566,1996,33562.17578125
29,566,1997,27829.36328125
29,566,1998,38427.25
29,566,1999,36209.228515625
29,566,2000,50273.013671875
29,566,2001,42467.345703125
29,566,2002,47518.373046875
29,566,2003,46524.453125
29,566,2004,49266.45703125
29,566,2005,49769.12890625
29,566,2006,48445.189453125
29,566,2007,55539.458984375
29,566,2008,51478.828125
29,566,2009,58859.54296875
29,566,2010,70090.3984375
29,566,2011,65114.87890625
29,566,2012,67978.625
29,566,2013,56332.6875
29,567,1994,19925.1259765625
29,567,1995,25758.3203125
29,567,1996,24088.0546875
29,567,1997,22820.5068359375
29,567,1998,31440.2451171875
29,567,1999,30231.5205078125
29,567,2000,40725.298828125
29,567,2001,36604.1640625
29,567,2002,37758.537109375
29,567,2003,36915.697265625
29,567,2004,37395.443359375
29,567,2005,40565.927734375
29,567,2006,38298.9375
29,567,2007,43497.591796875
29,567,2008,42642.15625
29,567,2009,46665.76953125
29,567,2010,52295.23828125
29,567,2011,49131.5234375
29,567,2012,50593.91796875
29,567,2013,43454.796875
29,568,1994,15808.90771484375
29,568,1995,22318.765625
29,568,1996,22188.091796875
29,568,1997,18384.72705078125
29,568,1998,23730.1494140625
29,568,1999,21900.6943359375
29,568,2000,36786.267578125
29,568,2001,26378.0810546875
29,568,2002,29270.7568359375
29,568,2003,25409.6474609375
29,568,2004,32157.1572265625
29,568,2005,31649.4140625
29,568,2006,28872.69140625
29,568,2007,36879.48828125
29,568,2008,33154.13671875
29,568,2009,37786.4140625
29,568,2010,48268.13671875
29,568,2011,50865.859375
29,568,2012,51633.421875
29,568,2013,45486.1796875
29,569,1994,10065.823974609375
29,569,1995,11698.3681640625
29,569,1996,13662.57421875
29,569,1997,12309.74658203125
29,569,1998,15558.59228515625
29,569,1999,15659.05078125
29,569,2000,20379.609375
29,569,2001,16242.1474609375
29,569,2002,17431.0703125
29,569,2003,16455.31494140625
29,569,2004,16074.6220703125
29,569,2005,17801.9150390625
29,569,2006,16711.392578125
29,569,2007,19565.1484375
29,569,2008,19634.724609375
29,569,2009,21533.02734375
29,569,2010,26106.68359375
29,569,2011,27105.185546875
29,569,2012,27153.25
29,569,2013,25929.552734375
29,570,1994,10873.541748046875
29,570,1995,14582.1328125
29,570,1996,15022.810546875
29,570,1997,13229.62451171875
29,570,1998,22639.3984375
29,570,1999,19980.33203125
29,570,2000,29626.2978515625
29,570,2001,22248.78515625
29,570,2002,24023.8251953125
29,570,2003,20026.396484375
29,570,2004,22046.9638671875
29,570,2005,25161.39453125
29,570,2006,24754.994140625
29,570,2007,29656.0576171875
29,570,2008,20143.11328125
29,570,2009,21623.94921875
29,570,2010,38876.41796875
29,570,2011,37795.703125
29,570,2012,39182.3984375
29,570,2013,33959.51953125
29,571,1994,49708.453125
29,571,1995,61096.703125
29,571,1996,67833.2734375
29,571,1997,62981.35546875
29,571,1998,72454.1171875
29,571,1999,67944.109375
29,571,2000,79617.0625
29,571,2001,74807.984375
29,571,2002,76586.375
29,571,2003,78852.5625
29,571,2004,78137.73828125
29,571,2005,77565.5703125
29,571,2006,76745.96484375
29,571,2007,83983.9609375
29,571,2008,75897
29,571,2009,85264.140625
29,571,2010,100136.3828125
29,571,2011,96430.1328125
29,571,2012,97601.140625
29,571,2013,90566.796875
29,572,1994,61907.302734375
29,572,1995,65470.7890625
29,572,1996,70827.6640625
29,572,1997,70784.2421875
29,572,1998,72525.32421875
29,572,1999,76560.21875
29,572,2000,79054.03515625
29,572,2001,82073.01953125
29,572,2002,81407.1796875
29,572,2003,84869.34375
29,572,2004,84471.84375
29,572,2005,86823.6015625
29,572,2006,90541.94921875
29,572,2007,93355.1875
29,572,2008,94133.609375
29,572,2009,97769.3671875
29,572,2010,107687.1796875
29,572,2011,105895.671875
29,572,2012,110554
29,572,2013,111833.0390625
29,573,1994,30109.720703125
29,573,1995,34263.84765625
29,573,1996,32469.142578125
29,573,1997,32910.416015625
29,573,1998,38886.45703125
29,573,1999,39863.482421875
29,573,2000,44664.58984375
29,573,2001,43358.54296875
29,573,2002,45160.76953125
29,573,2003,48810.345703125
29,573,2004,47428.015625
29,573,2005,47396.828125
29,573,2006,48698.91796875
29,573,2007,53173.779296875
29,573,2008,53953.44140625
29,573,2009,54713.07421875
29,573,2010,54951.17578125
29,573,2011,56255.1015625
29,573,2012,53624.109375
29,573,2013,48722.42578125
29,574,1994,18004.9248046875
29,574,1995,28138.404296875
29,574,1996,28412.232421875
29,574,1997,26111.83984375
29,574,1998,33817.0400390625
29,574,1999,32733.978515625
29,574,2000,42840.0078125
29,574,2001,39494.611328125
29,574,2002,42191.787109375
29,574,2003,43476.19921875
29,574,2004,44215.96484375
29,574,2005,47064.494140625
29,574,2006,48157.099609375
29,574,2007,52371.8125
29,574,2008,50069.03515625
29,574,2009,54293.265625
29,574,2010,58718.5
29,574,2011,57559.53125
29,574,2012,56930.80078125
29,574,2013,50810.66796875
29,575,1994,20048.466796875
29,575,1995,27077.626953125
29,575,1996,28841.36328125
29,575,1997,23679.3466796875
29,575,1998,31499.85546875
29,575,1999,31208.986328125
29,575,2000,36770.185546875
29,575,2001,33148.943359375
29,575,2002,33601.2958984375
29,575,2003,31515.1884765625
29,575,2004,31778.4501953125
29,575,2005,34126.91796875
29,575,2006,33372.353515625
29,575,2007,34780.125
29,575,2008,33543.54296875
29,575,2009,36111.16015625
29,575,2010,43807.765625
29,575,2011,46518.3828125
29,575,2012,45760.94140625
29,575,2013,43371.46484375
29,576,1994,4825.2193603515625
29,576,1995,7519.9697265625
29,576,1996,6562.533203125
29,576,1997,5925.58447265625
29,576,1998,8561.691650390625
29,576,1999,8896.7724609375
29,576,2000,12418.11328125
29,576,2001,7945.726318359375
29,576,2002,10003.237060546875
29,576,2003,8419.636962890625
29,576,2004,8802.142822265625
29,576,2005,9709.176513671875
29,576,2006,9662.525634765625
29,576,2007,10800.37451171875
29,576,2008,8185.4033203125
29,576,2009,9367.869140625
29,576,2010,19309.22265625
29,576,2011,17951.265625
29,576,2012,17618.9296875
29,576,2013,15809.5830078125
29,577,1994,29675.599609375
29,577,1995,39002.203125
29,577,1996,36901.4140625
29,577,1997,34341.80859375
29,577,1998,40068.1875
29,577,1999,40244.3515625
29,577,2000,48524.287109375
29,577,2001,46182.275390625
29,577,2002,48218.095703125
29,577,2003,52654.388671875
29,577,2004,53260.41015625
29,577,2005,52808.537109375
29,577,2006,54583.583984375
29,577,2007,61087.224609375
29,577,2008,61978.40625
29,577,2009,65968.8515625
29,577,2010,70795.1796875
29,577,2011,71538.03125
29,577,2012,68149.5703125
29,577,2013,63506.0234375
29,578,1994,11813.513427734375
29,578,1995,16872.427734375
29,578,1996,16824.0390625
29,578,1997,15268.5341796875
29,578,1998,18539.716796875
29,578,1999,19485.0791015625
29,578,2000,23845.1611328125
29,578,2001,21819.982421875
29,578,2002,24668.4453125
29,578,2003,24354.0693359375
29,578,2004,26034.5830078125
29,578,2005,25805.0107421875
29,578,2006,25618.873046875
29,578,2007,29675.119140625
29,578,2008,27644.904296875
29,578,2009,29860.33984375
29,578,2010,37572.203125
29,578,2011,36167.82421875
29,578,2012,34206.50390625
29,578,2013,31802.064453125
29,579,1994,43629.150390625
29,579,1995,51493.6875
29,579,1996,55870.71875
29,579,1997,48738.607421875
29,579,1998,59526.953125
29,579,1999,68955.9765625
29,579,2000,74744.12109375
29,579,2001,66784.865234375
29,579,2002,68536.73046875
29,579,2003,63808.84375
29,579,2004,66554.087890625
29,579,2005,68001.140625
29,579,2006,69553.265625
29,579,2007,76248.56640625
29,579,2008,74263
29,579,2009,71953.3046875
29,579,2010,92278.9296875
29,579,2011,95774.765625
29,579,2012,92983.2421875
29,579,2013,94223.8828125
29,580,1994,15766.60693359375
29,580,1995,17229.146484375
29,580,1996,18963.26953125
29,580,1997,15843.97265625
29,580,1998,23299.478515625
29,580,1999,25084.17578125
29,580,2000,28135.7958984375
29,580,2001,24704.2451171875
29,580,2002,28412.10546875
29,580,2003,24800.2900390625
29,580,2004,24420.6337890625
29,580,2005,23435.69921875
29,580,2006,23981.3095703125
29,580,2007,27705.09375
29,580,2008,27564.703125
29,580,2009,28278.396484375
29,580,2010,38942.171875
29,580,2011,39327.046875
29,580,2012,39034.9921875
29,580,2013,38557.4140625
29,581,1994,28024.849609375
29,581,1995,32395.83203125
29,581,1996,37082.84375
29,581,1997,34141.6142578125
29,581,1998,37538.078125
29,581,1999,36983.931640625
29,581,2000,40804.21875
29,581,2001,38936.00390625
29,581,2002,39597.96484375
29,581,2003,43281.98046875
29,581,2004,42781.14453125
29,581,2005,42801.943359375
29,581,2006,42991.271484375
29,581,2007,43820.29296875
29,581,2008,42552.1953125
29,581,2009,48696.2421875
29,581,2010,52680.265625
29,581,2011,50402.0390625
29,581,2012,49501.62890625
29,581,2013,47955.546875
29,582,1994,23538.1953125
29,582,1995,29043.037109375
29,582,1996,32215.779296875
29,582,1997,29130.755859375
29,582,1998,33737.232421875
29,582,1999,31298.640625
29,582,2000,34438.36328125
29,582,2001,33353.708984375
29,582,2002,34102.41015625
29,582,2003,36682.833984375
29,582,2004,36682.6328125
29,582,2005,35766.224609375
29,582,2006,35710.033203125
29,582,2007,36471.802734375
29,582,2008,36459.46484375
29,582,2009,38924.44140625
29,582,2010,44392.28125
29,582,2011,43555.25
29,582,2012,43124.29296875
29,582,2013,39799.15234375
29,583,1994,23368.4482421875
29,583,1995,25326.447265625
29,583,1996,28715.20703125
29,583,1997,27345.7890625
29,583,1998,29707.50390625
29,583,1999,30205.1591796875
29,583,2000,31817.3720703125
29,583,2001,31867.7958984375
29,583,2002,30949.5771484375
29,583,2003,33545.490234375
29,583,2004,32323.1142578125
29,583,2005,33082.0595703125
29,583,2006,34143.369140625
29,583,2007,36338.3203125
29,583,2008,36919.65625
29,583,2009,39823.234375
29,583,2010,44847.71484375
29,583,2011,45336.96875
29,583,2012,46657.87890625
29,583,2013,45758.9765625
29,584,1994,23416.75390625
29,584,1995,26317.6796875
29,584,1996,26922.615234375
29,584,1997,25915.48046875
29,584,1998,29210.443359375
29,584,1999,29768.8125
29,584,2000,32444.388671875
29,584,2001,32000.939453125
29,584,2002,32734.8623046875
29,584,2003,33789.14453125
29,584,2004,34089.3779296875
29,584,2005,34426.974609375
29,584,2006,33498.400390625
29,584,2007,35290.8671875
29,584,2008,36396.31640625
29,584,2009,40541.41796875
29,584,2010,43605.64453125
29,584,2011,43692.5
29,584,2012,42842.21484375
29,584,2013,41615.0546875
30,585,1994,20402.9052734375
30,585,1995,20844.890625
30,585,1996,22216.5390625
30,585,1997,20139.3759765625
30,585,1998,22201.4326171875
30,585,1999,23391.1748046875
30,585,2000,24485.802734375
30,585,2001,25400.8193359375
30,585,2002,26087.5927734375
30,585,2003,27593.541015625
30,585,2004,26709.134765625
30,585,2005,28406.619140625
30,585,2006,27116.7294921875
30,585,2007,28356.80078125
30,585,2008,28158.232421875
30,585,2009,30739.55078125
30,585,2010,32460.02734375
30,585,2011,32863.078125
30,585,2012,32149.044921875
30,585,2013,32967.15625
30,586,1994,13300.001953125
30,586,1995,14186.73046875
30,586,1996,15808.435546875
30,586,1997,15064.0400390625
30,586,1998,16424.16162109375
30,586,1999,16324.93701171875
30,586,2000,19036.17578125
30,586,2001,19256.4189453125
30,586,2002,19981.455078125
30,586,2003,20961.1728515625
30,586,2004,20655.94140625
30,586,2005,20977.078125
30,586,2006,19817.8544921875
30,586,2007,21652.1904296875
30,586,2008,21122.7265625
30,586,2009,23330.5546875
30,586,2010,25163.23046875
30,586,2011,25620.63671875
30,586,2012,23872.04296875
30,586,2013,24611.197265625
31,587,1994,241.28709411621094
31,587,1995,358.65460205078125
31,587,1996,452.35650634765625
31,587,1997,368.5911102294922
31,587,1998,422.5892028808594
31,587,1999,330.41920471191406
31,587,2000,476.12779235839844
31,587,2001,345.0902557373047
31,587,2002,454.5958557128906
31,587,2003,426.539794921875
31,587,2004,434.4388427734375
31,587,2005,395.18890380859375
31,587,2006,377.9710998535156
31,587,2007,469.14111328125
31,587,2008,405.0823974609375
31,587,2009,505.7471923828125
31,587,2010,742.15362548828125
31,587,2011,706.90570068359375
31,587,2012,669.17767333984375
31,587,2013,697.12310791015625
32,588,1994,7528.337890625
32,588,1995,9551.734375
32,588,1996,9119.97265625
32,588,1997,8529.647216796875
32,588,1998,12383.49853515625
32,588,1999,12909.35302734375
32,588,2000,15250.5029296875
32,588,2001,13336.4501953125
32,588,2002,13875.4169921875
32,588,2003,12649.935546875
32,588,2004,12480.2421875
32,588,2005,13728.83935546875
32,588,2006,13703.61083984375
32,588,2007,14524.66845703125
32,588,2008,13734.3154296875
32,588,2009,13810.876953125
32,588,2010,17519.73046875
32,588,2011,17616.939453125
32,588,2012,16497.1171875
32,588,2013,15597.4423828125
32,589,1994,13971.34326171875
32,589,1995,17504.94921875
32,589,1996,16315.4248046875
32,589,1997,15680.66650390625
32,589,1998,23799.59765625
32,589,1999,24134.6982421875
32,589,2000,25969.33984375
32,589,2001,23113.087890625
32,589,2002,22945.3916015625
32,589,2003,21844.7568359375
32,589,2004,22415.009765625
32,589,2005,23501.654296875
32,589,2006,23723.703125
32,589,2007,24725.8251953125
32,589,2008,22970.357421875
32,589,2009,23522.453125
32,589,2010,27417.404296875
32,589,2011,27088.81640625
32,589,2012,25670.85546875
32,589,2013,25422.7734375
32,590,1994,5150.21337890625
32,590,1995,9129.34375
32,590,1996,9535.05859375
32,590,1997,7396.237548828125
32,590,1998,9261.46240234375
32,590,1999,8751.3046875
32,590,2000,11527.970703125
32,590,2001,10123.93701171875
32,590,2002,10380.0810546875
32,590,2003,9180.558349609375
32,590,2004,10445.6484375
32,590,2005,10396.998046875
32,590,2006,10767.44482421875
32,590,2007,11941.05029296875
32,590,2008,11167.2138671875
32,590,2009,11576.3994140625
32,590,2010,14290.8046875
32,590,2011,13356.8759765625
32,590,2012,13456.416015625
32,590,2013,13105.572265625
32,591,1994,18250.669921875
32,591,1995,20156.271484375
32,591,1996,19899.73046875
32,591,1997,18070.4306640625
32,591,1998,20938.142578125
32,591,1999,20602.7255859375
32,591,2000,23149.44140625
32,591,2001,21745.0341796875
32,591,2002,21110.0791015625
32,591,2003,20330.3759765625
32,591,2004,21886.220703125
32,591,2005,23055.865234375
32,591,2006,22216.90625
32,591,2007,22998.2421875
32,591,2008,22297.23828125
32,591,2009,23413.78515625
32,591,2010,25995.857421875
32,591,2011,25372.78125
32,591,2012,25235.78515625
32,591,2013,24893.5390625
32,592,1994,20139.8203125
32,592,1995,22792.32421875
32,592,1996,22915.505859375
32,592,1997,19245.02783203125
32,592,1998,22949.0986328125
32,592,1999,20042.2353515625
32,592,2000,26358.5205078125
32,592,2001,25541.6943359375
32,592,2002,27859.55078125
32,592,2003,26734.517578125
32,592,2004,27262.8701171875
32,592,2005,27117.794921875
32,592,2006,27167.876953125
32,592,2007,27868.048828125
32,592,2008,27226.025390625
32,592,2009,29675.333984375
32,592,2010,33292.5859375
32,592,2011,31687.177734375
32,592,2012,32487.375
32,592,2013,31962.9765625
32,593,1994,28948.5439453125
32,593,1995,32109.697265625
32,593,1996,32036.958984375
32,593,1997,27214.4453125
32,593,1998,32520.0458984375
32,593,1999,30229.9404296875
32,593,2000,35429.6875
32,593,2001,31372.2177734375
32,593,2002,33527.8017578125
32,593,2003,32607.2705078125
32,593,2004,35392.0966796875
32,593,2005,34747.689453125
32,593,2006,34712.595703125
32,593,2007,35580.498046875
32,593,2008,34372.1328125
32,593,2009,38819.8828125
32,593,2010,43124.62890625
32,593,2011,40003.234375
32,593,2012,40909.43359375
32,593,2013,39515.81640625
32,594,1994,32451.103515625
32,594,1995,33487.58203125
32,594,1996,33234.7890625
32,594,1997,29698.3134765625
32,594,1998,31799.3828125
32,594,1999,31452.39453125
32,594,2000,34779.775390625
32,594,2001,33062.193359375
32,594,2002,35062.248046875
32,594,2003,31768.423828125
32,594,2004,34328.30859375
32,594,2005,35181.43359375
32,594,2006,34684.6875
32,594,2007,35236.234375
32,594,2008,34571.46875
32,594,2009,37087.55078125
32,594,2010,39837.25390625
32,594,2011,37248.01953125
32,594,2012,37577.4765625
32,594,2013,37632.25390625
32,595,1994,44936.138671875
32,595,1995,46774.51171875
32,595,1996,47076.40234375
32,595,1997,44032.763671875
32,595,1998,46058.7265625
32,595,1999,47290.060546875
32,595,2000,48778.3984375
32,595,2001,47084.443359375
32,595,2002,46663.62890625
32,595,2003,42834.138671875
32,595,2004,45709.298828125
32,595,2005,45699.515625
32,595,2006,45719.5234375
32,595,2007,46958.244140625
32,595,2008,48135.08984375
32,595,2009,49620.9140625
32,595,2010,55444.953125
32,595,2011,51492.08203125
32,595,2012,51464.41015625
32,595,2013,53276.5
32,596,1994,11315.3701171875
32,596,1995,15852.0673828125
32,596,1996,14468.609375
32,596,1997,10535.38818359375
32,596,1998,17781.2294921875
32,596,1999,15774.9287109375
32,596,2000,22501.017578125
32,596,2001,17870.9267578125
32,596,2002,20397.4404296875
32,596,2003,16813.4677734375
32,596,2004,22289.4521484375
32,596,2005,18901.88671875
32,596,2006,17132.9912109375
32,596,2007,20927.6533203125
32,596,2008,18520.435546875
32,596,2009,21499.810546875
32,596,2010,28186.345703125
32,596,2011,24420.2734375
32,596,2012,25994.990234375
32,596,2013,26178.515625
32,597,1994,23830.1484375
32,597,1995,25118.87109375
32,597,1996,23994.310546875
32,597,1997,21343.794921875
32,597,1998,23318.3134765625
32,597,1999,23380.4150390625
32,597,2000,26204.23828125
32,597,2001,23519.224609375
32,597,2002,23763.92578125
32,597,2003,21876.1611328125
32,597,2004,23469.896484375
32,597,2005,22626.73046875
32,597,2006,22323.5791015625
32,597,2007,23025.5478515625
32,597,2008,22463.626953125
32,597,2009,22989.111328125
32,597,2010,25824.392578125
32,597,2011,24855.810546875
32,597,2012,23960.919921875
32,597,2013,24172
32,598,1994,24799.1015625
32,598,1995,24316.1328125
32,598,1996,24335.5546875
32,598,1997,22110.982421875
32,598,1998,22525.068359375
32,598,1999,23573.3740234375
32,598,2000,24217.205078125
32,598,2001,23196.6044921875
32,598,2002,22358.5732421875
32,598,2003,21634.57421875
32,598,2004,21726.01953125
32,598,2005,20715.3720703125
32,598,2006,21163.53515625
32,598,2007,20726.751953125
32,598,2008,20680.1328125
32,598,2009,21518.7890625
32,598,2010,23337.103515625
32,598,2011,21115.55078125
32,598,2012,21607.255859375
32,598,2013,21291.1875
32,599,1994,15582.662109375
32,599,1995,16869.72265625
32,599,1996,16129.5283203125
32,599,1997,13322.728515625
32,599,1998,16511.43359375
32,599,1999,14932.7841796875
32,599,2000,17863.005859375
32,599,2001,14890.595703125
32,599,2002,16423.85546875
32,599,2003,15563.630859375
32,599,2004,16873.31884765625
32,599,2005,16090.7998046875
32,599,2006,16343.39111328125
32,599,2007,17278.1787109375
32,599,2008,15864.6279296875
32,599,2009,18952.521484375
32,599,2010,21893.259765625
32,599,2011,19914.26953125
32,599,2012,19536.466796875
32,599,2013,19241.677734375
32,600,1994,28265.0625
32,600,1995,28992.15625
32,600,1996,27719.443359375
32,600,1997,23972.9248046875
32,600,1998,25374.447265625
32,600,1999,26758.318359375
32,600,2000,28377.880859375
32,600,2001,26853.208984375
32,600,2002,27464.4521484375
32,600,2003,27044.7490234375
32,600,2004,28729.205078125
32,600,2005,28261.1689453125
32,600,2006,28986.7421875
32,600,2007,29597.326171875
32,600,2008,27570.40625
32,600,2009,31943.404296875
32,600,2010,34010.9921875
32,600,2011,30645.009765625
32,600,2012,31435.544921875
32,600,2013,31461.814453125
32,601,1994,29508.8037109375
32,601,1995,29957.236328125
32,601,1996,29213.17578125
32,601,1997,26139.3056640625
32,601,1998,27623.8671875
32,601,1999,30419.1943359375
32,601,2000,33175.0458984375
32,601,2001,34207.072265625
32,601,2002,33682.0009765625
32,601,2003,31298.849609375
32,601,2004,32483.7431640625
32,601,2005,32832.52734375
32,601,2006,34169.796875
32,601,2007,34160.9501953125
32,601,2008,33309.03125
32,601,2009,36798.25390625
32,601,2010,39650.6484375
32,601,2011,37298.4296875
32,601,2012,38958.625
32,601,2013,38707.92578125
33,602,1994,59628.09765625
33,602,1995,65463.640625
33,602,1996,70695.515625
33,602,1997,68750.46484375
33,602,1998,70943.16015625
33,602,1999,77206.125
33,602,2000,77609.1796875
33,602,2001,80717.15625
33,602,2002,76906.484375
33,602,2003,80008.890625
33,602,2004,76562.41015625
33,602,2005,75127.25390625
33,602,2006,77725.5546875
33,602,2007,84276.67578125
33,602,2008,86221.5234375
33,602,2009,89041.8515625
33,602,2010,95829.9375
33,602,2011,88258.0078125
33,602,2012,92808.0859375
33,602,2013,91237.625
33,603,1994,15141.2734375
33,603,1995,15249.0673828125
33,603,1996,15922.3818359375
33,603,1997,15593.1806640625
33,603,1998,15559.8349609375
33,603,1999,15922.1142578125
33,603,2000,15521.68798828125
33,603,2001,16014.89501953125
33,603,2002,15903.7197265625
33,603,2003,15997.11279296875
33,603,2004,16066.61767578125
33,603,2005,16275.615234375
33,603,2006,16181.69482421875
33,603,2007,16106.8359375
33,603,2008,16222.34375
33,603,2009,16298.810546875
33,603,2010,15655.7763671875
33,603,2011,15982.9189453125
33,603,2012,15854.90234375
33,603,2013,16020.5869140625
33,604,1994,44485.4765625
33,604,1995,51730.671875
33,604,1996,56754.77734375
33,604,1997,54157.068359375
33,604,1998,57560.009765625
33,604,1999,61909.802734375
33,604,2000,64674.646484375
33,604,2001,66771.703125
33,604,2002,66562.337890625
33,604,2003,70201.64453125
33,604,2004,68193.912109375
33,604,2005,68331.58203125
33,604,2006,72311.39453125
33,604,2007,78794.26171875
33,604,2008,83776.671875
33,604,2009,90369.890625
33,604,2010,97513.0234375
33,604,2011,91011.921875
33,604,2012,90060.0859375
33,604,2013,90659.3515625
33,605,1994,51511.95703125
33,605,1995,59751.578125
33,605,1996,61751.390625
33,605,1997,59167.4375
33,605,1998,64265.6796875
33,605,1999,67813.01953125
33,605,2000,70175.83203125
33,605,2001,69977.64453125
33,605,2002,71038.94140625
33,605,2003,70962.89453125
33,605,2004,67900.47265625
33,605,2005,64587.3046875
33,605,2006,66027.40234375
33,605,2007,71582.53515625
33,605,2008,72646.140625
33,605,2009,80884.7890625
33,605,2010,90084.0703125
33,605,2011,81590.90625
33,605,2012,72630.6015625
33,605,2013,72623.921875
33,606,1994,32517.6484375
33,606,1995,42552.8203125
33,606,1996,42484.359375
33,606,1997,37304.21875
33,606,1998,44057.48046875
33,606,1999,46480.3046875
33,606,2000,51122.19921875
33,606,2001,47889.6640625
33,606,2002,49656.966796875
33,606,2003,50010.09765625
33,606,2004,48892.509765625
33,606,2005,46264.134765625
33,606,2006,46607.259765625
33,606,2007,53907.59375
33,606,2008,54224.05859375
33,606,2009,62090.1015625
33,606,2010,69627.7265625
33,606,2011,61743.77734375
33,606,2012,56706.02734375
33,606,2013,56987.16015625
33,607,1994,53500.33984375
33,607,1995,62883.62890625
33,607,1996,61494.0546875
33,607,1997,55044.65234375
33,607,1998,62781.595703125
33,607,1999,67407.90625
33,607,2000,73565.84765625
33,607,2001,74773.48046875
33,607,2002,75226.17578125
33,607,2003,76208.44921875
33,607,2004,71342.4140625
33,607,2005,70055.61328125
33,607,2006,71529.4453125
33,607,2007,76913.5234375
33,607,2008,78757.265625
33,607,2009,88403.8828125
33,607,2010,93659.9296875
33,607,2011,84548.34375
33,607,2012,83320.59375
33,607,2013,82265.2890625
33,608,1994,57667.291015625
33,608,1995,62985.375
33,608,1996,60709.515625
33,608,1997,61409.646484375
33,608,1998,66165.775390625
33,608,1999,71919.6953125
33,608,2000,73109.78125
33,608,2001,72632.32421875
33,608,2002,71660.2421875
33,608,2003,70508.31640625
33,608,2004,68532.052734375
33,608,2005,69438.4609375
33,608,2006,70898.00390625
33,608,2007,74281.2109375
33,608,2008,75119.7734375
33,608,2009,83234.703125
33,608,2010,91525.6953125
33,608,2011,82339.3203125
33,608,2012,74004.8984375
33,608,2013,75193.9375
33,609,1994,36434.54296875
33,609,1995,40944.4921875
33,609,1996,40466.96875
33,609,1997,39909.412109375
33,609,1998,42607.560546875
33,609,1999,46082.8046875
33,609,2000,47885.693359375
33,609,2001,48040.568359375
33,609,2002,47531.361328125
33,609,2003,47609.75390625
33,609,2004,45188.837890625
33,609,2005,45220.6171875
33,609,2006,45850.54296875
33,609,2007,48359.072265625
33,609,2008,47688.5859375
33,609,2009,53959.5625
33,609,2010,57400.1328125
33,609,2011,52986.65625
33,609,2012,46089.6875
33,609,2013,46833.23828125
33,610,1994,41278.953125
33,610,1995,47113.890625
33,610,1996,45688.5390625
33,610,1997,46358.640625
33,610,1998,49788.248046875
33,610,1999,54027.0390625
33,610,2000,54618.478515625
33,610,2001,55519.265625
33,610,2002,55669.38671875
33,610,2003,54384.77734375
33,610,2004,50571.33203125
33,610,2005,51537.580078125
33,610,2006,53231.984375
33,610,2007,57076.525390625
33,610,2008,55260.7109375
33,610,2009,60787.453125
33,610,2010,70228.578125
33,610,2011,61773.69921875
33,610,2012,57663.6796875
33,610,2013,58738.2421875
33,611,1994,6947.98095703125
33,611,1995,10572.646484375
33,611,1996,11792.03125
33,611,1997,9295.3701171875
33,611,1998,12514.53759765625
33,611,1999,12635.3681640625
33,611,2000,15386.2783203125
33,611,2001,16576.337890625
33,611,2002,16456.0244140625
33,611,2003,15601.15673828125
33,611,2004,15154.55712890625
33,611,2005,14084.3994140625
33,611,2006,14494.3310546875
33,611,2007,15977.578125
33,611,2008,14704.505859375
33,611,2009,16886.916015625
33,611,2010,20264.5234375
33,611,2011,18199.5
33,611,2012,19633.58203125
33,611,2013,18021.185546875
33,612,1994,32684.1767578125
33,612,1995,44236.41015625
33,612,1996,41983.390625
33,612,1997,37997.185546875
33,612,1998,43734.41015625
33,612,1999,47761.8125
33,612,2000,50500.474609375
33,612,2001,49194.056640625
33,612,2002,49101.423828125
33,612,2003,52155.4453125
33,612,2004,48781.361328125
33,612,2005,46614.98046875
33,612,2006,46582.310546875
33,612,2007,51316.021484375
33,612,2008,49277.71875
33,612,2009,58162.51171875
33,612,2010,63792.5703125
33,612,2011,58669.47265625
33,612,2012,53386.1796875
33,612,2013,55627.1796875
33,613,1994,18330.326171875
33,613,1995,26351.8125
33,613,1996,24749.912109375
33,613,1997,23655.7099609375
33,613,1998,26825.921875
33,613,1999,28262.9169921875
33,613,2000,30359.3837890625
33,613,2001,29891.2431640625
33,613,2002,29294.8857421875
33,613,2003,31055.4921875
33,613,2004,28548.572265625
33,613,2005,28452.9736328125
33,613,2006,28575.66796875
33,613,2007,30560.755859375
33,613,2008,29444.046875
33,613,2009,34296.8203125
33,613,2010,36974.09375
33,613,2011,34088.16015625
33,613,2012,30944.6875
33,613,2013,31339.263671875
33,614,1994,34803.2138671875
33,614,1995,46109.96875
33,614,1996,44512.625
33,614,1997,42360.4921875
33,614,1998,47011.232421875
33,614,1999,49975.724609375
33,614,2000,52764.416015625
33,614,2001,52317.173828125
33,614,2002,51867.802734375
33,614,2003,54953.546875
33,614,2004,50329.703125
33,614,2005,50111.29296875
33,614,2006,50175.166015625
33,614,2007,54268.17578125
33,614,2008,53759.48046875
33,614,2009,59690.71875
33,614,2010,63515.578125
33,614,2011,59589.49609375
33,614,2012,56173.46484375
33,614,2013,55405.51171875
33,615,1994,8393.7705078125
33,615,1995,13110.6572265625
33,615,1996,12409.80859375
33,615,1997,10414.39599609375
33,615,1998,12754.24267578125
33,615,1999,13770.92041015625
33,615,2000,14968.50439453125
33,615,2001,14234.2109375
33,615,2002,14806.07275390625
33,615,2003,15501.17822265625
33,615,2004,14321.6103515625
33,615,2005,13829.43896484375
33,615,2006,13773.7607421875
33,615,2007,15101.38037109375
33,615,2008,15284.001953125
33,615,2009,17650.822265625
33,615,2010,20404.2421875
33,615,2011,18223.837890625
33,615,2012,17097.744140625
33,615,2013,16629.89453125
33,616,1994,10638.4775390625
33,616,1995,15453.6923828125
33,616,1996,16381.50390625
33,616,1997,13923.78271484375
33,616,1998,16135.93017578125
33,616,1999,17276.388671875
33,616,2000,19560.20703125
33,616,2001,19610.8330078125
33,616,2002,19544.7841796875
33,616,2003,20966.6669921875
33,616,2004,19481.767578125
33,616,2005,18404.0283203125
33,616,2006,17849.513671875
33,616,2007,20008.177734375
33,616,2008,20516.353515625
33,616,2009,23670.859375
33,616,2010,23339.77734375
33,616,2011,22402.974609375
33,616,2012,21244.830078125
33,616,2013,20827.896484375
33,617,1994,38607.4375
33,617,1995,46224.34765625
33,617,1996,48894.1796875
33,617,1997,42598.98828125
33,617,1998,47900.630859375
33,617,1999,51435.830078125
33,617,2000,54370.041015625
33,617,2001,58115.041015625
33,617,2002,56605.23046875
33,617,2003,58344.265625
33,617,2004,54920.271484375
33,617,2005,54197.521484375
33,617,2006,54728.548828125
33,617,2007,58558.220703125
33,617,2008,60364.98046875
33,617,2009,65150.90625
33,617,2010,67051.578125
33,617,2011,62507.57421875
33,617,2012,63430.84375
33,617,2013,61027.0078125
33,618,1994,23996.64453125
33,618,1995,28757.685546875
33,618,1996,28418.46875
33,618,1997,25291.515625
33,618,1998,28308.6171875
33,618,1999,29422.0908203125
33,618,2000,32409.5322265625
33,618,2001,35654.607421875
33,618,2002,33973.498046875
33,618,2003,35874.462890625
33,618,2004,32314.1748046875
33,618,2005,30610.125
33,618,2006,29041.9560546875
33,618,2007,30875.6201171875
33,618,2008,29659.970703125
33,618,2009,33513.5546875
33,618,2010,32977.1796875
33,618,2011,30823.45703125
33,618,2012,29029.81640625
33,618,2013,28826.36328125
33,619,1994,22023.818359375
33,619,1995,26658.912109375
33,619,1996,25165.330078125
33,619,1997,23105.43359375
33,619,1998,26661.859375
33,619,1999,26000.5966796875
33,619,2000,27649.4443359375
33,619,2001,32031.0302734375
33,619,2002,28874.51171875
33,619,2003,30779.1435546875
33,619,2004,27755.0478515625
33,619,2005,26505.197265625
33,619,2006,25251.220703125
33,619,2007,26175.1845703125
33,619,2008,24497.337890625
33,619,2009,28336.369140625
33,619,2010,27239.65234375
33,619,2011,25449.21875
33,619,2012,23489.23828125
33,619,2013,22678.021484375
33,620,1994,31739.076171875
33,620,1995,37158.8671875
33,620,1996,38677.890625
33,620,1997,36587.984375
33,620,1998,40724.90234375
33,620,1999,43494.501953125
33,620,2000,46946.521484375
33,620,2001,50822.98046875
33,620,2002,47859.826171875
33,620,2003,51696.318359375
33,620,2004,48278.90625
33,620,2005,45387.587890625
33,620,2006,44616.048828125
33,620,2007,47459.19921875
33,620,2008,45777.68359375
33,620,2009,53019.18359375
33,620,2010,51188.33203125
33,620,2011,47226.30078125
33,620,2012,43106.76953125
33,620,2013,43228.515625
33,621,1994,23188.7470703125
33,621,1995,37393.66015625
33,621,1996,36598.859375
33,621,1997,33361.017578125
33,621,1998,37645.419921875
33,621,1999,42036.2421875
33,621,2000,46264.953125
33,621,2001,44214.0625
33,621,2002,44220.55859375
33,621,2003,49633.333984375
33,621,2004,44060.0625
33,621,2005,42404.095703125
33,621,2006,42701.0390625
33,621,2007,46975.123046875
33,621,2008,44555.45703125
33,621,2009,51848.62890625
33,621,2010,53186.15234375
33,621,2011,49213.85546875
33,621,2012,45444.37109375
33,621,2013,45114.3359375
33,622,1994,17148.92919921875
33,622,1995,30213.953125
33,622,1996,25958.91015625
33,622,1997,25896.703125
33,622,1998,29546.974609375
33,622,1999,33817.85546875
33,622,2000,35941.4501953125
33,622,2001,33800.0537109375
33,622,2002,34774.0087890625
33,622,2003,38779.84765625
33,622,2004,35334.3779296875
33,622,2005,34260.07421875
33,622,2006,34184.775390625
33,622,2007,36487.03125
33,622,2008,35443.734375
33,622,2009,41594.57421875
33,622,2010,43354.65234375
33,622,2011,40137.0234375
33,622,2012,37393.1953125
33,622,2013,38280.828125
33,623,1994,32660.869140625
33,623,1995,37295.81640625
33,623,1996,36985.3671875
33,623,1997,34973.533203125
33,623,1998,38636.171875
33,623,1999,41498.59765625
33,623,2000,42824.583984375
33,623,2001,40869.2890625
33,623,2002,40451.193359375
33,623,2003,44172.5078125
33,623,2004,41125.453125
33,623,2005,40429.654296875
33,623,2006,40288.07421875
33,623,2007,42560.1015625
33,623,2008,43190.2578125
33,623,2009,47816.22265625
33,623,2010,50768.08984375
33,623,2011,46788.328125
33,623,2012,43460.8984375
33,623,2013,45118.296875
33,624,1994,13400.49072265625
33,624,1995,16340.2587890625
33,624,1996,15557.2509765625
33,624,1997,13806.44140625
33,624,1998,17202.06787109375
33,624,1999,18493.8515625
33,624,2000,19955.671875
33,624,2001,18071.330078125
33,624,2002,19609.3720703125
33,624,2003,19408.728515625
33,624,2004,19989.91015625
33,624,2005,18651.1767578125
33,624,2006,18102.9111328125
33,624,2007,20077.0341796875
33,624,2008,19368.353515625
33,624,2009,22122.56640625
33,624,2010,25264.22265625
33,624,2011,22446.68359375
33,624,2012,20858.423828125
33,624,2013,21701.498046875
33,625,1994,28820.3505859375
33,625,1995,36294.8359375
33,625,1996,33996.953125
33,625,1997,33058.771484375
33,625,1998,36332.162109375
33,625,1999,39075.765625
33,625,2000,41241.166015625
33,625,2001,38388.150390625
33,625,2002,39075.30078125
33,625,2003,42938.625
33,625,2004,40607.234375
33,625,2005,38507.08984375
33,625,2006,37650.94921875
33,625,2007,39762.64453125
33,625,2008,40607.953125
33,625,2009,44592.12890625
33,625,2010,48556.7890625
33,625,2011,45163.984375
33,625,2012,41884.67578125
33,625,2013,42057.33984375
33,626,1994,10648.99951171875
33,626,1995,20583.3828125
33,626,1996,17267.482421875
33,626,1997,18744.935546875
33,626,1998,22022.4306640625
33,626,1999,23061.6484375
33,626,2000,27960.474609375
33,626,2001,26423.15234375
33,626,2002,28682.5576171875
33,626,2003,32494.083984375
33,626,2004,30370.9775390625
33,626,2005,28852.2236328125
33,626,2006,27570.06640625
33,626,2007,29262.33984375
33,626,2008,28351.890625
33,626,2009,32890.6875
33,626,2010,36000.23828125
33,626,2011,32386.96484375
33,626,2012,29754.130859375
33,626,2013,30276.33984375
33,627,1994,27569.8662109375
33,627,1995,37273.84765625
33,627,1996,35451.0625
33,627,1997,36503.470703125
33,627,1998,40108.291015625
33,627,1999,40825.681640625
33,627,2000,44969.62890625
33,627,2001,43344.98046875
33,627,2002,43372.52734375
33,627,2003,47212.796875
33,627,2004,44472.583984375
33,627,2005,43305.470703125
33,627,2006,41545.580078125
33,627,2007,44052.267578125
33,627,2008,43272.70703125
33,627,2009,48582.08203125
33,627,2010,53659.8046875
33,627,2011,52229.0546875
33,627,2012,48929.671875
33,627,2013,48277.2109375
33,628,1994,43352.482421875
33,628,1995,54869.8203125
33,628,1996,54525.40625
33,628,1997,52403.16015625
33,628,1998,60766.427734375
33,628,1999,63673.0546875
33,628,2000,67590.744140625
33,628,2001,66020.59765625
33,628,2002,65874.708984375
33,628,2003,70268.00390625
33,628,2004,66214.216796875
33,628,2005,67150.51953125
33,628,2006,68012.921875
33,628,2007,69790.46484375
33,628,2008,71554.234375
33,628,2009,79773.796875
33,628,2010,88663.453125
33,628,2011,82857.5859375
33,628,2012,76782.0390625
33,628,2013,75466.859375
33,629,1994,13334.39697265625
33,629,1995,15245.5595703125
33,629,1996,14851.5595703125
33,629,1997,16140.4970703125
33,629,1998,18447.462890625
33,629,1999,21187.4853515625
33,629,2000,22821.009765625
33,629,2001,22373.55859375
33,629,2002,22237.0341796875
33,629,2003,23101.373046875
33,629,2004,23437.3779296875
33,629,2005,23830.619140625
33,629,2006,23670.4775390625
33,629,2007,23760.3076171875
33,629,2008,24617.537109375
33,629,2009,26405.0234375
33,629,2010,30029.2265625
33,629,2011,27665.990234375
33,629,2012,25072.02734375
33,629,2013,25238.02734375
33,630,1994,17869.1005859375
33,630,1995,25081.93359375
33,630,1996,21590.244140625
33,630,1997,21164.736328125
33,630,1998,23452.7109375
33,630,1999,26321.873046875
33,630,2000,30757.701171875
33,630,2001,29771.6982421875
33,630,2002,32381.1845703125
33,630,2003,29561.037109375
33,630,2004,27997.40625
33,630,2005,27543.765625
33,630,2006,28614.9306640625
33,630,2007,32224.3125
33,630,2008,30609.544921875
33,630,2009,36069.39453125
33,630,2010,40907.10546875
33,630,2011,37974.04296875
33,630,2012,34028.4609375
33,630,2013,33384.14453125
33,631,1994,21466.6806640625
33,631,1995,29977.716796875
33,631,1996,28515.162109375
33,631,1997,26673.5283203125
33,631,1998,29661.51171875
33,631,1999,31589.3984375
33,631,2000,36266.7421875
33,631,2001,36579.02734375
33,631,2002,38613.064453125
33,631,2003,37109.732421875
33,631,2004,36688.4716796875
33,631,2005,37683.84375
33,631,2006,37194.859375
33,631,2007,40676.5859375
33,631,2008,40252.7890625
33,631,2009,46036.47265625
33,631,2010,51365.828125
33,631,2011,50177.5859375
33,631,2012,45048.50390625
33,631,2013,45341.0234375
33,632,1994,51084.62109375
33,632,1995,59898.99609375
33,632,1996,62082.625
33,632,1997,59795.541015625
33,632,1998,64394.98828125
33,632,1999,67638.0234375
33,632,2000,69619.2734375
33,632,2001,70863.50390625
33,632,2002,69086.3515625
33,632,2003,68235.703125
33,632,2004,65630.4765625
33,632,2005,64316.654296875
33,632,2006,64726.3515625
33,632,2007,67832.01953125
33,632,2008,69597.2265625
33,632,2009,75321
33,632,2010,84588.828125
33,632,2011,77199.921875
33,632,2012,74199.796875
33,632,2013,74672.953125
33,633,1994,41828.740234375
33,633,1995,52523.91015625
33,633,1996,50787.58203125
33,633,1997,48921.017578125
33,633,1998,54720.296875
33,633,1999,57999.466796875
33,633,2000,59549.34375
33,633,2001,58494.705078125
33,633,2002,57665.138671875
33,633,2003,59396.107421875
33,633,2004,56041.833984375
33,633,2005,56560.90234375
33,633,2006,58094.591796875
33,633,2007,60935.115234375
33,633,2008,61456.94140625
33,633,2009,68181.4609375
33,633,2010,75883.328125
33,633,2011,70628.5703125
33,633,2012,64227.37890625
33,633,2013,65780.0703125
34,634,1994,260.12725830078125
34,634,1995,371.8449096679687
34,634,1996,383.8599853515625
34,634,1997,424.2930603027344
34,634,1998,434.7833557128906
34,634,1999,458.51080322265625
34,634,2000,465.24269104003906
34,634,2001,525.4223480224609
34,634,2002,606.2312316894531
34,634,2003,548.61920166015625
34,634,2004,633.27801513671875
34,634,2005,603.55242919921875
34,634,2006,693.1021728515625
34,634,2007,1025.0765075683594
34,634,2008,1122.2161865234375
34,634,2009,1380.1505126953125
34,634,2010,1397.126220703125
34,634,2011,1512.29833984375
34,634,2012,972.61541748046875
34,634,2013,1078.8411865234375
34,635,1994,9476.6416015625
34,635,1995,10699.2080078125
34,635,1996,11439.927734375
34,635,1997,10618.21044921875
34,635,1998,11045.94140625
34,635,1999,11685.76611328125
34,635,2000,11804.60302734375
34,635,2001,12882.7822265625
34,635,2002,13057.38427734375
34,635,2003,13537.15771484375
34,635,2004,13352.1005859375
34,635,2005,13334.80810546875
34,635,2006,13886.29443359375
34,635,2007,14309.38818359375
34,635,2008,15452.0615234375
34,635,2009,16224.2890625
34,635,2010,17013.54296875
34,635,2011,15340.650390625
34,635,2012,17086.5703125
34,635,2013,16955.931640625
34,636,1994,516.4779357910156
34,636,1995,492.9421997070313
34,636,1996,428.1304016113281
34,636,1997,457.3403015136719
34,636,1998,491.779541015625
34,636,1999,470.46424865722656
34,636,2000,481.1929016113281
34,636,2001,428.33799743652344
34,636,2002,440.22129821777344
34,636,2003,453.4200897216797
34,636,2004,448.6569061279297
34,636,2005,460.2592010498047
34,636,2006,459.79620361328125
34,636,2007,432.1053924560547
34,636,2008,431.5683898925781
34,636,2009,460.9823913574219
34,636,2010,474.2289123535156
34,636,2011,459.48150634765625
34,636,2012,422.83050537109375
34,636,2013,419.80999755859375
34,637,1994,4036.179443359375
34,637,1995,4366.271484375
34,637,1996,4525.64892578125
34,637,1997,4205.63525390625
34,637,1998,4529.227294921875
34,637,1999,4562.050048828125
34,637,2000,4608.50537109375
34,637,2001,4967.370361328125
34,637,2002,4804.718017578125
34,637,2003,5164.297119140625
34,637,2004,4676.696044921875
34,637,2005,4838.352783203125
34,637,2006,4713.316650390625
34,637,2007,4976.1484375
34,637,2008,5128.4345703125
34,637,2009,5419.9404296875
34,637,2010,5705.9150390625
34,637,2011,5371.4931640625
34,637,2012,5989.13330078125
34,637,2013,5641.7158203125
35,638,1994,577.3896942138672
35,638,1995,1035.908447265625
35,638,1996,980.4718017578124
35,638,1997,903.80413818359375
35,638,1998,956.4487609863281
35,638,1999,815.3786926269531
35,638,2000,2283.8638610839844
35,638,2001,1070.3159790039062
35,638,2002,2263.6072692871094
35,638,2003,1993.77685546875
35,638,2004,1983.5018310546875
35,638,2005,1233.5189514160156
35,638,2006,1637.1945495605469
35,638,2007,3051.361083984375
35,638,2008,1890.4384765625
35,638,2009,2937.998779296875
35,638,2010,6499.98974609375
35,638,2011,5182.20166015625
35,638,2012,5371.31982421875
35,638,2013,5230.8720703125
35,639,1994,874.6490325927734
35,639,1995,1294.165771484375
35,639,1996,1356.4898681640625
35,639,1997,883.0267333984375
35,639,1998,1392.4559936523438
35,639,1999,1250.2285766601562
35,639,2000,4460.863708496094
35,639,2001,2248.8468017578125
35,639,2002,4392.27294921875
35,639,2003,3675.6025390625
35,639,2004,4733.176025390625
35,639,2005,3630.171142578125
35,639,2006,3885.6793212890625
35,639,2007,6651.0185546875
35,639,2008,4619.884765625
35,639,2009,6349.63671875
35,639,2010,13236.37109375
35,639,2011,11031.60546875
35,639,2012,10654.5224609375
35,639,2013,10309.27734375
35,640,1994,3895.3665771484375
35,640,1995,5208.46142578125
35,640,1996,5155.2509765625
35,640,1997,4080.2333984375
35,640,1998,4569.228515625
35,640,1999,3901.5640869140625
35,640,2000,6059.3447265625
35,640,2001,4536.7371826171875
35,640,2002,6403.59130859375
35,640,2003,6246.162109375
35,640,2004,6436.47607421875
35,640,2005,5126.2705078125
35,640,2006,6271.450927734375
35,640,2007,8396.3466796875
35,640,2008,6783.07861328125
35,640,2009,8729.2431640625
35,640,2010,13584.8837890625
35,640,2011,11520.3857421875
35,640,2012,11248.4833984375
35,640,2013,11332.37109375
