pc11_state_id,pc11_district_id,year,roads_completed,road_length_km
01,001,2006,1,2.21
01,001,2010,13,46.21
01,001,2011,4,30.4
01,001,2012,4,15
01,001,2013,6,27.63
01,002,2005,1,1.33
01,002,2007,2,5.64
01,002,2008,3,8.05
01,002,2009,1,5.25
01,002,2010,7,33.02
01,002,2011,4,15.69
01,002,2012,6,16.79
01,002,2013,2,4.5
01,002,2014,3,8.5
01,003,2004,3,4.6
01,003,2007,3,7.75
01,003,2008,2,6
01,003,2009,2,10
01,003,2010,1,2.75
01,003,2012,1,13.7
01,004,2005,1,2.5
01,004,2006,1,3
01,004,2008,5,22.85
01,004,2009,1,5.64
01,004,2010,3,17.5
01,004,2012,3,8
01,004,2013,1,2.77
01,004,2014,2,12.1
01,005,2007,3,12
01,005,2008,1,5.75
01,005,2009,1,2
01,005,2010,10,34
01,005,2011,2,6
01,005,2012,8,31
01,005,2013,8,38
01,005,2014,8,39.5
01,006,2006,3,11.4
01,006,2007,8,39.599999999999994
01,006,2008,4,12
01,006,2009,11,66
01,006,2010,18,101.95
01,006,2011,11,67.2
01,006,2012,11,60.779999999999994
01,006,2013,27,168.18000000000004
01,006,2014,12,116.25999999999999
01,006,2015,1,7
01,007,2005,1,2.3
01,007,2006,5,6.33
01,007,2007,6,10.2
01,007,2008,6,20.6
01,007,2009,1,0.53
01,007,2010,8,39.699999999999996
01,007,2011,6,21.45
01,007,2012,4,18.37
01,007,2013,6,24.85
01,007,2014,6,20.04
01,008,2007,1,2.5
01,008,2008,7,29.8
01,008,2010,17,64.05
01,008,2011,3,5
01,008,2012,12,34.980000000000004
01,008,2013,5,51.15
01,009,2011,2,5
01,009,2012,3,16
01,009,2013,1,4.5
01,010,2012,1,5.51
01,010,2013,2,5.63
01,011,2006,1,1.21
01,011,2009,3,15.5
01,011,2010,2,5.9
01,011,2011,2,7.42
01,011,2012,4,25.35
01,011,2013,5,8.2
01,011,2014,1,1.35
01,012,2004,1,1.9
01,012,2006,2,2.35
01,012,2007,11,32.83
01,012,2008,1,1.5
01,012,2009,16,26.5
01,012,2010,6,22.18
01,012,2011,5,7.5
01,012,2012,10,18.95
01,012,2013,2,2.03
01,013,2005,1,1.89
01,013,2007,14,34.2
01,013,2008,1,3
01,013,2009,12,27.450000000000003
01,013,2010,2,7
01,013,2012,5,18.25
01,013,2013,2,4.3
01,014,2004,7,8.05
01,014,2005,1,5.5
01,014,2006,3,5.67
01,014,2007,2,3.9
01,014,2008,6,14.5
01,014,2009,11,20.88
01,014,2010,6,8.29
01,014,2011,5,12.75
01,014,2012,21,45.95
01,014,2013,11,45.85
01,015,2004,1,1
01,015,2005,1,3.8
01,015,2007,2,4.5
01,015,2008,12,25.46
01,015,2009,8,15.870000000000001
01,015,2010,9,14.23
01,015,2011,3,4.14
01,015,2012,7,12.73
01,015,2014,1,1.5
01,016,2009,2,12
01,016,2010,6,27.75
01,016,2011,2,7.6
01,016,2012,8,48
01,016,2013,18,141.05
01,016,2014,18,126.45000000000002
01,016,2015,10,137.2
01,017,2004,1,3.01
01,017,2013,2,9.25
01,017,2014,6,95.10000000000001
01,018,2009,2,5.3
01,018,2011,1,5
01,018,2012,4,27.560000000000002
01,018,2013,1,6.2
01,018,2014,3,25.869999999999997
01,018,2015,1,3.38
01,019,2004,3,15
01,019,2006,3,10
01,019,2008,2,15
01,019,2009,3,24
01,019,2010,9,36.57
01,019,2011,11,63.309999999999995
01,019,2012,12,47.480000000000004
01,019,2013,29,250.32999999999998
01,019,2014,23,222.27
01,019,2015,3,20.25
01,020,2010,2,13.5
01,020,2011,5,24.3
01,020,2012,4,16.409999999999997
01,020,2013,24,399.9
01,021,2004,5,15.22
01,021,2006,8,41.76
01,021,2008,10,39.25
01,021,2009,9,55.96000000000001
01,021,2010,19,62.65
01,021,2011,14,50.45000000000001
01,021,2012,8,40.03
01,021,2013,5,33.45
01,021,2014,1,6.6
01,022,2007,4,14
01,022,2009,2,2.73
01,022,2010,1,6
01,022,2012,3,16.15
01,022,2013,2,5.5
01,022,2014,4,12.92
02,024,2005,1,1.2
02,024,2009,1,1.75
02,024,2012,1,1
02,027,2008,1,6.21
02,029,2002,1,4
02,029,2005,1,4
02,029,2006,1,3
02,029,2007,14,89.38
02,029,2008,7,28.59
02,029,2009,6,24.55
02,029,2013,1,5.53
02,029,2014,1,3.33
02,030,2008,1,1.75
02,032,2003,1,8.5
02,032,2006,1,19
02,032,2007,1,13.48
02,033,2007,1,6.15
02,033,2010,1,38.13
02,034,2004,1,2
03,035,2002,3,3.33
03,035,2003,20,36.800000000000004
03,035,2004,17,30.03
03,035,2005,20,40.17999999999999
03,035,2006,21,45.61
03,035,2007,2,7.23
03,036,2003,22,41.63
03,037,2002,2,2.6
03,037,2003,17,21.75
03,038,2002,1,0.95
03,038,2003,11,16.11
03,038,2004,1,3
03,039,2002,1,2.7
03,039,2003,7,9.14
03,039,2004,7,7.750000000000001
03,042,2003,1,0.9
03,043,2003,10,27.93
03,043,2004,2,8.5
03,043,2005,1,4
03,043,2013,1,1.4
03,044,2002,2,3.3
03,044,2003,28,38.52
03,045,2003,3,9.25
03,046,2003,5,7.79
03,046,2013,2,3.17
03,047,2002,2,5
03,047,2003,10,23.229999999999997
03,047,2004,2,2.55
03,048,2002,2,4.109999999999999
03,048,2003,1,0.91
03,049,2002,6,9.24
03,049,2003,2,3.66
03,049,2004,2,2.38
03,049,2005,12,25.22
03,049,2006,10,20.05
03,049,2013,1,2.2
03,050,2002,11,27.940000000000005
03,050,2003,6,10.399999999999999
03,050,2004,3,4.15
03,050,2005,8,17.14
03,051,2003,12,21.660000000000004
03,051,2007,8,24.550000000000004
03,053,2003,1,1.85
03,053,2004,1,1.68
03,054,2003,1,4
03,054,2004,2,3.36
05,056,2005,3,15.600000000000001
05,056,2006,2,22
05,056,2008,3,18.89
05,056,2009,10,134.65999999999997
05,056,2010,6,43.6
05,056,2012,2,7.67
05,056,2013,2,11.700000000000001
05,056,2014,2,11.74
05,057,2003,1,3.25
05,057,2004,5,18.25
05,057,2008,10,114.66
05,057,2009,24,382.7299999999999
05,057,2010,13,175.26999999999998
05,057,2011,29,620.26
05,057,2012,7,70.42
05,057,2013,3,29.79
05,057,2014,16,197.18000000000004
05,058,2004,1,4.5
05,058,2007,6,36
05,058,2008,1,9
05,058,2009,24,270.5000000000001
05,058,2010,15,156.5
05,058,2011,16,201.83999999999997
05,058,2012,10,100.81000000000002
05,058,2013,10,92.66
05,058,2014,5,141.17
05,059,2005,1,4
05,059,2007,2,22
05,059,2008,29,338.52
05,059,2009,21,187.94000000000003
05,059,2010,22,256.71000000000004
05,059,2011,7,37.910000000000004
05,059,2012,8,107.25000000000001
05,059,2013,4,40
05,059,2014,4,26.61
05,060,2003,3,25.5
05,060,2004,2,10
05,060,2005,2,10
05,060,2008,10,135.68000000000004
05,060,2009,6,49.709999999999994
05,060,2010,14,170.21
05,060,2011,2,16
05,060,2014,2,5
05,061,2003,1,5.5
05,061,2004,1,6
05,061,2006,6,52.69
05,061,2007,12,96.12
05,061,2008,32,283.28999999999996
05,061,2009,6,20.240000000000002
05,061,2010,22,285.13
05,061,2011,6,60.89
05,061,2012,7,62.849999999999994
05,061,2013,5,43.8
05,061,2014,6,28.049999999999997
05,061,2015,1,2
05,062,2005,9,35
05,062,2006,2,6
05,062,2007,2,17.9
05,062,2009,10,63.75
05,062,2010,5,48.05
05,062,2011,4,23.9
05,062,2012,2,19
05,062,2013,3,27.560000000000002
05,062,2014,2,12.48
05,063,2006,2,12
05,063,2007,2,14
05,063,2008,1,4.62
05,063,2009,6,58.84
05,063,2010,10,88.44
05,063,2011,25,299.30000000000007
05,063,2012,20,216.06000000000003
05,063,2013,1,4.62
05,063,2014,2,14.7
05,064,2004,1,4
05,064,2005,3,13
05,064,2006,2,10
05,064,2007,9,124.17999999999999
05,064,2008,4,44.4
05,064,2009,25,278.71999999999997
05,064,2010,10,122.24000000000001
05,064,2011,33,544.8599999999999
05,064,2012,6,33.11
05,064,2013,22,214.18999999999994
05,064,2014,11,191.81
05,064,2015,1,2.25
05,065,2004,5,34
05,065,2005,1,5
05,065,2006,2,3.62
05,065,2007,2,13
05,065,2008,13,186.3
05,065,2009,4,29.5
05,065,2010,13,165.63
05,065,2011,8,37.78
05,065,2012,5,60.2
05,065,2013,2,40
05,065,2015,1,20
05,066,2004,1,7.78
05,066,2005,8,57
05,066,2006,1,4
05,066,2007,3,38.94
05,066,2008,3,21.4
05,066,2009,10,75.12
05,066,2010,7,98.84
05,066,2011,20,202.11
05,066,2012,7,88.66
05,066,2013,9,102.58
05,066,2014,3,22.36
05,067,2003,2,3.15
05,067,2004,7,13.5
05,067,2005,6,15.8
05,067,2006,2,5.26
05,067,2007,6,12.57
05,067,2009,1,2.3
05,067,2011,1,1.85
05,067,2012,6,33.6
05,068,2003,14,22.86
05,068,2004,2,8
08,099,2001,2,5.45
08,099,2002,2,18
08,099,2003,5,36
08,099,2004,14,92.69999999999999
08,099,2005,1,1.1
08,099,2006,10,31.160000000000004
08,099,2007,47,178.75
08,099,2008,2,5.9
08,100,2003,5,28.95
08,100,2004,5,52.5
08,100,2005,7,23.8
08,100,2006,5,16.83
08,100,2007,12,59.87
08,100,2008,8,27.75
08,100,2009,14,52.01
08,100,2010,3,13.88
08,100,2011,2,8.73
08,101,2001,2,6
08,101,2003,5,41
08,101,2004,54,344.1199999999999
08,101,2005,15,97.2
08,101,2006,19,129.14999999999998
08,101,2007,29,191.25
08,101,2008,21,149.75
08,101,2009,33,143.7
08,101,2010,4,14
08,101,2011,1,0
08,101,2012,8,44.5
08,101,2013,10,47.5
08,102,2001,2,13
08,102,2002,23,163
08,102,2003,21,159.7
08,102,2004,65,297.28000000000003
08,102,2005,34,171.17999999999998
08,102,2006,25,91.32000000000001
08,102,2007,28,111.35000000000001
08,102,2008,49,180.03
08,102,2009,8,29
08,102,2010,5,31.35
08,102,2012,1,5.2
08,103,2002,13,39.06
08,103,2003,6,11.93
08,103,2004,18,80.58999999999999
08,103,2005,17,51.559999999999995
08,103,2006,52,167.12
08,103,2007,69,199.38
08,103,2008,36,92.02999999999999
08,103,2009,13,36.35
08,103,2010,4,3
08,103,2012,11,30.200000000000003
08,103,2013,43,149.14999999999998
08,103,2014,8,18.880000000000003
08,104,2002,4,17
08,104,2003,46,98.17
08,104,2004,105,255.38999999999996
08,104,2005,25,47.42999999999999
08,104,2006,89,194.85
08,104,2007,137,300.0499999999998
08,104,2008,9,18.28
08,104,2010,6,0
08,104,2013,10,19.43
08,104,2014,7,16.35
08,105,2002,5,12.76
08,105,2003,30,96.55000000000001
08,105,2004,81,199.17000000000004
08,105,2005,34,97.62000000000002
08,105,2006,61,117.87999999999997
08,105,2007,84,159.51999999999995
08,105,2008,22,45.730000000000004
08,105,2009,2,3.5
08,105,2011,1,2.55
08,105,2013,4,6.48
08,105,2014,3,6.1
08,106,2003,21,51.169999999999995
08,106,2004,12,26
08,106,2005,35,80.68999999999998
08,106,2006,15,53.78
08,106,2007,67,127.10000000000004
08,106,2008,29,60.53
08,106,2009,1,2.05
08,106,2011,2,1
08,106,2012,1,2.1
08,106,2014,14,29.279999999999998
08,107,2003,20,66.22999999999999
08,107,2004,29,104.19999999999999
08,107,2005,23,58.02
08,107,2006,31,73.79
08,107,2007,56,153.53
08,107,2008,6,41.55
08,107,2009,2,1
08,107,2010,5,2.2
08,107,2011,1,0
08,108,2002,1,5.15
08,108,2003,16,67.25
08,108,2004,66,338.14
08,108,2005,46,237.62000000000006
08,108,2006,34,101.71999999999998
08,108,2007,55,148.95999999999998
08,108,2008,16,53.61
08,108,2009,11,39.65
08,108,2010,6,26.03
08,108,2011,8,9.33
08,108,2013,2,5.8
08,109,2002,7,20.6
08,109,2003,14,24.07
08,109,2004,66,170.53999999999996
08,109,2005,44,136.83999999999997
08,109,2006,39,77.57999999999998
08,109,2007,86,174.56
08,109,2008,21,60.16000000000001
08,109,2009,3,3.8
08,109,2010,12,0
08,109,2013,15,36.940000000000005
08,109,2014,38,126.69999999999996
08,110,2000,7,23.2
08,110,2001,3,0
08,110,2002,10,23.45
08,110,2003,19,39.550000000000004
08,110,2004,80,234.48000000000002
08,110,2005,19,47.86000000000001
08,110,2006,63,177.43
08,110,2007,256,772.0500000000001
08,110,2008,47,120.90000000000003
08,110,2009,23,0
08,110,2010,7,1.98
08,110,2011,7,0
08,110,2013,25,78.97000000000001
08,110,2014,13,35.98
08,110,2015,2,6.25
08,111,2002,13,38.5
08,111,2003,24,87.95
08,111,2004,29,99.39999999999998
08,111,2005,1,3.5
08,111,2006,59,270.9500000000001
08,111,2007,55,173.86999999999995
08,111,2008,23,117.12999999999998
08,111,2009,5,10.100000000000001
08,111,2011,1,0
08,111,2013,33,97.04999999999998
08,111,2014,6,11.96
08,112,2002,29,125.19999999999999
08,112,2004,105,451.6599999999999
08,112,2005,80,334.51000000000005
08,112,2006,84,324.30000000000007
08,112,2007,109,409.8399999999999
08,112,2008,88,297.1
08,112,2009,30,99.910000000000025
08,112,2010,3,0
08,112,2011,4,18.9
08,112,2012,15,53.00000000000001
08,112,2013,25,128.1
08,112,2014,24,79.05
08,112,2015,8,20.05
08,113,2003,10,31.7
08,113,2004,34,163.07000000000005
08,113,2005,6,25.93
08,113,2006,66,346.50999999999993
08,113,2007,60,284.36
08,113,2008,50,278.24999999999994
08,113,2009,15,74.5
08,113,2010,2,0
08,113,2011,2,10
08,113,2012,5,30.5
08,113,2013,21,76.85
08,113,2014,8,29
08,114,2003,7,48
08,114,2004,11,59.53
08,114,2005,29,257.75
08,114,2006,15,132.03
08,114,2007,26,190.65
08,114,2008,69,517.91
08,114,2009,16,336.05
08,115,2002,6,23.5
08,115,2003,24,118.64999999999999
08,115,2004,118,599.2500000000001
08,115,2005,100,648.1499999999997
08,115,2006,96,460.49000000000007
08,115,2007,283,1433.139999999999
08,115,2008,255,1135.9999999999998
08,115,2009,54,255.26000000000005
08,115,2010,12,20.470000000000002
08,115,2011,1,1
08,115,2012,13,37.79
08,115,2013,12,35.5
08,115,2014,10,34.75
08,116,2002,3,0
08,116,2003,10,36
08,116,2004,21,87.83
08,116,2005,21,103.55
08,116,2006,10,27.35
08,116,2007,35,97.910000000000025
08,116,2008,30,90.75
08,116,2009,2,0
08,116,2011,1,0
08,116,2012,3,8.33
08,116,2013,30,113.41999999999999
08,116,2014,7,23.6
08,117,2000,1,3
08,117,2002,5,15.6
08,117,2003,2,4.15
08,117,2004,21,82.93
08,117,2005,9,61.75
08,117,2006,26,96.97000000000001
08,117,2007,30,87.03
08,117,2008,12,23.220000000000002
08,117,2009,1,4.35
08,117,2011,1,0.9
08,117,2013,2,6.6
08,117,2014,5,10.7
08,118,2004,8,20.650000000000002
08,118,2005,38,161.51000000000002
08,118,2006,39,155.03000000000003
08,118,2007,68,235.85
08,118,2008,61,159.55
08,118,2009,9,25.75
08,118,2010,3,20
08,118,2011,1,0
08,118,2012,2,7.6
08,118,2013,9,21.3
08,118,2014,9,22.2
08,119,2002,2,13
08,119,2003,1,2.4
08,119,2004,19,73.89
08,119,2005,20,82.95999999999998
08,119,2006,23,89.10999999999999
08,119,2007,74,215.11999999999992
08,119,2008,25,55.769999999999996
08,119,2012,3,12.200000000000001
08,119,2013,7,19.2
08,120,2002,6,32.1
08,120,2003,6,20.42
08,120,2004,28,123.60000000000002
08,120,2005,32,124.98000000000002
08,120,2007,142,503.85999999999984
08,120,2008,4,19.55
08,120,2009,1,3.65
08,120,2010,1,0
08,121,2003,8,41.6
08,121,2004,16,55.35
08,121,2005,26,109.27999999999999
08,121,2006,17,49.980000000000004
08,121,2007,84,265.93
08,121,2008,32,94.98999999999997
08,121,2009,9,31.03
08,121,2010,4,17.45
08,121,2012,5,23.57
08,121,2013,1,1.1
08,122,2002,18,53.300000000000004
08,122,2004,69,254.76999999999998
08,122,2005,30,110.52000000000002
08,122,2006,91,314.00000000000006
08,122,2007,163,500.2299999999997
08,122,2008,23,72.30000000000001
08,122,2009,1,5.8
08,122,2010,1,0
08,122,2012,11,14.08
08,122,2013,2,12.6
08,122,2014,84,330.28999999999996
08,123,2001,1,0
08,123,2002,1,6.4
08,123,2003,1,0
08,123,2004,14,46.26
08,123,2005,9,20.819999999999997
08,123,2006,17,31.739999999999995
08,123,2007,134,469.28999999999985
08,123,2008,43,97.48000000000003
08,123,2009,14,39.190000000000005
08,123,2011,34,457.15999999999997
08,123,2012,3,45.75
08,123,2013,22,59.160000000000004
08,123,2014,16,91.49000000000001
08,124,2002,21,38.15
08,124,2004,26,87.94000000000001
08,124,2005,12,39.81
08,124,2006,20,47.690000000000005
08,124,2007,102,266.98
08,124,2008,84,175.82000000000002
08,124,2009,54,28.819999999999993
08,124,2010,5,12.28
08,124,2013,15,34.95
08,124,2014,14,37.26
08,125,2002,6,8.5
08,125,2003,22,70.16999999999999
08,125,2004,43,131.59
08,125,2005,9,26.81
08,125,2006,43,131.01000000000002
08,125,2007,121,345.8
08,125,2008,210,523.5100000000001
08,125,2009,59,92.3
08,125,2010,8,18.189999999999998
08,125,2012,13,25.45
08,125,2013,64,139.70000000000002
08,125,2014,6,14.05
08,126,2004,12,38.61
08,126,2005,25,116.99000000000001
08,126,2006,44,151.58000000000004
08,126,2007,125,382.2900000000002
08,126,2008,27,85.36
08,126,2009,3,18.7
08,126,2014,4,13.86
08,127,2003,4,12.2
08,127,2004,7,18.770000000000003
08,127,2005,18,78.41
08,127,2006,15,58.18
08,127,2007,49,171.39000000000001
08,127,2008,35,101.02000000000002
08,127,2009,6,32.550000000000004
08,128,2003,8,18
08,128,2004,16,69.72999999999999
08,128,2005,26,92.24999999999999
08,128,2006,28,89.86
08,128,2007,90,273.14
08,128,2008,49,244.34999999999994
08,128,2009,27,103.35000000000002
08,128,2010,17,101.05999999999999
08,128,2011,1,1.68
08,128,2012,4,18.4
08,128,2013,4,12.3
08,128,2014,3,20.55
08,128,2015,2,2.9
08,129,2002,8,44
08,129,2003,11,51.51
08,129,2004,72,330.6000000000001
08,129,2005,36,186.17999999999998
08,129,2006,59,220.2200000000001
08,129,2007,131,433.31000000000023
08,129,2008,49,174.64999999999998
08,129,2009,7,41.8
08,129,2011,1,3.05
08,129,2012,1,2.9
08,129,2013,2,7.9
08,129,2014,4,22.2
08,130,2002,6,49.1
08,130,2003,17,88.45
08,130,2004,71,260.86
08,130,2005,72,425.8100000000001
08,130,2006,55,201.32
08,130,2007,234,768.13
08,130,2008,191,671.2299999999994
08,130,2009,44,124.28
08,130,2010,10,61.58
08,130,2011,11,41.2
08,130,2012,22,66.36999999999999
08,130,2013,27,81.26999999999998
08,131,2002,2,0.84
08,131,2003,1,3
08,131,2004,1,3
08,131,2007,1,7
09,132,2001,30,43.919999999999995
09,132,2003,14,31.779999999999998
09,132,2005,6,9.030000000000001
09,132,2007,2,5.46
09,132,2008,3,3.45
09,132,2009,1,1.82
09,133,2002,23,37.04
09,133,2003,2,2.4000000000000004
09,133,2005,11,21.490000000000002
09,133,2007,10,20.3
09,133,2008,1,3
09,134,2003,19,26.37
09,134,2005,21,32.4
09,134,2007,20,32.550000000000004
09,135,2004,20,33.64
09,135,2005,8,9.469999999999999
09,135,2006,2,1.7999999999999998
09,135,2007,31,53.629999999999995
09,135,2008,27,37.77
09,135,2009,13,24.610000000000003
09,136,2002,13,14.03
09,136,2003,9,21.259999999999998
09,136,2006,23,40.31
09,136,2007,39,62.5
09,136,2008,27,48.04999999999998
09,136,2009,13,29.259999999999998
09,137,2000,8,0
09,137,2001,6,13.4
09,137,2002,15,27.310000000000002
09,137,2003,7,19.22
09,137,2004,3,4.73
09,137,2005,20,39.589999999999996
09,137,2006,4,10
09,137,2007,6,15.819999999999999
09,137,2008,41,69.88
09,137,2009,7,23.990000000000002
09,137,2013,3,4.3100000000000005
09,138,2001,2,1.3
09,138,2002,17,17.889999999999997
09,138,2003,45,65.36
09,140,2003,24,26.900000000000006
09,140,2004,2,4
09,140,2008,1,0.9
09,141,2003,18,20.37
09,141,2005,2,1.9899999999999998
09,141,2006,6,14.569999999999999
09,141,2008,1,1.35
09,142,2002,2,0.9
09,142,2003,12,15.930000000000001
09,142,2004,2,1.25
09,142,2005,7,7.430000000000001
09,142,2008,1,2.9
09,143,2001,1,1.6
09,143,2003,16,21.9
09,143,2004,2,1.75
09,143,2005,17,41.51
09,143,2007,37,44.540000000000006
09,143,2008,18,37.11
09,143,2009,2,3.0300000000000002
09,144,2001,41,58.580000000000005
09,144,2003,7,10.920000000000002
09,144,2005,26,31.430000000000003
09,144,2006,15,16.23
09,144,2007,13,16.74
09,144,2008,6,11.41
09,145,2002,15,18.54
09,145,2005,22,32.970000000000006
09,145,2007,11,20.42
09,145,2008,2,2.9299999999999997
09,146,2000,1,0.5
09,146,2001,75,106.45000000000002
09,146,2003,14,25.060000000000006
09,146,2004,1,2.3
09,146,2005,32,45.39
09,146,2007,33,54.48999999999999
09,146,2008,18,28.050000000000004
09,146,2013,12,16.75
09,147,2003,33,51.499999999999986
09,147,2005,1,1.65
09,147,2007,1,1.4
09,147,2008,36,79.44999999999997
09,147,2009,14,21.279999999999998
09,147,2010,1,1
09,148,2005,14,23.870000000000005
09,148,2008,31,46.06999999999998
09,148,2009,2,1.55
09,148,2010,6,27.6
09,148,2013,2,2.4
09,149,2003,24,56.64000000000001
09,149,2005,24,76.61000000000001
09,149,2006,24,36.33999999999999
09,149,2007,52,148.50999999999996
09,149,2008,35,70.03999999999999
09,149,2009,33,74.38999999999997
09,149,2010,8,14.26
09,149,2011,6,9.25
09,150,2002,19,35.74
09,150,2003,44,69.55
09,150,2004,6,9.9
09,150,2005,12,21.33
09,150,2006,3,8.45
09,150,2007,8,13.39
09,150,2008,10,17.36
09,150,2009,12,16.279999999999998
09,150,2011,4,9.370000000000001
09,150,2013,7,11.7
09,151,2003,10,15.940000000000001
09,151,2004,1,4.1
09,151,2005,22,36.54
09,151,2006,5,8.69
09,151,2007,40,59
09,151,2008,7,14.249999999999998
09,151,2009,4,5.6899999999999995
09,151,2012,1,2
09,152,2003,23,45.3
09,152,2004,7,25.8
09,152,2005,7,12.549999999999999
09,152,2006,4,9.75
09,152,2007,5,17.130000000000003
09,152,2008,25,84.48
09,152,2009,5,12.760000000000002
09,152,2010,1,3.98
09,152,2014,32,69.49999999999999
09,153,2005,1,2
09,153,2007,2,4.88
09,153,2009,23,66.13
09,153,2010,10,12.350000000000001
09,153,2013,1,8.2
09,153,2014,33,62.699999999999996
09,154,2003,2,2.55
09,154,2005,2,7.050000000000001
09,154,2007,3,5.35
09,154,2008,4,8.129999999999999
09,154,2009,36,63.25999999999999
09,154,2010,9,29.849999999999998
09,154,2014,41,49.370000000000005
09,154,2015,2,2
09,155,2002,1,0
09,155,2003,11,17.99
09,155,2006,17,27.77
09,155,2007,3,4.529999999999999
09,155,2008,26,67.59
09,155,2009,32,66.63999999999999
09,155,2010,10,22.650000000000002
09,155,2011,3,8.08
09,155,2013,4,10.4
09,155,2014,36,59.830000000000005
09,155,2015,1,2.5
09,156,2002,2,3.06
09,156,2003,13,29.790000000000003
09,156,2005,25,62.449999999999996
09,156,2006,7,18.569999999999997
09,156,2007,33,118.83999999999997
09,156,2008,20,79.89999999999999
09,156,2009,18,52.919999999999995
09,156,2010,4,27.14
09,156,2013,2,1.3
09,156,2014,12,21.549999999999997
09,157,2001,23,48
09,157,2004,14,32.15
09,157,2005,22,30.180000000000003
09,157,2006,1,0.5
09,157,2007,8,17.049999999999997
09,157,2008,9,15.060000000000002
09,157,2009,16,23.57
09,157,2014,2,2.68
09,158,2002,1,0.9
09,158,2003,39,91.07
09,158,2004,5,12.660000000000002
09,158,2005,3,2.47
09,158,2006,32,76.71000000000002
09,158,2007,10,23.8
09,158,2008,12,29.770000000000003
09,158,2009,15,38.42999999999999
09,158,2010,7,14.41
09,158,2011,7,19.75
09,158,2013,14,25.890000000000004
09,158,2014,10,11.34
09,158,2015,2,4.26
09,159,2002,32,45.64000000000001
09,159,2003,14,20.210000000000004
09,159,2004,3,5.2
09,159,2005,9,27.32
09,159,2006,30,55.70000000000001
09,159,2007,22,42.97999999999999
09,159,2008,29,46.08
09,159,2009,19,36.65
09,159,2010,3,5.6
09,159,2012,3,3.55
09,159,2013,1,0.65
09,159,2014,1,1.6
09,160,2003,13,19.160000000000004
09,160,2008,14,17.05
09,160,2009,10,20.25
09,160,2010,11,13.51
09,160,2011,3,2.3600000000000003
09,160,2012,10,19.650000000000002
09,161,2003,7,11.92
09,161,2005,26,42.03
09,161,2006,17,32.91
09,161,2007,24,35.61000000000001
09,161,2008,6,11.83
09,161,2009,10,10.35
09,162,2003,32,51.769999999999996
09,162,2004,4,5.79
09,162,2006,16,27.400000000000002
09,162,2007,9,17.78
09,162,2008,14,24.720000000000002
09,163,2002,46,76.99999999999999
09,163,2005,20,40.24
09,163,2006,4,3.55
09,163,2007,31,40.74000000000001
09,163,2008,9,17.18
09,163,2009,1,2.6
09,163,2014,8,12.12
09,164,2005,1,0.65
09,164,2006,17,21.880000000000006
09,164,2007,10,12.09
09,164,2008,14,17.28
09,164,2009,1,2.35
09,164,2011,2,4.35
09,165,2003,5,8.04
09,165,2004,1,0.65
09,165,2005,15,32.75
09,165,2006,1,3.2
09,165,2007,12,21.119999999999997
09,165,2008,16,22.379999999999995
09,165,2011,2,4.6
09,165,2012,1,1.85
09,166,2003,6,10.08
09,166,2004,1,0.27
09,166,2005,14,39.86
09,166,2008,42,91.96999999999998
09,167,2003,1,10
09,167,2004,3,9.25
09,167,2005,11,31.959999999999997
09,167,2006,8,28.6
09,167,2007,31,92.31
09,167,2008,12,26.200000000000003
09,167,2009,13,64.02
09,167,2012,7,16.92
09,167,2013,9,23.02
09,168,2003,10,26.3
09,168,2005,15,37.57
09,168,2007,5,13.549999999999999
09,168,2008,6,9.83
09,169,2003,6,16.45
09,169,2004,1,5.86
09,169,2005,11,30.1
09,169,2006,5,10.509999999999998
09,169,2007,13,61.23000000000001
09,169,2008,12,42.49999999999999
09,169,2011,1,2.5
09,170,2002,12,31.499999999999996
09,170,2003,1,1.6
09,170,2004,7,30.879999999999995
09,170,2005,6,23.58
09,170,2006,3,6.5200000000000005
09,170,2007,9,25.16
09,170,2008,13,40.14999999999999
09,170,2009,11,25.38
09,170,2010,29,78.16999999999997
09,170,2011,6,15.579999999999998
09,170,2012,9,38.35
09,171,2004,1,2.05
09,171,2005,2,6.4
09,171,2006,3,10.8
09,171,2007,1,5.9
09,171,2009,1,2.17
09,171,2010,3,8.4
09,171,2011,9,21.82
09,171,2012,3,5.43
09,171,2013,5,15.659999999999998
09,171,2014,1,1.08
09,172,2003,15,25.680000000000003
09,172,2004,2,7.63
09,172,2005,2,2.45
09,172,2006,1,3.5
09,172,2007,3,5.48
09,172,2008,13,22.680000000000003
09,172,2009,23,60.40000000000002
09,172,2010,14,64.19999999999999
09,172,2011,10,28.850000000000005
09,172,2012,3,10.8
09,172,2014,16,23.83
09,173,2003,60,96.78000000000002
09,173,2006,2,5
09,173,2007,5,10.700000000000001
09,173,2008,12,16.549999999999997
09,173,2009,9,17.299999999999997
09,173,2010,5,10.15
09,174,2003,1,1.8
09,174,2004,5,14.209999999999999
09,174,2005,15,23.869999999999997
09,174,2006,7,9.55
09,174,2007,12,20.95
09,175,2003,28,46.25999999999999
09,175,2005,18,32.449999999999996
09,175,2006,28,50.80000000000001
09,175,2007,19,38.37
09,175,2008,19,35.95000000000001
09,175,2009,17,26.2
09,175,2014,2,2.08
09,176,2002,13,22.65
09,176,2003,5,8.25
09,176,2005,11,51.8
09,176,2006,4,14.649999999999999
09,176,2007,9,33.65
09,176,2008,11,36.15
09,176,2009,6,8.45
09,176,2010,21,99.86000000000001
09,176,2011,6,15.879999999999999
09,176,2012,1,1.5
09,176,2014,1,0.65
09,177,2003,8,16.889999999999997
09,177,2004,12,28.280000000000005
09,177,2005,16,32.41
09,177,2007,4,16.479999999999997
09,177,2008,52,125.19999999999996
09,177,2009,34,96.41000000000001
09,177,2010,1,1.88
09,177,2014,3,3.55
09,178,2003,2,2
09,178,2004,7,16.5
09,178,2005,3,16.44
09,178,2006,4,15.299999999999999
09,178,2008,5,10.709999999999999
09,178,2009,5,13.530000000000001
09,178,2010,2,2.25
09,178,2013,4,8.2
09,178,2014,5,3.82
09,179,2003,3,8.85
09,179,2005,2,4.8
09,179,2006,1,3
09,179,2007,6,16.4
09,179,2008,56,81.12
09,179,2009,80,157.06999999999996
09,179,2010,31,112.16
09,179,2011,5,22.5
09,179,2014,1,0
09,180,2002,2,3.1
09,180,2003,17,21.3
09,180,2008,5,8.950000000000001
09,180,2009,14,32.56
09,180,2010,5,12.899999999999999
09,180,2011,2,5.3
09,180,2013,11,21.97
09,180,2014,17,30.19
09,181,2002,10,13.95
09,181,2003,9,26
09,181,2005,4,14
09,181,2006,5,24.4
09,181,2007,15,32.5
09,181,2008,2,2.25
09,181,2009,12,24.800000000000004
09,181,2010,2,1.5499999999999998
09,181,2011,1,2.6
09,181,2012,12,20.37
09,181,2013,4,10.09
09,182,2003,12,25.169999999999998
09,182,2004,8,20.16
09,182,2007,4,3.8
09,182,2008,15,24.650000000000006
09,182,2009,7,9.25
09,182,2010,4,21
09,183,2002,16,16.6
09,183,2003,1,3.09
09,183,2004,10,16.72
09,183,2005,15,40.63
09,183,2006,2,4.2
09,183,2007,7,12.9
09,183,2008,3,9.95
09,183,2009,1,2
09,183,2010,4,6.7
09,183,2013,12,20.7
09,183,2014,1,1.15
09,184,2005,16,52.97999999999999
09,184,2007,22,66.73
09,184,2008,21,62.75
09,184,2009,61,159.54000000000008
09,184,2010,8,18.25
09,184,2013,24,41.12
09,184,2014,12,20.13
09,185,2003,24,55.870000000000005
09,185,2004,1,2.3
09,185,2005,28,84.23999999999998
09,185,2006,3,4.2
09,185,2007,49,122.72000000000003
09,185,2008,43,103.29000000000002
09,185,2009,24,52.97999999999999
09,185,2010,8,11.8
09,185,2012,6,8.8
09,185,2013,9,18.1
09,185,2014,9,12.599999999999998
09,186,2002,1,1.18
09,186,2003,13,20.869999999999997
09,186,2004,3,5.53
09,186,2005,4,4.550000000000001
09,186,2006,2,1.7
09,186,2007,27,49.33
09,186,2008,14,24.5
09,186,2009,4,6.1
09,186,2010,4,11.2
09,186,2011,1,3.5
09,187,2002,1,3.7
09,187,2005,2,4.15
09,187,2006,19,39.21999999999999
09,187,2007,5,16.35
09,187,2008,12,18.1
09,187,2010,2,0
09,187,2013,1,0.65
09,187,2014,3,5.3
09,188,2003,52,54.86000000000001
09,188,2004,3,4.13
09,188,2005,34,67.42999999999999
09,188,2006,2,3.9
09,188,2007,35,51.150000000000006
09,188,2008,8,14
09,188,2013,1,2
09,189,2003,25,111.55000000000001
09,189,2005,26,95.55000000000001
09,189,2006,4,10.77
09,189,2007,41,101.07000000000004
09,189,2008,39,97.28999999999998
09,189,2009,17,76.16999999999999
09,189,2010,6,15.939999999999998
09,189,2011,11,45.64
09,189,2012,14,20.990000000000002
09,189,2013,2,5.13
09,190,2003,1,2.4
09,190,2004,8,17.5
09,190,2005,3,4.83
09,190,2006,1,3.1
09,190,2007,5,5.97
09,190,2008,32,76.49000000000001
09,190,2013,1,1
09,191,2003,15,23.43
09,191,2005,1,1.6
09,191,2007,4,6.75
09,191,2008,13,14.350000000000001
09,191,2009,2,1.4
09,191,2010,1,2.2
09,191,2013,4,6.25
09,191,2014,1,2.3
09,192,2002,54,80.63
09,192,2005,2,3.58
09,192,2007,2,3.2
09,192,2008,8,23.229999999999997
09,192,2009,6,9.59
09,192,2011,1,1.2
09,192,2013,14,16.599999999999998
09,192,2014,1,3.5
09,193,2003,16,25.13
09,193,2005,6,20.299999999999997
09,193,2007,1,1.15
09,193,2008,4,10.049999999999999
09,193,2009,5,7.28
09,193,2010,1,4.8
09,193,2011,2,1.7999999999999998
09,193,2013,1,10.3
09,194,2005,45,83.09999999999998
09,194,2006,11,16.669999999999998
09,194,2007,41,54.68
09,194,2008,6,7.6499999999999995
09,194,2009,16,22.310000000000002
09,195,2003,7,8.379999999999999
09,195,2004,9,24.81
09,195,2005,12,20.590000000000003
09,195,2006,2,4.1
09,195,2007,11,36.78
09,195,2008,5,18.67
09,195,2009,10,36.18
09,195,2013,3,7
09,196,2003,11,16.3
09,196,2004,2,3
09,196,2005,22,34.830000000000005
09,196,2006,6,14.17
09,196,2007,4,6.01
09,196,2008,25,40.21999999999999
09,196,2009,2,0
09,196,2011,1,6.6
09,197,2002,24,31.240000000000002
09,197,2003,6,6.65
09,197,2004,1,2
09,197,2005,17,25.85
09,197,2006,8,10.55
09,197,2007,17,18.530000000000005
09,197,2008,4,4.18
09,198,2003,6,9.62
09,198,2004,8,16.65
09,198,2005,20,33.39
09,198,2006,2,2.88
09,198,2007,10,21.34
09,198,2008,6,8.1
09,199,2005,1,2
09,199,2008,29,42.68999999999999
09,199,2009,9,13.23
09,199,2012,1,2.5
09,199,2014,2,2.45
09,200,2005,5,25.99
09,200,2006,2,6.5
09,200,2007,6,17.63
09,200,2008,9,23.7
09,200,2009,10,30.050000000000004
09,200,2010,1,3
09,200,2011,11,50.790000000000006
09,200,2012,3,18.330000000000002
09,200,2013,2,5.4
09,200,2014,3,4.55
09,201,2002,2,5.94
09,201,2003,8,12.36
09,201,2004,3,9.75
09,201,2005,40,83.62000000000002
09,201,2006,7,12.049999999999997
09,201,2007,18,24.830000000000002
09,201,2008,15,26.82
09,201,2009,4,4.9
09,201,2010,1,2.7
09,201,2013,8,11.430000000000001
09,201,2014,5,7.75
09,202,2002,1,1.62
09,202,2003,14,29.2
09,202,2005,26,37.37
09,202,2006,7,8.86
09,202,2007,10,20.339999999999996
09,202,2008,7,17.61
09,202,2009,5,15.030000000000001
09,202,2013,3,3.2
09,202,2014,3,5.52
10,203,2003,2,6.65
10,203,2004,1,3.5
10,203,2005,5,10
10,203,2006,8,12.5
10,203,2010,3,5.75
10,203,2011,6,23.91
10,203,2012,161,723.8400000000001
10,203,2013,49,237.77999999999994
10,203,2014,40,221.93999999999994
10,205,2005,1,0.7
10,205,2009,2,2.6
10,205,2010,1,6
10,205,2011,4,12.14
10,205,2012,17,44.60999999999999
10,205,2013,4,15.43
10,205,2014,2,5.25
10,206,2003,1,0
10,206,2005,1,2
10,206,2006,1,3
10,206,2008,6,9.2
10,206,2009,1,5.6
10,206,2010,4,26
10,206,2011,6,18.07
10,206,2012,52,145.87999999999994
10,206,2013,54,146.47000000000008
10,206,2014,25,86.19
10,207,2003,1,2.9
10,207,2005,1,2.8
10,207,2012,6,16.639999999999997
10,207,2013,7,21.539999999999996
10,207,2014,40,95.64999999999999
10,208,2009,6,29.869999999999997
10,208,2010,8,35.19
10,208,2011,2,13.73
10,208,2012,8,40.440000000000005
10,208,2013,3,13.17
10,208,2014,15,62.77
10,209,2003,1,1
10,209,2005,1,1
10,209,2006,4,7.5
10,209,2007,3,5.35
10,209,2008,6,21.9
10,209,2009,30,182.71999999999997
10,209,2010,50,436.5600000000001
10,209,2011,18,193.95
10,209,2012,64,378.55000000000007
10,209,2013,19,209.77999999999994
10,209,2014,2,6.84
10,210,2004,1,2.5
10,210,2005,5,15.5
10,210,2008,5,41.650000000000006
10,210,2009,8,32.68
10,210,2010,9,45.87
10,210,2011,17,89.56
10,210,2012,9,50.18000000000001
10,210,2013,2,7.06
10,210,2014,12,60.97
10,211,2004,2,6
10,211,2005,1,2.5
10,211,2007,1,0
10,211,2009,13,114.93999999999998
10,211,2010,4,20.080000000000002
10,211,2011,6,41.790000000000006
10,211,2012,159,652.9900000000001
10,211,2013,26,126.43999999999998
10,211,2014,20,77.91000000000001
10,212,2005,1,3
10,212,2008,4,56.44
10,212,2009,3,20.25
10,212,2010,1,3.56
10,212,2011,11,54.64000000000001
10,212,2012,73,495.36000000000007
10,212,2013,15,74.93
10,212,2014,8,21.02
10,213,2005,1,6
10,213,2009,2,5.4399999999999995
10,213,2010,3,4.32
10,213,2011,5,22.09
10,213,2012,3,12.32
10,213,2014,20,76.05000000000001
10,214,2006,1,0
10,214,2011,1,0.8
10,214,2012,19,54.589999999999996
10,214,2013,8,22.09
10,214,2014,5,13.47
10,215,2004,1,2.75
10,215,2006,1,2.5
10,215,2011,1,1.13
10,215,2012,10,22.839999999999996
10,215,2013,23,68.98
10,215,2014,13,29.480000000000004
10,216,2002,1,2.9
10,216,2004,10,32.35
10,216,2005,14,54.64
10,216,2006,3,6.75
10,216,2007,3,19.62
10,216,2008,25,142.08000000000004
10,216,2009,40,196.20999999999998
10,216,2010,47,187.2
10,216,2011,47,174.01999999999998
10,216,2012,26,126.25999999999998
10,216,2013,86,273.13
10,216,2014,11,26.580000000000002
10,217,2004,36,138.3499999999999
10,217,2005,15,91.49999999999999
10,217,2006,1,0
10,217,2010,1,7.93
10,217,2011,11,41.61
10,217,2012,187,944.2800000000009
10,217,2013,8,77.2
10,217,2014,4,9.100000000000001
10,218,2010,1,1.8
10,218,2011,1,4.5
10,218,2012,32,113.67999999999994
10,218,2013,8,37.42
10,218,2014,65,201.11999999999998
10,219,2008,2,3.6
10,219,2009,1,0
10,219,2010,2,5.37
10,219,2011,8,23.959999999999997
10,219,2012,170,697.9700000000006
10,219,2013,67,310.36
10,219,2014,19,99.85000000000001
10,220,2004,1,2.85
10,220,2005,3,8.5
10,220,2008,4,10.020000000000001
10,220,2009,6,36.63
10,220,2010,1,0.85
10,220,2011,12,123.67999999999999
10,220,2012,9,29.549999999999997
10,220,2013,22,66.34000000000002
10,220,2014,28,83.73000000000002
10,220,2015,2,4.28
10,221,2005,3,4.85
10,221,2007,1,6.15
10,221,2008,2,2.83
10,221,2009,1,2.4
10,221,2010,13,108.57
10,221,2011,22,94.26999999999998
10,221,2012,35,97.15999999999998
10,221,2013,37,184
10,221,2014,37,68.46999999999998
10,222,2006,4,10.8
10,222,2008,1,0
10,222,2009,1,6.95
10,222,2010,5,28.340000000000003
10,222,2011,5,33.6
10,222,2012,27,55.59
10,222,2013,7,18.59
10,222,2014,29,61.269999999999996
10,222,2015,2,3.63
10,223,2007,1,0
10,223,2009,4,17.8
10,223,2010,2,3.85
10,223,2012,3,4.21
10,223,2013,6,28.990000000000002
10,223,2014,1,1.39
10,224,2007,1,0
10,224,2008,3,0
10,224,2009,5,50.25
10,224,2010,3,28.49
10,224,2011,7,50.900000000000006
10,224,2012,33,146.78
10,224,2013,21,69.58000000000001
10,224,2014,25,70.29
10,224,2015,2,4.39
10,225,2011,1,2.56
10,225,2012,99,404.9499999999999
10,225,2013,12,59.60000000000001
10,225,2014,9,45.97
10,225,2015,1,1.5
10,226,2010,5,21.72
10,226,2011,3,4.55
10,226,2012,4,5.77
10,226,2013,6,12.26
10,226,2014,17,31.9
10,227,2007,1,2
10,227,2010,1,1.35
10,227,2011,4,12.149999999999999
10,227,2012,5,6.27
10,227,2013,32,80.16000000000001
10,227,2014,8,31.260000000000005
10,228,2004,1,1.25
10,228,2005,5,14.099999999999998
10,228,2006,1,3
10,228,2010,3,6.24
10,228,2014,11,15.6
10,228,2015,2,2.38
10,229,2004,1,3
10,229,2005,2,4
10,229,2006,7,16.2
10,229,2007,8,12.9
10,229,2008,8,13.100000000000001
10,229,2009,5,27.7
10,229,2010,10,37.300000000000004
10,229,2011,5,32.8
10,229,2012,5,44.5
10,229,2013,12,69.4
10,229,2014,14,37.900000000000006
10,229,2015,1,0.92
10,230,2003,6,8
10,230,2004,18,32.75
10,230,2005,11,18
10,230,2006,1,1.5
10,230,2008,1,0
10,230,2009,2,5.7
10,230,2010,10,20.4
10,230,2011,28,82.20000000000003
10,230,2012,26,104.26
10,230,2013,34,77.04
10,230,2014,40,78.68999999999997
10,231,2010,1,3.25
10,231,2011,2,5.6
10,231,2012,28,78.91
10,231,2013,8,13.66
10,231,2014,64,147.61
10,231,2015,2,6.2
10,232,2010,1,2.65
10,232,2011,1,0
10,232,2012,41,94.78000000000003
10,232,2013,44,128.85999999999996
10,232,2014,37,96.66
10,232,2015,4,8.600000000000001
10,233,2009,3,29.659999999999997
10,233,2010,1,11.78
10,233,2011,22,103.24999999999999
10,233,2012,18,73.62
10,233,2013,45,230.1200000000001
10,233,2014,18,114.35
10,233,2015,24,27.970000000000002
10,234,2009,5,36
10,234,2010,15,67.01
10,234,2011,26,118.14999999999999
10,234,2012,46,116.34999999999998
10,234,2013,71,277.1600000000002
10,234,2014,76,276.22
10,234,2015,3,10.56
10,235,2005,23,86.09999999999998
10,235,2006,3,12.4
10,235,2007,2,0
10,235,2008,1,0
10,235,2010,10,26.83
10,235,2011,19,72.22
10,235,2012,134,623.03
10,235,2013,44,231.36
10,235,2014,71,214.13000000000005
10,235,2015,37,96.08000000000003
10,236,2005,2,4.390000000000001
10,236,2006,3,9.5
10,236,2009,13,76.97000000000001
10,236,2010,14,51.85000000000001
10,236,2011,18,74.80999999999999
10,236,2012,37,138.32
10,236,2013,65,177.55000000000007
10,236,2014,71,225.66999999999996
10,237,2004,2,4
10,237,2005,7,32
10,237,2006,3,25
10,237,2007,7,22.5
10,237,2010,5,29.360000000000003
10,237,2011,3,17.65
10,237,2012,12,31.640000000000004
10,237,2013,27,107.13999999999996
10,237,2014,19,75.68
10,238,2006,1,0
10,238,2007,4,14.19
10,238,2008,17,99.74999999999999
10,238,2009,38,332.53999999999996
10,238,2010,30,127.03999999999999
10,238,2011,18,65.32000000000002
10,238,2012,26,127.66000000000001
10,238,2013,34,147.58000000000004
10,238,2014,5,19.939999999999998
10,238,2015,1,3.25
10,239,2006,1,0
10,239,2009,1,0
10,239,2010,9,24.7
10,239,2011,13,41.16
10,239,2012,29,71.33
10,239,2013,2,2.2800000000000002
10,239,2014,40,61.510000000000005
10,239,2015,6,10.440000000000001
10,240,2010,5,9.83
10,240,2011,9,13.119999999999997
10,240,2012,8,11.889999999999999
10,240,2013,2,4.140000000000001
10,240,2014,20,37.800000000000004
10,240,2015,10,18.82
12,245,2004,14,82.02000000000001
12,245,2006,2,30
12,245,2008,1,3
12,245,2009,1,2
12,245,2011,5,21.6
12,245,2012,18,127.55
12,245,2013,3,47.31
12,246,2004,9,39.12
12,246,2007,1,3.47
12,246,2009,1,11
12,246,2010,3,63.599999999999994
12,246,2011,1,14.73
12,246,2012,3,14.190000000000001
12,246,2013,11,95.39
12,247,2001,1,2
12,247,2003,3,22.64
12,247,2008,4,44.49
12,247,2011,6,66.25
12,247,2012,2,9.6
12,247,2013,11,172.79000000000002
12,247,2014,3,105.03
12,248,2001,1,2
12,248,2003,1,7
12,248,2004,3,36.89
12,248,2009,10,128.9
12,248,2013,7,155.68
12,249,2001,3,8.1
12,249,2004,11,43.55
12,249,2005,2,15
12,249,2009,2,24
12,249,2010,8,80
12,249,2011,3,38.099999999999994
12,249,2012,1,13
12,249,2013,10,99.97
12,249,2014,8,99.18
12,250,2001,8,12.1
12,250,2002,2,6
12,250,2003,4,29.439999999999998
12,250,2004,7,41.1
12,250,2005,1,5.31
12,250,2007,23,117.08999999999999
12,250,2009,6,32
12,250,2010,7,60.71
12,250,2011,4,73.69
12,250,2012,4,24
12,250,2013,5,39.120000000000005
12,250,2014,3,54.03
12,251,2001,5,15
12,251,2003,9,22.57
12,251,2005,1,4.5
12,251,2007,1,1.17
12,251,2008,2,5
12,251,2009,4,15.2
12,251,2010,2,3.5700000000000003
12,251,2011,2,4.140000000000001
12,251,2013,4,18.06
12,252,2001,2,6
12,252,2003,1,2.02
12,252,2004,3,21.35
12,252,2008,2,2.74
12,252,2009,1,5.7
12,252,2011,2,23
12,253,2001,13,37.2
12,253,2003,1,10
12,253,2005,1,9.57
12,253,2008,9,40.5
12,253,2009,1,4.5
12,253,2010,5,19.23
12,253,2011,14,117.18999999999996
12,253,2012,1,6.15
12,253,2013,8,106.31999999999996
12,253,2014,3,8.19
12,254,2001,3,4.35
12,254,2003,4,23.72
12,254,2004,2,9
12,254,2006,1,1.65
12,254,2007,2,10.5
12,254,2008,1,8.3
12,254,2009,3,11.280000000000001
12,254,2010,2,3
12,254,2011,9,158.95999999999998
12,254,2012,1,14.51
12,254,2013,1,4.68
12,255,2003,2,7.8
12,255,2007,2,14.84
12,255,2009,2,43.08
12,255,2011,4,72.64
12,256,2004,1,1.75
12,256,2005,3,15
12,256,2010,2,11.7
12,256,2014,14,271.44999999999993
12,258,2001,1,0
12,258,2005,1,13
12,258,2007,1,1.5
12,259,2001,2,3
12,259,2003,12,84.89
12,259,2004,2,13.55
12,259,2009,4,38.16
12,259,2010,2,3.9
12,259,2011,6,35.510000000000005
12,259,2013,9,72.96000000000001
12,259,2014,1,8.04
12,260,2002,4,31.44
12,260,2013,12,130.79999999999998
12,260,2014,24,407.70999999999987
14,272,2005,5,66.03
14,272,2006,1,3
14,272,2008,1,3.11
14,272,2009,16,153.45
14,272,2010,8,107.89999999999999
14,272,2011,20,190.49999999999997
14,272,2012,5,28.15
14,272,2013,18,203.82
14,272,2014,7,70.06
14,272,2015,3,16.62
14,273,2004,1,7.23
14,273,2005,2,23.310000000000002
14,273,2006,1,16
14,273,2008,1,12.23
14,273,2009,1,9.76
14,273,2010,1,7.85
14,273,2011,3,31.71
14,273,2012,3,75.84
14,273,2013,9,98
14,273,2014,17,228.03999999999996
14,274,2002,1,0.4
14,274,2005,4,24.019999999999996
14,274,2008,7,87.95999999999998
14,274,2009,3,46.1
14,274,2010,14,150.67000000000002
14,274,2011,9,57.330000000000005
14,274,2012,14,242.04000000000002
14,274,2013,7,79.48
14,274,2014,14,154.99
14,277,2009,2,6.92
14,277,2010,1,3.66
14,277,2012,1,9
14,278,2008,5,23.5
14,278,2009,1,10.35
14,278,2010,2,7.12
14,278,2011,7,33.39
14,278,2012,3,11.17
14,278,2013,3,16.64
14,279,2005,2,37.51
14,279,2009,2,25.57
14,279,2011,2,27.04
14,279,2012,3,46.75
14,279,2013,7,94.17
14,279,2014,7,100
14,280,2008,9,93
14,280,2009,5,75
14,280,2010,15,92.97999999999999
14,280,2011,12,136.17000000000002
14,280,2012,3,30
14,280,2013,16,123.19999999999999
14,280,2014,7,91
14,280,2015,1,7
17,295,2009,2,5
17,295,2010,3,7.5
18,300,2003,14,51.96999999999999
18,300,2004,2,1.28
18,300,2005,1,8.6
18,300,2006,8,73.4
18,300,2007,9,105.59999999999998
18,300,2008,15,93.98
18,300,2009,43,217.10000000000002
18,300,2010,27,168.11
18,300,2011,52,302.9000000000001
18,300,2012,56,387.73999999999984
18,300,2013,44,150.00999999999988
18,300,2014,24,107.56
18,301,2003,32,33.96
18,301,2004,1,1.85
18,301,2005,1,0.53
18,301,2006,5,28.52
18,301,2007,10,31.490000000000002
18,301,2008,25,243.39
18,301,2009,37,147.88
18,301,2010,18,51.52
18,301,2011,73,167.70999999999995
18,301,2012,29,81.17999999999999
18,301,2013,31,72.9
18,301,2014,4,4.9
18,301,2015,1,1.5
18,302,2003,17,40.94
18,302,2006,16,66.46
18,302,2007,8,24.099999999999998
18,302,2009,16,76.28999999999999
18,302,2010,14,41.410000000000004
18,302,2011,23,77.29000000000002
18,302,2012,31,101.92999999999999
18,302,2013,7,27.03
18,302,2014,11,22.93
18,302,2015,6,16.490000000000002
18,303,2003,7,13.91
18,303,2006,22,140.80999999999997
18,303,2007,6,46.99
18,303,2008,45,186.89000000000001
18,303,2009,45,310.5999999999999
18,303,2010,41,209.61999999999995
18,303,2011,68,308.84000000000003
18,303,2012,78,317.46000000000004
18,303,2013,53,212.45000000000005
18,303,2014,25,79.71000000000001
18,304,2003,12,29.690000000000005
18,304,2006,11,142.68
18,304,2007,4,27.53
18,304,2008,4,19.52
18,304,2009,23,130.85000000000002
18,304,2010,8,39.739999999999995
18,304,2011,21,223.31
18,304,2012,18,103.59
18,304,2013,27,154.99999999999997
18,304,2014,24,111.68
18,305,2001,3,2.02
18,305,2002,9,6.67
18,305,2003,11,9.62
18,305,2005,16,105.93
18,305,2006,25,153.82999999999998
18,305,2007,31,85.59
18,305,2008,16,50.540000000000006
18,305,2009,35,167.48000000000002
18,305,2010,26,83.01
18,305,2011,35,95.21000000000001
18,305,2012,45,208.34000000000003
18,305,2013,39,139.21000000000004
18,305,2014,35,171.5
18,306,2004,28,44.43000000000001
18,306,2005,9,96.32
18,306,2006,8,34.5
18,306,2007,29,172.54
18,306,2008,10,62.720000000000006
18,306,2009,25,170.23999999999998
18,306,2010,22,116.72000000000001
18,306,2011,28,182.35
18,306,2012,34,272.73999999999995
18,306,2013,19,99.28000000000002
18,306,2014,13,50.900000000000006
18,306,2015,1,2.5
18,307,2003,5,10.469999999999999
18,307,2005,1,2.55
18,307,2006,1,8.2
18,307,2007,7,31.599999999999998
18,307,2009,49,217.51000000000005
18,307,2010,15,46.449999999999996
18,307,2011,28,125.70000000000002
18,307,2012,30,212.23000000000005
18,307,2013,30,136.61000000000004
18,307,2014,14,69.43
18,307,2015,1,1.5
18,308,2003,14,32.65
18,308,2004,9,16.540000000000003
18,308,2006,1,4
18,308,2007,17,41.980000000000004
18,308,2008,16,73.1
18,308,2009,23,58.67000000000002
18,308,2010,21,154.22000000000006
18,308,2011,93,465.1899999999998
18,308,2012,94,550.1700000000005
18,308,2013,52,273.12999999999994
18,308,2014,49,354.20999999999987
18,309,2002,4,2.4499999999999997
18,309,2003,3,4.140000000000001
18,309,2004,12,56.050000000000004
18,309,2006,9,32.75
18,309,2007,1,2
18,309,2008,13,65.55000000000001
18,309,2009,32,208.53999999999996
18,309,2010,13,60.64999999999999
18,309,2011,33,163.33999999999997
18,309,2012,5,12.8
18,309,2013,10,86.15
18,309,2014,7,74.95
18,309,2015,4,5.8
18,310,2003,9,9.950000000000001
18,310,2004,11,13
18,310,2006,1,9
18,310,2007,10,92.67
18,310,2008,19,72.89
18,310,2009,33,147.9
18,310,2010,15,45.07
18,310,2011,4,20.36
18,310,2012,10,52.06
18,310,2013,11,49.22
18,310,2014,12,49.879999999999995
18,311,2003,3,2.4
18,311,2004,11,13.670000000000002
18,311,2006,1,5.14
18,311,2007,6,35.74
18,311,2008,16,126.01999999999998
18,311,2009,14,60.220000000000006
18,311,2010,8,23.88
18,311,2011,6,17.04
18,311,2012,6,13.42
18,311,2013,27,74.69000000000001
18,311,2014,24,76.71
18,312,2003,5,9.09
18,312,2004,1,1
18,312,2005,4,11.819999999999999
18,312,2006,13,113.8
18,312,2007,3,6.5
18,312,2008,4,12.940000000000001
18,312,2009,11,39.41
18,312,2010,16,79.49000000000001
18,312,2011,15,64.98
18,312,2012,20,72.96
18,312,2013,30,77.74999999999999
18,312,2014,6,14.34
18,313,2003,7,13.69
18,313,2004,4,23.08
18,313,2005,3,12.600000000000001
18,313,2007,20,129.7
18,313,2008,20,126.15
18,313,2009,34,189.64999999999998
18,313,2010,40,204.46
18,313,2011,27,129.93
18,313,2012,44,224.26
18,313,2013,45,219.60999999999999
18,313,2014,25,113.95999999999997
18,313,2015,3,6.970000000000001
18,314,2003,6,10.49
18,314,2004,10,16.240000000000002
18,314,2005,1,1.73
18,314,2006,5,16.6
18,314,2008,9,51
18,314,2009,28,100.79
18,314,2010,4,23.9
18,314,2011,7,33.48
18,314,2012,1,4
18,314,2013,5,17
18,314,2014,1,3
18,315,2003,3,5.22
18,315,2004,2,1.5699999999999998
18,315,2006,2,5.5
18,315,2007,13,43.410000000000004
18,315,2008,2,13.7
18,315,2009,1,6.62
18,315,2012,2,17
18,316,2003,5,12.55
18,316,2006,2,7.2700000000000005
18,316,2007,1,14.65
18,316,2008,3,14.370000000000001
18,316,2009,4,13.129999999999999
18,316,2010,3,12.77
18,316,2011,2,8.530000000000001
18,316,2012,1,14
18,316,2013,5,24.45
18,316,2014,3,13
18,317,2003,6,18.08
18,317,2004,21,44.57000000000001
18,317,2005,6,18.9
18,317,2006,18,61.900000000000006
18,317,2008,4,26.41
18,317,2009,22,46.87000000000001
18,317,2010,10,29.940000000000005
18,317,2011,15,32.44
18,317,2012,36,165.5
18,317,2013,13,58.6
18,318,2003,4,20.44
18,318,2004,6,19.8
18,318,2005,3,19.44
18,318,2007,3,7.800000000000001
18,318,2008,10,25.830000000000002
18,318,2010,5,11.7
18,318,2011,11,40.85
18,318,2012,18,117.91000000000001
18,318,2013,10,31.479999999999997
18,318,2014,4,11.440000000000001
18,319,2002,1,0.56
18,319,2003,20,48.37000000000001
18,319,2005,12,58.92
18,319,2006,4,13.21
18,319,2008,26,135.4
18,319,2009,19,100.42
18,319,2010,33,105.05
18,319,2011,27,89.88
18,319,2012,7,22.700000000000003
18,319,2013,8,49.4
18,319,2014,7,26.96
18,320,2002,2,1.1600000000000001
18,320,2003,9,19.669999999999998
18,320,2004,1,3.48
18,320,2005,9,74.42999999999998
18,320,2006,5,31.05
18,320,2008,9,30.36
18,320,2009,7,26.7
18,320,2010,6,18.5
18,320,2011,9,27.55
18,320,2012,14,109.55
18,320,2013,14,90.25000000000001
18,320,2014,11,35.96
18,320,2015,3,11.7
18,321,2002,2,1.48
18,321,2003,19,39.43000000000001
18,321,2004,5,10.280000000000001
18,321,2005,21,94.72999999999999
18,321,2006,21,131.47
18,321,2007,21,74.75
18,321,2008,29,184.41000000000005
18,321,2009,47,330.8200000000001
18,321,2010,23,121.08
18,321,2011,79,390.40999999999985
18,321,2012,50,192.71000000000004
18,321,2013,34,130.38000000000002
18,321,2014,10,45.24
18,322,2003,3,2.62
18,322,2006,2,8.24
18,322,2008,2,7.5
18,322,2009,1,7.49
18,322,2010,1,2.84
18,322,2011,6,17.439999999999998
18,322,2012,4,5.7
18,322,2013,6,13.68
18,322,2014,1,5
18,323,2003,11,11.94
18,323,2005,3,10.19
18,323,2006,13,105.49999999999999
18,323,2007,15,59.239999999999995
18,323,2008,11,27.67
18,323,2009,32,105.27999999999999
18,323,2010,10,24.35
18,323,2011,19,63.83
18,323,2012,8,26.580000000000002
18,323,2013,8,22.82
18,323,2014,12,39.839999999999996
18,324,2003,16,14
18,324,2004,2,1.89
18,324,2005,2,3.35
18,324,2006,8,106.41
18,324,2007,10,53.209999999999994
18,324,2008,10,55.92
18,324,2009,20,82.47999999999999
18,324,2010,22,150.28000000000003
18,324,2011,45,375.43
18,324,2012,24,160.29000000000005
18,324,2013,45,195.25000000000006
18,324,2014,30,112.32999999999998
18,325,2002,4,4.2
18,325,2003,3,9.879999999999999
18,325,2005,11,106.49999999999999
18,325,2006,21,133.03999999999996
18,325,2007,9,39.44
18,325,2008,8,44.24999999999999
18,325,2009,14,59.10999999999999
18,325,2010,24,80.59
18,325,2011,50,267.41
18,325,2012,33,121.58
18,325,2013,15,64.97
18,325,2014,8,29.05
18,326,2002,1,1.23
18,326,2003,8,19.7
18,326,2006,2,8.4
18,326,2007,2,20.38
18,326,2008,14,51.59000000000001
18,326,2009,21,125.92000000000002
18,326,2010,26,270.54
18,326,2011,5,34.449999999999996
18,326,2012,27,246.8600000000001
18,326,2013,11,82.45
18,326,2014,14,131.99999999999997
19,327,2002,2,10
19,327,2003,4,20
19,327,2004,53,238.54
19,327,2005,34,129.52999999999997
19,327,2006,11,39.75
19,327,2007,14,57.87999999999999
19,327,2008,13,36.58999999999999
19,327,2009,2,4.779999999999999
19,327,2010,3,20
19,327,2011,2,17
19,327,2012,11,74.33
19,327,2013,16,78.49
19,327,2014,6,25.25
19,328,2004,4,28
19,328,2005,6,32.28
19,328,2006,7,39.6
19,328,2007,22,143.98
19,328,2008,25,339.8000000000001
19,328,2009,37,414.17999999999984
19,328,2010,25,282.31
19,328,2011,16,150.86
19,328,2012,3,11.98
19,328,2013,6,30.739999999999995
19,328,2014,25,146.12
19,328,2015,1,6.27
19,329,2003,15,57.2
19,329,2004,21,52.949999999999996
19,329,2005,10,21
19,329,2006,42,185.78000000000006
19,329,2007,33,127.32
19,329,2008,19,91.88000000000001
19,329,2009,48,184.29
19,329,2010,13,43.77
19,329,2011,37,138.28
19,329,2012,25,90.27999999999999
19,329,2013,5,14.580000000000002
19,329,2014,9,38.209999999999994
19,330,2002,17,140.25
19,330,2003,31,265.40000000000003
19,330,2004,15,94.5
19,330,2005,11,86
19,330,2006,11,150
19,330,2007,59,625.1499999999993
19,330,2008,59,667.34
19,330,2009,36,402.87000000000006
19,330,2010,67,311.95
19,330,2011,29,93.64000000000001
19,330,2012,70,306.81999999999994
19,330,2013,76,389.0299999999997
19,330,2014,16,69.04
19,330,2015,3,20.22
19,331,2003,18,41.09
19,331,2004,16,67.7
19,331,2005,43,153.07999999999996
19,331,2007,52,237.90000000000003
19,331,2008,51,230.7300000000001
19,331,2009,96,413.9500000000003
19,331,2010,75,297.83
19,331,2011,29,106.02999999999999
19,331,2012,16,51.50000000000001
19,331,2013,22,110.59
19,331,2014,47,220.28
19,332,2002,6,72
19,332,2003,16,174.39999999999998
19,332,2004,13,278.2
19,332,2005,12,83.32
19,332,2006,11,84.17
19,332,2007,47,388.86000000000024
19,332,2008,21,252.4699999999999
19,332,2009,23,233.07999999999996
19,332,2010,35,222.10000000000002
19,332,2011,53,503.9499999999997
19,332,2012,40,161.3299999999999
19,332,2013,20,79.38999999999997
19,332,2014,18,176.12000000000003
19,333,2002,16,18
19,333,2003,41,47.2
19,333,2004,44,96.53999999999999
19,333,2005,38,145.93
19,333,2006,30,253.95
19,333,2007,49,377.3399999999998
19,333,2008,53,426.70000000000016
19,333,2009,107,1070.8500000000001
19,333,2010,74,668.4200000000005
19,333,2011,60,806.3699999999995
19,333,2012,34,228.13000000000005
19,333,2013,44,206.49
19,333,2014,80,539.7600000000001
19,334,2004,47,522.5
19,334,2005,90,959.5500000000006
19,334,2006,21,247.5
19,334,2007,48,644.53999999999985
19,334,2008,68,807.4299999999998
19,334,2009,65,598.1299999999994
19,334,2010,36,375.09000000000003
19,334,2011,5,51.75
19,334,2012,11,224.09999999999997
19,334,2013,55,304.47999999999996
19,334,2014,232,1593.8199999999988
19,336,2007,8,47.27
19,336,2008,53,398.02999999999963
19,336,2009,73,582.7700000000002
19,336,2010,68,718.6000000000007
19,336,2011,31,250.27000000000004
19,336,2012,36,260.86
19,336,2013,17,245.81000000000003
19,336,2014,56,431.99999999999994
19,337,2002,4,22
19,337,2003,33,299.5
19,337,2004,18,120
19,337,2005,45,344.56
19,337,2006,4,15.5
19,337,2007,32,201.5299999999999
19,337,2008,45,324.9
19,337,2009,64,631.0499999999997
19,337,2010,48,181.17000000000004
19,337,2011,35,197.38
19,337,2012,28,127.42000000000003
19,337,2013,25,109.41999999999999
19,337,2014,54,358.9200000000001
19,338,2003,20,184.29999999999998
19,338,2004,2,16
19,338,2005,26,253.21
19,338,2006,31,304.1
19,338,2007,50,354.4000000000001
19,338,2008,33,270.87000000000006
19,338,2009,5,28.65
19,338,2010,49,371.54999999999995
19,338,2011,75,673.7099999999998
19,338,2012,55,388.03000000000014
19,338,2013,37,156.42000000000004
19,338,2014,25,191.11999999999995
19,339,2002,3,0
19,339,2003,1,19
19,339,2004,21,146.19000000000003
19,339,2005,51,521.1499999999999
19,339,2006,16,116.35999999999997
19,339,2007,90,1309.5099999999993
19,339,2008,72,775.5600000000003
19,339,2009,97,1373.5100000000016
19,339,2010,69,540.8599999999996
19,339,2011,27,91.39999999999999
19,339,2012,28,122.78999999999998
19,339,2013,28,103.79000000000002
19,339,2014,274,1355.9199999999994
19,339,2015,25,90.23999999999998
19,340,2003,26,320.5
19,340,2004,21,278
19,340,2005,36,342.80000000000007
19,340,2006,60,574.52
19,340,2007,29,327.9299999999999
19,340,2008,66,777.1400000000003
19,340,2009,49,641.6500000000004
19,340,2010,38,414.4600000000001
19,340,2011,32,240.07
19,340,2012,27,217.93999999999997
19,340,2013,31,135.74
19,340,2014,83,358.59000000000003
19,341,2003,5,21.6
19,341,2004,20,92.5
19,341,2005,14,61.699999999999996
19,341,2006,28,149.93999999999997
19,341,2007,15,57.640000000000015
19,341,2008,23,159.29999999999998
19,341,2009,21,104.60000000000002
19,341,2010,13,73.56
19,341,2011,2,5.2
19,341,2012,9,33.830000000000005
19,341,2013,6,29.669999999999998
19,341,2014,13,45.480000000000004
19,343,2003,14,79.30000000000003
19,343,2004,24,185.48000000000002
19,343,2005,8,76
19,343,2006,27,216.76
19,343,2007,9,22.26
19,343,2008,51,428.16000000000014
19,343,2009,17,99.43000000000002
19,343,2010,21,191.72999999999996
19,343,2011,7,35.49
19,343,2012,46,347.7300000000002
19,343,2013,54,405.1299999999998
19,343,2014,28,158.28000000000003
19,344,2003,35,167
19,344,2004,29,133.14999999999998
19,344,2005,72,393.62
19,344,2006,17,78.2
19,344,2007,90,627.75
19,344,2008,112,1112.4799999999993
19,344,2009,127,1078.9100000000012
19,344,2010,140,1599.2299999999993
19,344,2011,49,486.0599999999999
19,344,2012,49,683.52
19,344,2013,27,260.79999999999995
19,344,2014,122,952.229999999999
19,344,2015,2,15.8
19,345,2004,16,85
19,345,2005,49,210.3
19,345,2006,23,307.78
19,345,2007,61,432.5100000000001
19,345,2008,56,496.1000000000001
19,345,2009,53,571.9099999999995
19,345,2010,39,283.86
19,345,2011,46,373.9400000000001
19,345,2012,13,52.870000000000005
19,345,2013,60,576.6599999999997
19,345,2014,43,249.84999999999994
20,346,2004,1,0
20,346,2006,23,152.4
20,346,2007,1,2.84
20,346,2009,3,12
20,346,2010,7,44.989999999999995
20,346,2011,24,106.83000000000001
20,346,2012,19,112.86000000000001
20,346,2013,39,246.75000000000006
20,346,2014,12,85.24
20,347,2004,2,0
20,347,2005,3,45
20,347,2006,16,143.15
20,347,2007,2,20
20,347,2008,4,47.3
20,347,2010,20,102.76
20,347,2011,3,19.41
20,347,2012,27,194.33999999999995
20,347,2013,9,35.41
20,347,2014,22,181.94999999999996
20,348,2004,2,24
20,348,2005,7,98.8
20,348,2006,12,42.62
20,348,2007,1,1.47
20,348,2009,12,32.6
20,348,2010,7,33.25
20,348,2011,9,72.85000000000002
20,348,2012,5,14.849999999999998
20,348,2013,22,188.93
20,348,2014,5,25.3
20,349,2004,6,46.5
20,349,2005,114,530.0600000000002
20,349,2006,13,77.20000000000002
20,349,2007,2,11.100000000000001
20,349,2008,34,157.50000000000003
20,349,2009,71,517.6599999999999
20,349,2010,130,712.21
20,349,2011,54,391.9500000000001
20,349,2013,8,65.25
20,349,2015,11,47.7
20,350,2004,25,165.54000000000002
20,350,2005,10,70.67000000000002
20,350,2006,11,121.75999999999999
20,350,2008,12,48.29000000000001
20,350,2009,39,215.25
20,350,2010,46,182.52
20,350,2011,9,67.98
20,350,2012,3,7.5600000000000005
20,350,2013,4,8
20,350,2014,32,155.25999999999993
20,351,2005,14,84.52
20,351,2007,6,44
20,351,2009,23,137.38000000000002
20,351,2010,24,102.22000000000001
20,351,2011,7,23.3
20,351,2012,16,66.69
20,351,2014,3,9.23
20,351,2015,2,4.78
20,352,2004,1,3
20,352,2005,18,98.86
20,352,2006,1,3.66
20,352,2012,25,114.58000000000001
20,352,2013,5,28.3
20,352,2014,8,25.75
20,353,2003,1,2
20,353,2005,9,62.55000000000001
20,353,2006,9,40.900000000000006
20,353,2008,10,80.17
20,353,2009,1,5
20,353,2010,30,219.16999999999996
20,353,2011,46,235.76999999999998
20,353,2012,7,21.479999999999997
20,353,2013,18,74.19
20,353,2014,5,19.3
20,354,2004,8,25.95
20,354,2005,5,11.54
20,354,2006,2,12.700000000000001
20,354,2007,15,51.03999999999999
20,354,2009,8,21.259999999999998
20,354,2010,14,29.980000000000004
20,354,2011,2,3.26
20,354,2012,4,13.4
20,354,2013,2,3.65
20,354,2014,3,13.629999999999999
20,355,2007,33,177.41000000000003
20,355,2008,2,14.379999999999999
20,355,2009,32,211.29000000000005
20,355,2010,35,150.51999999999998
20,355,2011,20,126.52999999999999
20,355,2012,36,114.75999999999999
20,355,2013,8,45.6
20,355,2014,8,28.45
20,355,2015,2,5.26
20,356,2004,5,19.5
20,356,2006,4,26.5
20,356,2007,4,14.75
20,356,2008,2,4.1
20,356,2009,1,2.02
20,356,2011,8,35.55
20,356,2012,5,50.35
20,356,2013,5,21.27
20,356,2014,2,2.79
20,357,2002,9,28.88
20,357,2003,6,15.899999999999999
20,357,2004,2,12.2
20,357,2005,14,112.90999999999998
20,357,2006,6,27.050000000000004
20,357,2007,16,129.8
20,357,2008,6,20.57
20,357,2009,25,183.6
20,357,2010,57,312.6399999999997
20,357,2011,28,105.7
20,357,2012,87,375.38000000000017
20,357,2013,25,166.03999999999996
20,357,2014,2,8.14
20,358,2004,3,18.75
20,358,2005,26,115.72999999999999
20,358,2007,12,90.46
20,358,2008,4,16.990000000000002
20,358,2009,27,138.44999999999996
20,358,2010,12,57.120000000000005
20,358,2011,28,114.82
20,358,2012,77,315.1000000000001
20,358,2013,89,462.44000000000017
20,358,2014,7,35.3
20,359,2007,4,18.83
20,359,2008,6,61
20,359,2009,8,82.35000000000001
20,359,2010,11,63.12
20,359,2011,1,3
20,359,2012,8,28.750000000000004
20,359,2013,14,89.63
20,359,2014,1,2.5
20,360,2003,1,19.19
20,360,2004,36,269.73
20,360,2005,2,18.54
20,360,2006,6,48.92
20,360,2007,12,91.74
20,360,2009,14,57.81000000000001
20,360,2010,42,175.16
20,360,2011,15,82.07000000000001
20,360,2012,19,57.57
20,360,2013,5,23.9
20,360,2014,37,154.67000000000002
20,361,2003,4,26.200000000000003
20,361,2004,13,73.52
20,361,2005,1,4.5
20,361,2007,1,5.07
20,361,2009,8,32.82
20,361,2010,13,76.74999999999999
20,361,2013,14,91.83
20,361,2014,10,32.760000000000005
20,362,2002,4,32.2
20,362,2004,27,291.1
20,362,2006,7,31.300000000000004
20,362,2007,4,27.5
20,362,2008,6,27.509999999999998
20,362,2009,9,22.180000000000003
20,362,2010,10,192.29999999999998
20,362,2011,18,75.96000000000001
20,362,2012,26,156.19
20,362,2013,89,345.43000000000006
20,362,2014,80,227.24999999999983
20,362,2015,19,64.83000000000001
20,363,2005,36,254.51999999999998
20,363,2007,4,36
20,363,2009,26,110.99000000000004
20,363,2010,37,180.14000000000007
20,363,2011,9,66.45
20,363,2012,102,387.6499999999997
20,363,2013,11,45.19
20,363,2014,69,199.60000000000014
20,363,2015,4,9.16
20,364,2005,55,272.38000000000005
20,364,2006,1,0
20,364,2007,8,56.349999999999994
20,364,2008,11,20.68
20,364,2009,40,172.44
20,364,2010,33,179.57999999999998
20,364,2011,42,114.53999999999998
20,364,2012,12,58.480000000000004
20,364,2013,2,10.8
20,364,2014,8,23.35
20,364,2015,3,11.79
20,365,2003,2,9.75
20,365,2004,3,32.37
20,365,2005,8,38.68
20,365,2006,2,10.17
20,365,2009,5,30.1
20,365,2010,16,73.8
20,365,2011,19,168.35999999999999
20,365,2012,1,6.25
20,365,2014,7,12.809999999999999
20,366,2005,26,237.89999999999998
20,366,2006,9,66.6
20,366,2007,3,6.1
20,366,2008,8,48.660000000000004
20,366,2009,2,12
20,366,2010,23,151.49999999999997
20,366,2012,12,48.779999999999994
20,366,2013,35,160.42999999999992
20,366,2014,7,36.3
20,366,2015,5,15.75
20,367,2006,13,98.31
20,367,2009,7,34.8
20,367,2010,1,3.1
20,367,2012,10,41.03999999999999
20,367,2013,5,21.57
20,367,2014,11,60.13000000000001
20,368,2004,22,134.6
20,368,2005,16,75.5
20,368,2006,4,17.240000000000002
20,368,2007,9,98.2
20,368,2008,6,72.6
20,368,2009,11,47.5
20,368,2010,30,190.71
20,368,2011,34,120.76000000000003
20,368,2012,34,126.43999999999997
20,368,2013,11,39.68
20,368,2014,12,59.14999999999999
20,369,2003,3,36
20,369,2004,3,17.19
20,369,2005,11,62.00999999999999
20,369,2006,6,30.25
20,369,2008,4,19.82
20,369,2009,11,30.660000000000004
20,369,2010,12,38.35
20,369,2011,19,60.519999999999996
20,369,2012,5,50
20,369,2013,7,17.05
20,369,2014,4,12.030000000000001
21,370,2002,1,3.36
21,370,2003,6,15.730000000000002
21,370,2004,5,17.88
21,370,2005,35,118.35999999999999
21,370,2006,5,14.09
21,370,2007,17,63.86000000000001
21,370,2008,49,163.85000000000002
21,370,2009,17,46.85
21,370,2010,52,174.07000000000002
21,370,2011,37,178.31999999999994
21,370,2012,4,8.48
21,370,2014,54,170.39000000000001
21,370,2015,2,3.9799999999999995
21,371,2002,1,1.85
21,371,2003,15,33.660000000000004
21,371,2005,12,35.870000000000005
21,371,2006,7,15.29
21,371,2007,5,19.66
21,371,2008,7,24.86
21,371,2009,18,59.650000000000006
21,371,2010,13,57.42999999999999
21,371,2011,3,4.95
21,371,2014,2,7.67
21,371,2015,2,11.690000000000001
21,372,2001,1,1.5
21,372,2002,8,47.31999999999999
21,372,2003,30,56.89999999999999
21,372,2004,10,17.77
21,372,2005,15,56.69000000000001
21,372,2006,12,66.77
21,372,2007,37,167.48
21,372,2008,6,35.93
21,372,2009,19,98.27000000000001
21,372,2010,14,70.83999999999999
21,372,2011,11,48.34
21,372,2012,17,52.28000000000001
21,372,2013,77,280.04
21,372,2014,39,189.43999999999994
21,373,2003,3,20.700000000000003
21,373,2004,2,9.059999999999999
21,373,2005,9,63.4
21,373,2007,3,12.379999999999999
21,373,2008,11,64.54
21,373,2009,11,87.16999999999999
21,373,2010,14,73.2
21,373,2011,2,9.26
21,373,2013,39,175.13000000000002
21,373,2014,16,68.66999999999999
21,374,2002,14,28.159999999999993
21,374,2003,10,33.839999999999996
21,374,2004,2,13.870000000000001
21,374,2005,12,29.889999999999997
21,374,2006,37,107.53000000000002
21,374,2007,37,207.48000000000008
21,374,2008,6,20.28
21,374,2009,25,86.63999999999999
21,374,2010,45,194.30000000000007
21,374,2011,92,356.71000000000004
21,374,2012,44,198.77999999999997
21,374,2013,34,145.75999999999993
21,374,2014,26,125.88
21,375,2003,8,22.36
21,375,2004,10,27.25
21,375,2005,21,52.33999999999999
21,375,2006,18,53.029999999999994
21,375,2007,19,62.459999999999994
21,375,2008,30,171.64000000000001
21,375,2009,40,137.95
21,375,2010,54,247.29000000000002
21,375,2011,116,438.64000000000027
21,375,2012,47,252.60000000000005
21,375,2013,29,273.0299999999999
21,375,2014,31,156.15999999999997
21,376,2002,7,21.5
21,376,2003,11,37.089999999999996
21,376,2004,44,135.17
21,376,2005,29,107.16999999999999
21,376,2006,14,49.08
21,376,2007,14,80.75
21,376,2008,18,65.17
21,376,2009,61,199.91999999999993
21,376,2010,83,356.12999999999994
21,376,2011,185,705.2399999999998
21,376,2012,125,406.0900000000002
21,376,2013,73,242.38999999999996
21,376,2014,50,155.34999999999997
21,377,2002,16,48.820000000000014
21,377,2004,18,59.85000000000001
21,377,2005,54,150.15999999999988
21,377,2006,52,184.01999999999998
21,377,2007,44,114.81
21,377,2008,35,143.89999999999998
21,377,2009,46,181.09
21,377,2010,106,308.3499999999999
21,377,2011,76,426.1399999999998
21,377,2012,43,151.18999999999994
21,377,2013,1,2.77
21,377,2014,18,93.44999999999999
21,378,2002,1,1.08
21,378,2003,10,22.25
21,378,2004,28,76.47999999999999
21,378,2005,32,118.72000000000008
21,378,2006,25,112.12999999999998
21,378,2007,20,111.84999999999998
21,378,2008,25,81.63
21,378,2009,44,192.59
21,378,2010,59,195.15000000000006
21,378,2011,113,492.36999999999983
21,378,2012,40,242.50000000000003
21,378,2013,4,14.4
21,378,2014,7,17.9
21,379,2003,16,24.4
21,379,2004,21,48.12999999999999
21,379,2005,31,85.16000000000001
21,379,2006,16,59.959999999999994
21,379,2007,17,82.67
21,379,2008,5,7.88
21,379,2009,29,116.53
21,379,2010,29,106.94000000000001
21,379,2011,27,139.35000000000002
21,379,2012,49,261.81999999999994
21,379,2013,47,272.73000000000013
21,379,2014,37,152.92999999999998
21,380,2003,2,2.1
21,380,2004,12,27.65
21,380,2005,25,66.55000000000001
21,380,2006,10,24.78
21,380,2007,9,25.82
21,380,2008,15,51.87
21,380,2009,18,82.5
21,380,2010,16,65.34
21,380,2011,19,120.39
21,380,2012,21,93.07000000000002
21,380,2013,4,12.06
21,380,2014,13,50.489999999999995
21,381,2002,6,10.190000000000001
21,381,2003,6,19.4
21,381,2004,17,43.67
21,381,2005,14,45.27
21,381,2006,12,29.729999999999997
21,381,2007,15,48.34
21,381,2008,15,52.47
21,381,2009,17,43.89999999999999
21,381,2010,30,214.02999999999997
21,381,2011,45,156.16
21,381,2012,49,242.79
21,381,2013,13,39.05
21,381,2014,21,86.32000000000001
21,382,2002,8,7.339999999999999
21,382,2003,9,11.02
21,382,2004,12,25.559999999999995
21,382,2005,4,8.969999999999999
21,382,2006,18,97.77000000000001
21,382,2007,28,81.65000000000002
21,382,2008,2,5.71
21,382,2009,65,287.23
21,382,2010,40,182.51999999999995
21,382,2011,22,125.83000000000003
21,382,2012,9,43.480000000000004
21,382,2013,9,107.75999999999999
21,382,2014,9,33.9
21,382,2015,2,6
21,383,2005,12,87.33999999999999
21,383,2006,17,31.69
21,383,2007,27,71.10000000000001
21,383,2008,20,71.10000000000001
21,383,2009,36,83.77999999999999
21,383,2010,50,132.25
21,383,2011,46,146.44000000000005
21,383,2012,24,98.660000000000025
21,383,2014,13,33.45
21,383,2015,3,9.7
21,384,2002,13,28.119999999999997
21,384,2003,25,71.33000000000001
21,384,2004,14,66.36999999999999
21,384,2005,15,58.63000000000001
21,384,2006,3,14.14
21,384,2007,24,129.75
21,384,2008,34,237.00000000000003
21,384,2009,26,145.95999999999998
21,384,2010,25,126.49000000000002
21,384,2011,26,148.01000000000005
21,384,2012,15,102.36
21,384,2013,2,5.62
21,384,2014,21,109.14999999999999
21,385,2003,2,7.6899999999999995
21,385,2004,6,13.16
21,385,2005,5,13.700000000000001
21,385,2006,9,38.519999999999996
21,385,2007,10,30.009999999999998
21,385,2008,2,3.1
21,385,2009,10,26.339999999999996
21,385,2010,6,32.33
21,385,2011,6,79.00000000000001
21,385,2012,19,46.31
21,385,2013,2,16
21,385,2014,2,12
21,386,2002,10,16.25
21,386,2003,31,55.68000000000001
21,386,2004,24,60.750000000000014
21,386,2005,31,88.86
21,386,2006,14,30.84
21,386,2007,14,28.859999999999996
21,386,2008,13,21.76
21,386,2009,22,69.57999999999998
21,386,2010,20,74.46999999999998
21,386,2011,20,75.26
21,386,2012,16,61.89999999999999
21,386,2013,7,49.31
21,386,2014,15,34.84
21,387,2003,6,16.080000000000002
21,387,2004,66,114.71000000000001
21,387,2005,28,83.43
21,387,2006,28,70.96000000000001
21,387,2007,29,87.10000000000001
21,387,2008,33,115.51
21,387,2009,68,223.5699999999999
21,387,2010,70,263.17
21,387,2011,43,182.16999999999996
21,387,2012,36,207.1
21,387,2013,5,19.330000000000002
21,387,2014,48,171.39999999999998
21,388,2002,25,58.650000000000006
21,388,2003,16,43.21
21,388,2004,31,84.74999999999999
21,388,2005,18,65.33000000000001
21,388,2006,26,104.12
21,388,2007,14,65.63000000000001
21,388,2008,10,39.74
21,388,2009,34,152.53
21,388,2010,24,87.99999999999997
21,388,2011,24,105.03999999999998
21,388,2012,36,180.56999999999996
21,388,2013,11,61.73999999999999
21,388,2014,5,33.4
21,389,2003,8,13.25
21,389,2004,14,36.79
21,389,2005,4,9.89
21,389,2006,19,58.36
21,389,2007,11,36.61
21,389,2008,11,34.67
21,389,2009,7,15.430000000000001
21,389,2010,12,23.42
21,389,2011,17,52.55000000000001
21,389,2012,24,111.39999999999999
21,389,2013,20,100.71999999999998
21,389,2014,15,56.599999999999994
21,390,2003,10,28.2
21,390,2004,21,111.30000000000003
21,390,2005,22,58.99999999999999
21,390,2006,14,52.76
21,390,2007,3,9.780000000000001
21,390,2008,3,6.85
21,390,2009,5,18.509999999999998
21,390,2010,8,34.199999999999996
21,390,2011,20,90.46000000000001
21,390,2012,34,110.17
21,390,2013,5,27.460000000000004
21,390,2015,2,3.6
21,391,2003,14,34.78999999999999
21,391,2004,3,10.8
21,391,2005,7,13.41
21,391,2006,4,20.99
21,391,2007,15,58.63000000000001
21,391,2008,9,14.149999999999999
21,391,2009,19,45.24000000000001
21,391,2010,2,16.9
21,391,2011,32,87.12999999999998
21,391,2012,18,105.67000000000002
21,392,2003,9,24.77
21,392,2004,23,73.63
21,392,2005,11,39.14000000000001
21,392,2006,3,11.54
21,392,2007,8,26.03
21,392,2008,26,111.05999999999999
21,392,2009,17,99.80999999999999
21,392,2010,32,183.36000000000004
21,392,2011,15,80.95999999999998
21,392,2012,2,4.22
21,392,2013,11,35.53
21,392,2014,43,134.11
21,393,2004,5,8.29
21,393,2005,24,61.36
21,393,2006,36,104.65000000000005
21,393,2007,37,171.93
21,393,2008,29,116.61
21,393,2009,22,124.63000000000002
21,393,2010,55,331.9100000000001
21,393,2011,26,215.40000000000006
21,393,2012,2,6.1
21,393,2013,49,144.56000000000003
21,393,2014,173,561.87
21,394,2002,3,5.93
21,394,2003,5,21.17
21,394,2004,1,2.8
21,394,2005,15,102.36000000000003
21,394,2006,7,64.69
21,394,2007,21,137.96
21,394,2008,13,49.2
21,394,2009,20,213.06999999999996
21,394,2010,40,307.46999999999986
21,394,2011,12,53.44999999999999
21,394,2012,8,71.33000000000001
21,394,2013,5,31.7
21,394,2014,36,155.39999999999995
21,395,2002,2,4.1
21,395,2003,14,33.15
21,395,2004,36,107.52999999999997
21,395,2005,16,101.36000000000001
21,395,2006,7,21.85
21,395,2007,81,500.71
21,395,2008,16,80.42
21,395,2009,31,262.39
21,395,2010,50,400.5300000000001
21,395,2011,68,503.4300000000001
21,395,2012,9,37.849999999999994
21,395,2013,11,32.22
21,395,2014,27,130.53
21,396,2002,5,6.26
21,396,2003,20,64.58999999999999
21,396,2004,14,57.99000000000001
21,396,2005,18,72.37000000000002
21,396,2006,12,52.89
21,396,2007,20,139.9
21,396,2008,10,56.82
21,396,2009,11,79.50999999999999
21,396,2010,25,133.5
21,396,2011,57,327.09000000000003
21,396,2012,49,416.9499999999999
21,396,2013,34,135.57
21,396,2014,45,247.20999999999998
21,397,2002,6,5.390000000000001
21,397,2003,11,18.39
21,397,2004,11,35.940000000000005
21,397,2005,19,49.970000000000006
21,397,2006,12,51.400000000000006
21,397,2007,16,37.15
21,397,2008,7,20.279999999999998
21,397,2009,17,83.68
21,397,2010,7,23.16
21,397,2011,83,335.1399999999999
21,397,2012,46,201.91
21,397,2013,12,62.04
21,397,2014,9,57.87
21,398,2003,7,9.340000000000002
21,398,2004,8,58.400000000000006
21,398,2005,15,79.94
21,398,2006,9,60.39
21,398,2007,12,82.77999999999999
21,398,2008,12,33.73
21,398,2009,8,62.82000000000001
21,398,2010,27,114.12
21,398,2011,35,151.00999999999996
21,398,2012,48,235.74000000000007
21,398,2013,25,180.05999999999995
21,398,2014,23,89.20000000000002
21,398,2015,3,7.83
21,399,2004,1,2.08
21,399,2006,9,43.309999999999995
21,399,2008,7,15.549999999999999
21,399,2009,5,53.34
21,399,2010,1,2.1
21,399,2013,1,2.2
21,399,2014,5,19.9
22,400,2004,40,533.65
22,400,2005,47,352.48
22,400,2006,3,23.15
22,400,2007,45,229.84000000000006
22,400,2008,73,409.8299999999999
22,400,2009,15,96.55
22,400,2010,24,267.96999999999997
22,400,2011,2,11.16
22,400,2012,2,8.370000000000001
22,400,2013,3,37.78
22,400,2014,15,62.31
22,400,2015,12,64.13
22,401,2003,8,25.29
22,401,2004,5,20.21
22,401,2005,40,428.0400000000001
22,401,2006,29,196.23000000000008
22,401,2007,74,551.6800000000002
22,401,2008,172,2296.2499999999973
22,401,2009,129,937.9399999999999
22,401,2010,129,680.94
22,401,2011,186,1492.4999999999995
22,401,2012,46,334.89000000000004
22,401,2013,117,915.9900000000001
22,401,2014,114,1190.6299999999999
22,401,2015,6,55.64
22,402,2003,3,6.1
22,402,2004,3,18.5
22,402,2005,12,102.78
22,402,2006,4,26
22,402,2007,26,276.4200000000001
22,402,2008,135,1257.1900000000007
22,402,2009,49,305.54999999999995
22,402,2010,48,488.31999999999994
22,402,2011,18,118.48
22,402,2012,12,236.11999999999998
22,402,2013,8,88.29999999999998
22,402,2014,22,157.80000000000004
22,402,2015,23,93.82999999999997
22,403,2003,21,118.48999999999998
22,403,2004,28,316.80999999999995
22,403,2005,33,359.34999999999997
22,403,2006,18,115.9
22,403,2007,48,408.2500000000002
22,403,2008,132,872.4699999999998
22,403,2009,72,375.77
22,403,2010,34,95.94999999999999
22,403,2011,12,168.24
22,403,2012,35,447.5000000000002
22,403,2013,28,133.69000000000003
22,403,2014,49,255.51999999999992
22,403,2015,4,10.299999999999999
22,404,2003,25,155.45999999999995
22,404,2004,16,81.01999999999998
22,404,2005,28,202.67000000000004
22,404,2006,26,318.14
22,404,2007,56,407.8999999999999
22,404,2008,57,270.78
22,404,2009,15,49.099999999999994
22,404,2010,48,655.5500000000001
22,404,2011,18,134.8
22,404,2012,18,66.35
22,404,2013,20,82.19
22,404,2014,32,145.50999999999996
22,405,2004,21,64.37
22,405,2005,20,66.75999999999999
22,405,2006,39,251.14999999999986
22,405,2007,80,468.37000000000006
22,405,2008,70,322.1900000000001
22,405,2009,17,66.3
22,405,2010,6,27.05
22,405,2011,10,45.269999999999996
22,405,2012,15,169.69999999999996
22,405,2013,6,53.66999999999999
22,405,2014,41,107.78999999999998
22,405,2015,4,10.620000000000001
22,406,2002,7,140
22,406,2003,23,253.1
22,406,2004,31,187.41999999999996
22,406,2005,36,271.05000000000007
22,406,2006,31,198.79
22,406,2007,113,681.2699999999999
22,406,2008,54,174.56
22,406,2009,37,164.41000000000003
22,406,2010,9,64.39999999999999
22,406,2011,9,43.699999999999996
22,406,2012,17,140.65
22,406,2013,25,142.38999999999996
22,406,2014,32,127.63999999999999
22,407,2003,3,11
22,407,2004,30,191.39000000000001
22,407,2005,27,173.79999999999998
22,407,2006,53,556.8000000000001
22,407,2007,71,370.12000000000006
22,407,2008,58,349.72000000000014
22,407,2009,57,367.74
22,407,2010,10,57.6
22,407,2011,22,200.33
22,407,2012,4,51.2
22,407,2013,4,25.1
22,407,2014,40,162.08999999999997
22,408,2003,7,57.3
22,408,2004,19,82.37000000000002
22,408,2005,46,187.55000000000004
22,408,2006,32,290.87999999999994
22,408,2007,104,498.1999999999996
22,408,2008,98,551.26
22,408,2009,46,368.19999999999993
22,408,2010,109,500.32
22,408,2011,23,75.6
22,408,2012,21,104.53
22,408,2014,53,119.36999999999999
22,408,2015,2,3.7699999999999996
22,409,2003,56,396.16999999999996
22,409,2004,5,31.78
22,409,2005,43,195.00999999999996
22,409,2006,60,217.44
22,409,2007,64,499.82
22,409,2008,30,232.63
22,409,2009,54,339.83000000000004
22,409,2010,7,60.53
22,409,2013,6,32.26
22,409,2014,22,85.50999999999999
22,410,2003,2,8.440000000000001
22,410,2004,59,532.41
22,410,2005,35,328.18999999999994
22,410,2006,28,224.91999999999996
22,410,2007,85,705.4800000000001
22,410,2008,74,539.3800000000001
22,410,2009,47,441.0400000000001
22,410,2010,25,191.93
22,410,2011,2,10
22,410,2012,9,74.1
22,410,2013,15,81.22999999999999
22,410,2014,36,235.60000000000002
22,410,2015,1,2.7
22,411,2003,21,86.06
22,411,2005,11,36.96
22,411,2006,23,94.4
22,411,2007,66,327.8999999999998
22,411,2008,63,462.1900000000001
22,411,2009,20,280.95000000000005
22,411,2010,3,10.68
22,411,2013,16,67.2
22,411,2014,21,48.49999999999999
22,411,2015,7,13.05
22,412,2004,24,118.73000000000002
22,412,2005,17,112.65000000000002
22,412,2006,2,15.7
22,412,2007,71,312.96000000000004
22,412,2008,22,59.78
22,412,2009,44,156.11999999999998
22,412,2010,1,6.1
22,412,2011,1,2.45
22,413,2003,9,32.68
22,413,2004,6,30.92
22,413,2005,23,109.44
22,413,2006,13,65.03
22,413,2007,36,175.17000000000002
22,413,2008,58,219.52999999999992
22,413,2009,64,298.28
22,413,2010,25,74.32
22,413,2011,8,30.45
22,413,2012,7,25.78
22,413,2013,5,78.78999999999999
22,414,2002,1,2.9
22,414,2003,6,28.02
22,414,2004,2,4.98
22,414,2005,3,14.77
22,414,2006,51,555.2600000000002
22,414,2007,31,231.51999999999998
22,414,2008,30,168.70000000000002
22,414,2009,114,774.4200000000002
22,414,2010,109,565.74
22,414,2011,79,598.8500000000005
22,414,2012,31,144.77999999999997
22,414,2013,32,186.05
22,414,2014,26,157.01
22,415,2014,1,1.4
22,416,2003,2,4.75
22,416,2004,11,106.9
22,416,2005,10,272.34
22,416,2006,13,70.4
22,416,2007,11,170
22,416,2008,15,86.10999999999999
22,416,2009,12,155.6
22,416,2010,13,55.57
22,416,2011,9,31.949999999999996
22,416,2012,1,1.3
22,416,2014,2,10.2
23,418,2004,8,44.05
23,418,2005,3,28.5
23,418,2006,11,49.31
23,418,2007,6,49.75
23,418,2008,46,257.7799999999999
23,418,2009,8,62
23,418,2010,22,147.35
23,418,2011,8,21.000000000000004
23,418,2012,3,4.2
23,418,2013,7,46.45
23,418,2014,10,32
23,419,2002,2,3.81
23,419,2003,27,113.12
23,419,2004,13,75.44000000000001
23,419,2005,28,114.27000000000004
23,419,2006,43,260.18
23,419,2007,53,155.83999999999995
23,419,2008,42,103.74999999999999
23,419,2009,5,20.9
23,419,2010,2,2.35
23,419,2011,20,64.38
23,419,2012,24,89.91
23,419,2013,8,27.7
23,419,2014,5,17.4
23,419,2015,1,2.3
23,420,2001,1,1.7
23,420,2002,2,4.47
23,420,2003,12,49.9
23,420,2004,9,22.529999999999998
23,420,2005,32,92.32
23,420,2006,5,18.45
23,420,2007,28,111.15
23,420,2008,25,106.55999999999999
23,420,2009,25,108.44000000000003
23,420,2010,5,20.72
23,420,2011,11,56.400000000000006
23,420,2012,2,7.859999999999999
23,420,2014,48,164.32000000000002
23,420,2015,2,4.2
23,421,2002,5,13.350000000000001
23,421,2003,12,36.2
23,421,2004,9,26.439999999999998
23,421,2005,18,64.61999999999999
23,421,2006,10,35.99
23,421,2007,5,16.09
23,421,2008,5,16.97
23,421,2012,9,33.23
23,421,2013,8,39.41
23,421,2014,2,7.7
23,422,2003,7,26.05
23,422,2004,8,67.44999999999999
23,422,2005,14,48.27000000000001
23,422,2006,4,23.189999999999998
23,422,2007,7,27.060000000000002
23,422,2008,10,29.82
23,422,2009,10,49.38
23,422,2010,1,1.1
23,422,2011,22,86.33
23,422,2012,19,154.62999999999997
23,422,2013,3,10.4
23,422,2014,10,24.650000000000002
23,422,2015,1,1.3
23,423,2003,6,31.700000000000003
23,423,2004,24,142.43999999999997
23,423,2005,22,522.8100000000001
23,423,2006,58,494.1300000000003
23,423,2007,43,214.60999999999993
23,423,2008,36,171.95999999999998
23,423,2009,57,251.9599999999999
23,423,2010,10,48.10000000000001
23,423,2011,33,191.4
23,423,2012,73,408.7
23,423,2013,64,514.9000000000002
23,423,2014,26,136.6
23,424,2004,29,137.89
23,424,2005,16,59.849999999999994
23,424,2006,20,68.13999999999999
23,424,2007,65,332.62999999999994
23,424,2008,59,272.48
23,424,2009,30,93.93
23,424,2010,12,61.029999999999994
23,424,2011,2,7.71
23,424,2013,4,11.200000000000001
23,424,2014,34,114.29999999999997
23,424,2015,4,13.899999999999999
23,425,2001,5,22
23,425,2003,3,5
23,425,2004,11,49.949999999999996
23,425,2005,16,111.24999999999999
23,425,2006,25,135.26
23,425,2007,41,318.4399999999999
23,425,2008,80,404.0599999999998
23,425,2009,70,275.68
23,425,2010,29,163.45999999999998
23,425,2011,1,7.3
23,425,2012,9,40.57
23,425,2013,5,24.700000000000003
23,425,2014,39,128.61000000000007
23,425,2015,3,22.2
23,426,2004,3,3.9000000000000004
23,426,2005,10,48.35
23,426,2006,19,79.07999999999998
23,426,2007,49,285.09000000000003
23,426,2008,36,192.51000000000008
23,426,2009,23,173.23999999999998
23,426,2010,11,78.98
23,426,2011,2,10.8
23,426,2015,3,17.8
23,427,2003,16,78.7
23,427,2004,25,180.27
23,427,2006,30,191.94000000000008
23,427,2007,52,291.2600000000001
23,427,2008,44,355.22
23,427,2009,56,229.41000000000008
23,427,2010,36,178.34999999999997
23,427,2011,22,123.65999999999998
23,427,2012,41,229.76000000000008
23,427,2013,39,254.31000000000003
23,427,2014,56,245.77000000000004
23,427,2015,3,16.9
23,428,2004,11,27.01
23,428,2005,31,155.46000000000004
23,428,2006,31,156.79000000000002
23,428,2007,17,58.750000000000014
23,428,2008,26,128.47
23,428,2009,20,104.17000000000003
23,428,2010,6,17.03
23,428,2013,1,2.4
23,428,2014,57,223.94999999999996
23,428,2015,7,38.400000000000006
23,429,2003,6,26.2
23,429,2004,22,91.86000000000001
23,429,2005,12,92.33999999999999
23,429,2006,43,206.91999999999996
23,429,2007,91,410.91000000000025
23,429,2008,37,173.51000000000005
23,429,2009,30,214.8
23,429,2010,11,24.270000000000003
23,429,2011,2,4.279999999999999
23,429,2014,28,96.50000000000001
23,429,2015,1,0.95
23,430,2004,20,115.16
23,430,2005,21,87.06000000000002
23,430,2006,69,697.8800000000003
23,430,2007,21,148.6
23,430,2008,39,168.24000000000007
23,430,2009,77,522.3499999999997
23,430,2010,27,124.2
23,430,2011,18,85.89999999999998
23,430,2012,8,22.15
23,430,2013,19,62.84999999999999
23,430,2014,10,93.59999999999998
23,431,2003,17,279.34999999999997
23,431,2006,8,31.15
23,431,2007,7,46.56999999999999
23,431,2008,10,52.2
23,431,2009,20,95.56000000000002
23,431,2010,7,35.65
23,431,2011,3,11.1
23,431,2012,8,102.2
23,431,2013,16,105.89999999999999
23,431,2014,35,202.03999999999994
23,431,2015,2,4.699999999999999
23,432,2003,32,261.7800000000001
23,432,2004,6,118.5
23,432,2006,14,53.05
23,432,2007,15,57.69999999999999
23,432,2008,26,144.6
23,432,2009,4,14.7
23,432,2014,62,292.86999999999995
23,432,2015,4,10
23,433,2003,2,11.6
23,433,2004,27,189.4
23,433,2006,12,47.17000000000001
23,433,2007,37,208.79000000000005
23,433,2008,115,664.22
23,433,2009,37,245.74000000000007
23,433,2010,8,42.519999999999996
23,433,2011,8,92.4
23,433,2013,6,51.099999999999994
23,433,2014,56,263.65000000000003
23,433,2015,3,7.25
23,434,2003,16,87.5
23,434,2005,24,140.84
23,434,2006,14,52.949999999999996
23,434,2007,11,40.31
23,434,2008,31,105.47
23,434,2009,55,211.25999999999996
23,434,2010,55,353.94
23,434,2011,22,212.28999999999994
23,434,2013,20,73.03
23,434,2014,73,249.76000000000005
23,434,2015,7,20.080000000000002
23,435,2001,2,11
23,435,2003,8,65.6
23,435,2004,15,66.3
23,435,2005,17,119.41000000000001
23,435,2006,19,94.01000000000002
23,435,2007,20,143.68
23,435,2008,17,73.36999999999999
23,435,2009,49,225.38999999999993
23,435,2010,39,194.15
23,435,2011,13,80.89
23,435,2012,11,61.32999999999999
23,435,2013,13,57.080000000000005
23,435,2014,25,191.75
23,435,2015,2,7.2
23,436,2003,21,145.39000000000001
23,436,2004,11,75.82999999999998
23,436,2005,27,176.24
23,436,2006,12,38.16
23,436,2007,16,65.7
23,436,2008,29,134.38
23,436,2009,54,280.11
23,436,2010,42,290.48
23,436,2011,20,109.22999999999998
23,436,2012,4,14.299999999999999
23,436,2013,9,60.349999999999994
23,436,2014,59,295.09
23,436,2015,5,10.100000000000001
23,437,2004,26,121.82
23,437,2005,38,256.5
23,437,2006,10,56.949999999999996
23,437,2007,9,31.680000000000003
23,437,2008,22,111.11000000000001
23,437,2009,43,210.77
23,437,2010,28,173.16999999999996
23,437,2011,11,113.54999999999998
23,437,2012,2,8.7
23,437,2013,1,5.55
23,437,2014,20,69.75
23,438,2002,3,24.299999999999997
23,438,2003,42,320.4300000000001
23,438,2004,33,252.97999999999993
23,438,2005,33,224.46999999999994
23,438,2006,13,71.57999999999998
23,438,2007,56,270.65999999999997
23,438,2008,61,268.1
23,438,2009,108,459.2599999999999
23,438,2010,49,165.82000000000002
23,438,2011,23,117.62000000000002
23,438,2012,19,110.39999999999999
23,438,2013,2,12.18
23,438,2014,7,21.49
23,438,2015,1,2.1
23,439,2002,7,18.75
23,439,2003,10,40.5
23,439,2004,8,36.260000000000005
23,439,2005,6,14.45
23,439,2006,1,5.91
23,439,2007,3,14.26
23,439,2008,5,59.099999999999994
23,439,2009,9,34.83
23,439,2010,13,88.01
23,439,2011,3,14.55
23,439,2014,12,89.4
23,440,2002,2,10
23,440,2003,8,25.85
23,440,2004,7,45.45
23,440,2005,15,125.14000000000001
23,440,2006,28,248.57999999999996
23,440,2007,19,144.49999999999994
23,440,2008,4,7.75
23,440,2009,18,59.55
23,440,2010,53,220.42000000000007
23,440,2011,43,267.24
23,440,2012,16,63.53
23,440,2013,14,51.52
23,440,2014,28,165.45
23,440,2015,1,37.5
23,441,2003,14,125.48
23,441,2004,1,2.7
23,441,2005,3,9.5
23,441,2006,26,215.4
23,441,2007,37,203.87999999999997
23,441,2008,30,110.10999999999999
23,441,2009,27,130.73000000000002
23,441,2010,28,188.05999999999997
23,441,2011,5,19.3
23,441,2012,12,136.4
23,441,2013,7,59.48
23,441,2014,11,36.5
23,442,2002,3,7.220000000000001
23,442,2003,18,99.64999999999999
23,442,2004,19,89.53
23,442,2005,24,146.73000000000002
23,442,2006,22,108.9
23,442,2007,44,206.33
23,442,2008,73,321.85
23,442,2009,14,95.59999999999998
23,442,2011,55,279.55
23,442,2012,81,567.7499999999999
23,442,2013,9,30.500000000000004
23,442,2014,25,90.35
23,442,2015,8,23.6
23,443,2003,13,120.69999999999999
23,443,2004,26,247.03999999999994
23,443,2005,25,194.22000000000003
23,443,2006,19,143.13999999999996
23,443,2007,19,101.44999999999999
23,443,2008,61,400.89000000000004
23,443,2009,36,214.87999999999997
23,443,2010,19,176.85
23,443,2011,41,182.85
23,443,2012,43,218.62000000000003
23,443,2013,10,109.69999999999999
23,443,2014,21,86.04
23,443,2015,2,10.16
23,444,2003,6,14.76
23,444,2006,7,28.619999999999997
23,444,2007,8,36.35
23,444,2008,8,30.990000000000002
23,444,2010,1,5.1
23,444,2013,2,18.3
23,444,2014,6,17.55
23,445,2004,5,50.75
23,445,2006,21,116.21999999999998
23,445,2007,35,186.23000000000008
23,445,2008,60,419.4599999999998
23,445,2009,57,299.78
23,445,2010,40,341.96000000000004
23,445,2011,47,291.15
23,445,2012,38,255.28000000000006
23,445,2013,8,147.45
23,445,2014,25,128.85000000000002
23,445,2015,1,3.6
23,446,2004,14,80.91000000000001
23,446,2005,24,263.09999999999997
23,446,2006,15,116.81
23,446,2007,9,29.649999999999995
23,446,2008,8,39
23,446,2009,41,381.75000000000006
23,446,2010,12,84.97000000000001
23,446,2011,15,91.66000000000001
23,446,2012,17,135.54999999999998
23,446,2013,14,70.07000000000001
23,446,2014,15,159.74
23,446,2015,1,0.93
23,447,2004,5,22.46
23,447,2005,36,212.77999999999992
23,447,2006,42,227.72999999999988
23,447,2007,35,185.60000000000002
23,447,2008,42,197.64999999999995
23,447,2009,87,383.29999999999995
23,447,2010,49,224.33
23,447,2011,18,116.24999999999999
23,447,2012,19,111.60000000000001
23,447,2013,7,43.699999999999996
23,447,2014,21,47.73999999999999
23,447,2015,5,20.65
23,448,2004,12,80.47
23,448,2005,7,62.88000000000001
23,448,2007,17,152.63
23,448,2008,7,67.4
23,448,2009,19,149.66
23,448,2010,20,539.31
23,448,2011,1,3.87
23,448,2012,11,65.91
23,448,2013,11,141.3
23,448,2014,3,25.349999999999998
23,449,2003,1,0.8
23,449,2004,23,121.44000000000001
23,449,2005,17,58.15
23,449,2006,19,153.80000000000004
23,449,2007,14,44.87
23,449,2008,19,80.71
23,449,2009,20,135.16
23,449,2010,4,16.12
23,449,2011,4,18.75
23,449,2012,1,5.35
23,449,2013,4,11.810000000000002
23,449,2014,29,167.97999999999996
23,449,2015,2,6.8500000000000005
23,450,2005,17,113.4
23,450,2006,21,124.48
23,450,2007,43,198.51
23,450,2008,27,111.99
23,450,2009,11,68.19999999999999
23,450,2010,9,43.5
23,450,2011,2,11
23,450,2014,13,29.440000000000005
23,451,2002,1,0.4
23,451,2003,19,81.84
23,451,2004,7,37.489999999999995
23,451,2005,9,47.08999999999999
23,451,2006,23,108.40000000000002
23,451,2007,8,62.900000000000006
23,451,2008,11,65.95
23,451,2009,6,30
23,451,2013,3,3.68
23,451,2014,18,53.70000000000002
23,451,2015,2,7.78
23,452,2003,4,22
23,452,2004,4,13.889999999999999
23,452,2005,7,28.939999999999998
23,452,2006,14,84.36999999999999
23,452,2007,17,99.42
23,452,2008,11,64.42
23,452,2009,9,78.25999999999999
23,452,2010,9,61.349999999999994
23,452,2011,2,12
23,452,2012,1,6.12
23,452,2013,1,3.5
23,452,2014,27,149.14
23,452,2015,1,2.8
23,453,2003,4,19.6
23,453,2004,14,43.64000000000001
23,453,2005,13,51.959999999999994
23,453,2006,27,124.85
23,453,2007,27,235.28999999999996
23,453,2008,19,53.26999999999999
23,453,2009,33,143.45999999999998
23,453,2010,32,143.05000000000004
23,453,2011,25,131.43000000000006
23,453,2012,3,10.9
23,453,2013,17,52.04
23,453,2014,16,50.18
23,454,2003,5,17.5
23,454,2004,20,120.55999999999997
23,454,2005,19,91.11000000000001
23,454,2006,49,282.91
23,454,2007,35,184.07000000000002
23,454,2008,58,245.88
23,454,2009,60,240.44999999999996
23,454,2010,12,100.92
23,454,2012,13,56.03
23,454,2013,45,171.09000000000003
23,454,2014,40,118.16000000000001
23,455,2002,1,2
23,455,2003,28,470.91999999999996
23,455,2004,31,243.6699999999999
23,455,2005,34,365.2100000000001
23,455,2006,32,189.47
23,455,2007,30,207.86999999999995
23,455,2008,57,599.4799999999998
23,455,2009,98,709.1099999999998
23,455,2010,45,298.93999999999994
23,455,2011,48,211.43999999999986
23,455,2012,61,405.8700000000001
23,455,2013,25,182.73
23,455,2014,73,260.50000000000006
23,455,2015,9,81.75
23,456,2003,12,70.80000000000001
23,456,2004,37,324.09
23,456,2005,16,73.81
23,456,2006,37,215.52999999999997
23,456,2007,40,207.59000000000003
23,456,2008,66,295.37000000000006
23,456,2009,75,403.31
23,456,2010,21,161.15
23,456,2011,16,50.120000000000005
23,456,2012,11,47.93000000000001
23,456,2013,11,29.700000000000003
23,456,2014,23,135.10000000000002
23,456,2015,4,38.349999999999994
23,457,2004,25,237
23,457,2005,43,299.61999999999995
23,457,2006,44,224.88999999999996
23,457,2007,29,207.60000000000002
23,457,2008,45,334.2899999999999
23,457,2009,37,143.32000000000002
23,457,2010,12,50.68
23,457,2011,37,156.23999999999995
23,457,2012,52,186.98
23,457,2013,35,161.9
23,457,2014,34,105.30000000000001
23,457,2015,1,2.4
23,458,2003,7,42.3
23,458,2004,23,240.52999999999997
23,458,2005,19,115.45999999999997
23,458,2006,6,16.849999999999998
23,458,2007,19,60.70999999999999
23,458,2008,37,268.45000000000005
23,458,2009,13,127.05
23,458,2013,7,31.749999999999993
23,458,2014,34,209.74000000000012
23,458,2015,2,5.45
23,459,2003,4,9.5
23,459,2005,13,68.89
23,459,2006,21,110.25
23,459,2007,8,31.3
23,459,2008,41,218.19999999999993
23,459,2009,17,77.95000000000002
23,459,2011,3,13.7
23,459,2012,6,22.85
23,459,2013,6,18.55
23,460,2003,1,5
23,460,2004,22,224.7
23,460,2006,17,107.41
23,460,2007,19,170.33
23,460,2008,30,132.9
23,460,2009,63,242.8100000000001
23,460,2010,23,128.80999999999997
23,460,2011,15,117.18000000000002
23,460,2012,1,2.38
23,460,2013,5,14.85
23,460,2014,20,81.16999999999999
23,460,2015,6,14.549999999999997
23,461,2003,19,113.64999999999999
23,461,2004,8,34.31
23,461,2005,4,17.490000000000002
23,461,2006,19,105.04000000000002
23,461,2007,38,219.98
23,461,2008,46,187.16000000000003
23,461,2009,81,339.35
23,461,2010,18,90.339999999999975
23,461,2012,7,56.6
23,461,2013,20,62
23,461,2014,17,75.19
23,462,2003,2,15.6
23,462,2004,12,85.08000000000001
23,462,2005,24,113.30999999999997
23,462,2006,28,166.18
23,462,2007,27,177.1599999999999
23,462,2008,13,89.61000000000001
23,462,2009,16,233.35999999999999
23,462,2012,1,1.96
23,462,2013,13,80.78999999999999
23,462,2014,28,178.14000000000001
23,463,2003,12,116.75
23,463,2004,4,20.689999999999998
23,463,2005,5,51.900000000000006
23,463,2006,15,122.15
23,463,2007,35,241.2400000000001
23,463,2008,37,240.15000000000003
23,463,2009,32,154.8
23,463,2010,16,207.46999999999997
23,463,2011,2,20.8
23,463,2013,3,25.65
23,463,2014,3,16.84
23,464,2004,20,84.47000000000001
23,464,2005,17,80.79
23,464,2006,20,163.39999999999998
23,464,2007,15,71.43
23,464,2008,23,110.89999999999999
23,464,2009,47,193.62000000000003
23,464,2010,54,274.01000000000005
23,464,2011,49,232.1199999999999
23,464,2012,12,61.28000000000001
23,464,2013,5,36.2
23,464,2014,48,174.04999999999995
23,464,2015,1,1.5
23,465,2003,5,28.5
23,465,2004,14,44.63
23,465,2005,12,38.68
23,465,2006,4,17.72
23,465,2007,17,85.34
23,465,2008,29,145.29000000000002
23,465,2009,42,187.81
23,465,2010,55,204.12999999999997
23,465,2011,27,110.64000000000001
23,465,2012,3,16.7
23,465,2013,1,4.8
23,465,2014,6,24.599999999999998
23,465,2015,1,5
23,466,2002,1,10.25
23,466,2003,22,137.85
23,466,2004,14,50.39999999999999
23,466,2005,10,36.79
23,466,2006,14,49.85
23,466,2007,5,14.6
23,466,2008,17,82.43999999999998
23,466,2009,1,4.15
23,466,2010,7,35.31
23,466,2011,17,107.89000000000001
23,466,2012,5,30.78
23,466,2013,6,22.7
23,466,2014,9,76.5
23,467,2006,11,62.7
23,467,2007,4,10.2
23,467,2008,2,12.6
23,467,2009,3,9.8
23,467,2010,21,163.60999999999999
23,467,2011,6,32.550000000000004
23,467,2012,5,39.050000000000004
23,467,2013,1,1.5
23,467,2014,3,26.65
24,468,2002,8,11.9
24,468,2003,3,7.7
24,468,2004,2,5
24,468,2005,2,1.5
24,468,2006,6,22
24,468,2008,5,10.5
24,468,2009,3,18.1
24,468,2011,1,11.42
24,469,2002,2,2.35
24,469,2003,26,30.14
24,469,2004,17,27.729999999999997
24,469,2005,10,16.19
24,469,2006,6,10.45
24,469,2007,19,33.540000000000006
24,469,2008,18,26.840000000000003
24,469,2009,2,3.01
24,469,2010,3,4.25
24,469,2011,1,4
24,469,2013,7,17.76
24,470,2002,31,45.71
24,470,2004,8,18.11
24,470,2005,1,5.64
24,470,2007,1,0.6
24,470,2008,1,0.7
24,471,2002,9,19.2
24,471,2003,20,35.49
24,471,2005,5,11.59
24,471,2006,1,2.55
24,471,2008,1,0.66
24,472,2002,5,9.82
24,472,2003,8,12.009999999999998
24,472,2004,5,7.4399999999999995
24,472,2005,26,63.69
24,472,2006,1,0.9
24,472,2007,25,45.39999999999999
24,472,2008,23,42.78999999999999
24,472,2009,9,26.019999999999996
24,472,2010,1,4.3
24,472,2011,1,1.74
24,472,2012,2,6.96
24,472,2013,26,47.66000000000001
24,472,2014,16,29.85
24,473,2002,9,13.079999999999998
24,473,2003,1,1.05
24,473,2005,2,1.1600000000000001
24,473,2010,1,1.37
24,474,2002,1,4
24,474,2003,4,8.16
24,474,2005,3,8.5
24,474,2006,1,3
24,474,2007,2,3.3
24,474,2008,2,3.9
24,475,2002,3,2.0500000000000003
24,475,2003,3,2.01
24,475,2005,3,4.9
24,475,2006,3,3.09
24,476,2003,10,15.33
24,476,2004,6,21.01
24,476,2009,3,3.5999999999999996
24,476,2010,3,4.04
24,476,2013,1,2.7
24,476,2014,1,1
24,477,2002,3,9.8
24,477,2003,8,12.319999999999999
24,477,2004,3,11.05
24,477,2005,8,16.53
24,477,2006,4,8.07
24,477,2007,2,7.5
24,477,2008,7,17.34
24,477,2009,6,23.7
24,477,2011,2,2.8
24,477,2014,3,8.649999999999999
24,478,2002,4,10.1
24,478,2003,1,0.5
24,478,2004,1,12
24,478,2008,1,3.67
24,479,2003,9,21.7
24,479,2004,4,12.4
24,479,2005,1,0.93
24,479,2007,1,0.74
24,480,2003,8,12.16
24,480,2004,8,12.9
24,480,2005,1,1.4
24,480,2012,4,6.41
24,481,2002,9,25.3
24,481,2003,10,11.6
24,481,2004,4,9.4
24,481,2005,2,1.6
24,481,2009,2,4.15
24,481,2011,1,1.6
24,481,2013,1,0.9
24,482,2003,2,4.35
24,482,2004,12,19.6
24,482,2005,34,65.88999999999999
24,482,2006,26,50.099999999999994
24,482,2007,3,6.24
24,482,2008,15,29.18
24,482,2009,21,42.24
24,482,2014,4,6.199999999999999
24,483,2002,4,4.04
24,483,2003,5,6.5
24,483,2004,21,40.900000000000006
24,483,2005,11,20.97
24,483,2006,27,38.22
24,483,2007,6,9.469999999999999
24,483,2008,29,52.7
24,484,2002,2,5
24,484,2003,15,28.410000000000004
24,484,2004,24,51.96000000000001
24,484,2005,45,90.41999999999997
24,484,2006,25,49.50999999999999
24,484,2007,26,45.32999999999999
24,484,2008,85,177.69999999999996
24,484,2009,53,102.56999999999998
24,484,2010,18,42.410000000000004
24,484,2011,4,6.66
24,484,2012,3,13.82
24,484,2013,69,143.65999999999997
24,484,2014,14,31.070000000000004
24,485,2001,1,1.38
24,485,2002,6,8.08
24,485,2003,11,29.41
24,485,2004,1,1.38
24,485,2005,44,98.78
24,485,2006,24,59.769999999999996
24,485,2007,30,70.26
24,485,2008,38,66.86000000000001
24,485,2009,41,80.98
24,485,2010,31,57.54999999999999
24,485,2011,58,118.58000000000003
24,485,2012,15,29.02
24,485,2013,76,135.02999999999997
24,485,2014,12,27.640000000000004
24,486,2003,1,0.9
24,486,2004,2,8.2
24,486,2010,11,37.49
24,486,2011,4,26.699999999999996
24,486,2013,1,1.9
24,486,2014,9,24.599999999999998
24,487,2002,5,7.9399999999999995
24,487,2003,2,6
24,487,2004,1,4.2
24,487,2010,1,2
24,487,2013,3,7
24,487,2014,4,17.6
24,488,2006,5,13.34
24,488,2010,1,1
24,488,2011,2,3.01
24,488,2014,3,7.95
24,489,2014,1,8.19
24,490,2002,17,31.29
24,490,2003,4,8.48
24,490,2004,1,1.47
24,490,2005,7,11.98
24,490,2006,10,17.189999999999998
24,490,2007,8,8.98
24,490,2008,5,6.79
24,490,2010,17,19.71
24,492,2002,9,14.11
24,492,2003,3,3.5999999999999996
24,492,2004,1,1.8
24,492,2005,6,5.59
24,492,2006,3,3.11
24,492,2007,1,5.17
24,492,2008,4,4.06
24,492,2010,6,10.6
24,493,2002,3,4.2
24,493,2003,7,6.289999999999999
24,493,2004,5,6.15
24,493,2005,1,1.65
24,493,2006,15,31.220000000000002
24,493,2007,2,1.97
24,493,2008,6,10.66
24,493,2010,13,18.9
24,493,2014,2,3.5
27,497,2003,1,2
27,497,2008,28,214.07
27,497,2009,22,175.86999999999998
27,497,2010,3,8.29
27,497,2011,38,388.0799999999999
27,497,2012,12,166.19
27,497,2014,3,23.9
27,498,2002,1,0
27,498,2004,2,7
27,498,2008,12,29.66
27,498,2009,14,51.769999999999996
27,498,2011,1,0
27,498,2014,5,16.95
27,499,2002,2,6
27,500,2003,4,16.64
27,500,2005,3,7.4
27,500,2006,5,18.87
27,500,2008,8,22
27,500,2011,1,5.8
27,501,2001,14,26.5
27,501,2007,7,24.46
27,501,2008,1,1.49
27,501,2011,2,6
27,502,2007,1,2.25
27,502,2009,2,7.64
27,503,2001,15,34.8
27,503,2004,1,1.8
27,503,2005,1,5.5
27,504,2002,2,6.2
27,504,2007,1,3.12
27,504,2008,1,6.6
27,505,2004,3,10
27,505,2008,2,5
27,506,2008,1,2
27,507,2003,11,39.25
27,507,2006,10,54.65
27,508,2000,2,12
27,508,2001,4,4.67
27,508,2002,1,0
27,508,2007,15,49.739999999999995
27,508,2008,12,28.28
27,508,2009,1,4.2
27,508,2010,3,7.3
27,508,2012,1,2.7
27,508,2013,3,15.6
27,508,2014,3,13
27,509,2002,13,11.1
27,509,2007,1,0
27,509,2008,3,6.960000000000001
27,510,2001,4,8
27,510,2002,6,11.3
27,510,2003,12,18.849999999999998
27,510,2004,2,3.29
27,510,2005,1,4.1
27,510,2008,2,7.72
27,511,2001,1,0
27,511,2002,4,9.5
27,511,2003,7,17.34
27,511,2005,2,1.8
27,511,2006,1,1.85
27,511,2008,1,1.4
27,511,2011,1,5.07
27,512,2002,6,2.9
27,512,2003,3,7.4
27,512,2004,2,7.6
27,512,2007,14,57.839999999999996
27,512,2008,7,30.2
27,513,2000,1,0
27,513,2002,2,7
27,513,2003,1,0.75
27,513,2006,2,11
27,513,2008,5,17.810000000000002
27,514,2008,14,44.650000000000006
27,514,2009,1,5.3
27,514,2011,1,1.11
27,515,2004,1,6.81
27,515,2005,1,1.1
27,515,2007,6,12.329999999999998
27,515,2008,1,2.25
27,515,2009,2,15.22
27,515,2012,4,9.86
27,516,2004,6,24.44
27,516,2006,10,51.07
27,516,2007,5,18.59
27,516,2008,45,172.55999999999997
27,516,2009,6,41.3
27,516,2010,11,94.37
27,516,2011,13,76.21000000000001
27,516,2012,3,21.9
27,516,2013,2,11.22
27,516,2014,3,14.719999999999999
27,517,2003,6,7.6
27,517,2004,8,11.129999999999999
27,517,2005,2,2.68
27,517,2006,11,23.029999999999998
27,517,2007,12,19.97
27,517,2008,39,55.69999999999999
27,517,2009,11,17.28
27,517,2010,4,9.36
27,517,2011,17,23.540000000000003
27,517,2012,9,16.31
27,517,2013,8,18.69
27,517,2014,7,13.260000000000002
27,520,2001,2,1.9
27,520,2002,1,2.4
27,520,2004,7,12.81
27,520,2005,7,16.04
27,520,2008,29,44.31999999999999
27,520,2009,7,20.310000000000002
27,520,2010,4,13.54
27,520,2011,1,2
27,521,2003,1,2.56
27,521,2007,1,2.7
27,521,2008,63,223.88000000000002
27,521,2009,1,3
27,521,2011,3,16.7
27,522,2001,6,7.9
27,522,2004,19,37.61000000000001
27,522,2006,17,55.86000000000001
27,522,2008,5,9.379999999999999
27,522,2009,3,2.04
27,522,2010,5,11.18
27,522,2011,5,12.1
27,522,2012,1,5.15
27,522,2014,7,20.419999999999998
27,523,2002,13,13.560000000000002
27,523,2007,9,15.37
27,523,2008,2,0.9
27,523,2010,2,3.8
27,523,2011,3,4.38
27,524,2001,22,26.2
27,524,2002,1,2
27,524,2003,14,28.499999999999996
27,524,2006,1,3
27,524,2008,13,12.8
27,524,2009,1,1.25
27,525,2006,1,1
27,525,2007,5,12.15
27,526,2003,5,17.65
27,527,2003,10,22.13
27,527,2006,13,70.06
27,527,2008,25,98.98
27,527,2009,8,44.540000000000006
27,527,2010,3,12.2
27,527,2011,1,3.97
27,527,2012,3,23.05
27,528,2002,1,1
27,528,2003,11,14.3
27,528,2004,2,3.52
27,528,2005,10,25.95
27,528,2006,3,4.24
27,528,2007,1,1.13
27,528,2008,22,52.23
27,528,2009,1,3.2
27,529,2003,3,9.84
27,529,2004,4,7
27,529,2005,1,3
27,529,2006,3,19.64
27,529,2007,7,24.9
27,529,2008,18,44.07
27,529,2010,1,5.5
27,530,2003,8,10.34
27,530,2004,2,5.12
27,530,2006,3,6.63
27,530,2007,11,28.36
27,530,2008,10,22.7
27,530,2010,1,5.5
27,531,2002,2,2.12
27,531,2003,18,41.739999999999995
27,531,2005,6,11.479999999999999
27,531,2006,13,34.529999999999994
27,531,2008,10,23.53
27,531,2009,2,3.19
28,532,2002,3,0
28,532,2003,17,66.50000000000001
28,532,2004,32,120.90000000000002
28,532,2005,61,328.43
28,532,2006,81,426.5999999999999
28,532,2007,2,10
28,532,2008,1,0
28,532,2009,1,0
28,532,2010,9,41.5
28,532,2011,10,80
28,532,2012,8,10.45
28,532,2013,7,1.08
28,533,2002,3,18
28,533,2004,8,11.329999999999998
28,533,2006,1,1.5
28,534,2002,3,7.5
28,534,2003,1,1.2
28,534,2004,2,8
28,534,2010,8,54.99
28,535,2002,1,0.88
28,535,2003,9,35.4
28,535,2010,28,152.89999999999995
28,535,2011,1,7.5
28,537,2002,3,13.5
28,537,2003,7,15.15
28,538,2002,3,9.5
28,538,2003,6,16.05
28,538,2004,3,12.8
28,538,2006,4,18.5
28,538,2010,2,3.66
28,538,2011,6,50.239999999999995
28,538,2012,4,33.9
28,538,2013,4,31
28,538,2014,3,21.21
28,539,2002,5,14.999999999999998
28,539,2003,9,91.8
28,539,2004,2,14.200000000000001
28,539,2005,1,6.9
28,539,2010,2,13.149999999999999
28,539,2011,7,45.12
28,540,2002,5,4
28,540,2003,14,40
28,540,2004,5,14.1
28,540,2005,10,39.16
28,540,2006,1,11.2
28,540,2007,1,4.2
28,540,2009,3,16.6
28,540,2010,14,35.260000000000005
28,540,2011,7,37.05
28,540,2012,3,17
28,540,2014,21,53.25
28,540,2015,1,4.1
28,541,2002,2,7
28,541,2003,5,11.5
28,541,2004,2,38
28,541,2005,11,52
28,541,2006,8,59.7
28,541,2011,1,1.61
28,542,2002,25,49.19999999999999
28,542,2003,11,24.14
28,542,2006,9,21.599999999999998
28,542,2009,2,5.6
28,542,2010,16,47.300000000000004
28,542,2011,4,14.16
28,543,2003,22,42.800000000000004
28,543,2006,16,60.05
28,543,2010,20,75.98000000000002
28,543,2014,17,28.94
28,543,2015,2,8.8
28,544,2002,10,18
28,544,2003,9,18.8
28,544,2005,4,18.5
28,544,2007,4,0
28,544,2010,56,206.03999999999994
28,544,2011,8,36.800000000000004
28,544,2013,10,82.33999999999999
28,544,2014,76,188.57999999999996
28,544,2015,9,22.400000000000002
28,545,2002,16,53.35000000000001
28,545,2003,18,33.550000000000004
28,545,2005,3,43.9
28,545,2006,32,165.02000000000004
28,545,2007,1,9
28,545,2010,6,23.9
28,545,2011,3,59
28,545,2014,10,24.930000000000003
28,546,2003,11,20.5
28,546,2004,6,17.5
28,546,2005,1,1.27
28,546,2010,3,6.05
28,546,2011,4,18.85
28,547,2002,5,14.979999999999999
28,547,2003,7,10.25
28,547,2004,3,7.4
28,547,2005,3,8.7
28,547,2006,4,25.54
28,547,2010,3,14.6
28,548,2002,2,3.6
28,548,2003,9,15.39
28,548,2008,1,3.5
28,548,2009,2,3.8
28,548,2010,23,100.22999999999999
28,548,2011,2,6.4
28,548,2012,1,3.3
28,549,2002,2,1.6
28,549,2003,3,8.93
28,549,2010,30,153.87000000000003
28,549,2011,11,82.94
28,550,2002,3,10.799999999999999
28,550,2003,10,19.16
28,550,2004,3,7.4
28,550,2005,11,42.029999999999994
28,550,2006,2,17.6
28,550,2008,1,0
28,550,2009,1,1.99
28,550,2010,5,24.83
28,550,2011,2,8.26
28,551,2003,18,44.4
28,551,2004,5,14.5
28,551,2005,3,4.45
28,551,2006,1,1
28,551,2007,1,0
28,551,2009,1,1.26
28,551,2010,6,10.299999999999999
28,551,2011,1,5.28
28,551,2012,1,1
28,552,2002,7,18.4
28,552,2003,18,30.57
28,552,2005,31,122.89000000000001
28,552,2006,2,10.5
28,552,2010,4,12.2
28,552,2011,2,14
28,552,2012,2,12
28,553,2002,20,46.42
28,553,2003,13,22.2
28,553,2004,7,10
28,553,2005,10,53.400000000000006
28,553,2006,1,3
28,553,2008,2,0
28,553,2009,10,8.73
28,553,2010,68,192.71000000000004
28,553,2011,5,20.13
28,553,2012,6,22.5
28,553,2014,45,113.43
28,553,2015,6,28.4
28,554,2002,3,7.5
28,554,2003,5,13.75
28,554,2004,7,20.5
28,554,2010,3,11.13
28,554,2011,1,5.6
29,555,2002,7,19.950000000000003
29,556,2003,1,1.5
29,556,2005,3,10.8
29,557,2003,2,2.35
29,558,2003,9,21.8
29,558,2004,3,10.5
29,558,2005,4,16.8
29,559,2003,2,3.42
29,560,2004,1,5.5
29,561,2002,2,9.1
29,561,2003,12,39.8
29,561,2005,1,5
29,562,2003,5,14.7
29,562,2004,2,10
29,562,2005,2,6
29,563,2003,14,53.68
29,563,2004,2,4
29,563,2005,3,4.98
29,564,2003,28,115.60000000000001
29,564,2004,20,99.5
29,566,2003,2,8
29,566,2005,1,3.79
29,567,2003,1,0
29,567,2015,3,8.08
29,568,2003,2,6.2
29,569,2003,3,3.55
29,569,2004,6,16.9
29,570,2003,8,23.15
29,570,2004,3,8.5
29,570,2005,1,1.2
29,571,2003,2,2
29,572,2003,9,36.6
29,573,2005,3,16.799999999999997
29,574,2003,34,58.510000000000005
29,574,2004,2,2.8
29,574,2014,1,0.7
29,575,2002,1,1.35
29,575,2003,20,35.03000000000001
29,575,2004,18,19.600000000000005
29,576,2004,1,2.67
29,578,2003,5,19.24
29,578,2005,12,29.130000000000003
29,580,2003,1,3
29,580,2004,8,29.8
29,582,2003,2,6
29,582,2004,1,1.5
29,583,2003,2,6
29,583,2004,16,38.900000000000006
29,583,2005,2,1.5
29,584,2004,3,4.75
33,602,2002,2,2.05
33,602,2003,1,1.96
33,602,2006,1,1.6
33,602,2008,4,6.199999999999999
33,602,2012,2,10.8
33,604,2002,19,41.21
33,604,2003,3,4.96
33,604,2005,2,1.78
33,604,2006,2,4.5
33,605,2002,14,27.21
33,605,2003,6,5.640000000000001
33,605,2006,1,1.23
33,605,2007,3,2.42
33,605,2008,8,15.08
33,605,2009,9,11.290000000000001
33,605,2010,8,5.7
33,605,2011,2,8.73
33,605,2012,1,3.1
33,606,2002,17,33.45
33,606,2003,18,31.8
33,606,2010,1,2
33,606,2011,5,40.18
33,607,2002,54,90.65000000000003
33,607,2003,22,39.37
33,607,2005,10,10.399999999999999
33,607,2006,11,17.14
33,607,2007,13,41.91
33,607,2008,4,5.08
33,607,2009,1,1.85
33,608,2003,1,2.2
33,608,2008,3,6.4
33,609,2002,3,3.6
33,609,2003,7,6.2299999999999995
33,609,2004,3,7.67
33,610,2006,1,2.6
33,610,2008,27,50.06
33,610,2009,3,5.79
33,610,2014,5,9.18
33,611,2003,6,8.5
33,611,2007,2,3.4
33,611,2009,1,0.6
33,612,2007,2,6.8
33,612,2008,4,11.760000000000002
33,612,2009,1,0
33,613,2003,2,5.4
33,613,2005,3,28.950000000000003
33,613,2006,1,5.85
33,613,2007,6,22.680000000000003
33,614,2002,37,74.00000000000001
33,614,2003,5,7.6000000000000005
33,614,2005,8,10.700000000000001
33,614,2006,13,20.18
33,614,2007,13,20.45
33,614,2008,2,5.6
33,615,2003,1,1.64
33,616,2003,2,2.7
33,616,2007,1,2
33,616,2009,1,3.35
33,616,2010,3,3.8
33,617,2002,10,15
33,617,2003,7,13.170000000000002
33,617,2006,8,16.15
33,618,2002,13,21.92
33,618,2003,13,26.93
33,618,2004,1,1.6
33,618,2005,16,31.050000000000004
33,618,2006,4,6.45
33,618,2008,26,46.84
33,618,2009,2,2.59
33,618,2010,2,2.37
33,619,2003,31,52.38000000000002
33,619,2006,11,17.439999999999998
33,619,2008,11,19.5
33,620,2007,27,45.63
33,620,2008,2,3
33,621,2002,9,16.77
33,621,2003,3,3.45
33,621,2006,12,31.44
33,621,2007,10,30.610000000000007
33,621,2008,10,28.099999999999998
33,621,2009,5,23.02
33,622,2002,2,2.3
33,622,2007,1,1.6
33,623,2006,3,8.4
33,623,2007,13,14.929999999999998
33,623,2008,5,6.78
33,624,2003,6,11
33,624,2004,6,8.6
33,624,2005,2,3.9699999999999998
33,624,2006,1,2.4
33,626,2007,1,1
33,626,2008,10,38.300000000000004
33,626,2009,1,1.94
33,626,2014,1,0
33,627,2002,23,19.8
33,627,2003,21,40.76
33,627,2004,3,2.42
33,627,2005,7,22.6
33,627,2008,11,36.480000000000004
33,628,2002,25,57.57000000000001
33,628,2003,10,19.17
33,628,2005,7,19.11
33,628,2007,1,0.85
33,628,2008,8,26.8
33,629,2005,1,0.79
33,629,2007,1,0.51
33,630,2002,6,7.3999999999999995
33,630,2003,1,1
33,630,2006,2,4.859999999999999
33,630,2007,2,1.8
33,630,2008,11,28.950000000000003
33,630,2009,1,0
33,630,2010,1,0
33,631,2008,14,26.249999999999996
33,631,2009,3,5.54
33,631,2010,8,19.57
33,631,2011,1,1.79
33,631,2012,1,3.6
33,631,2015,2,2.44
33,632,2002,13,24.720000000000002
33,632,2005,6,13.919999999999998
33,632,2008,10,21.340000000000003
33,632,2009,1,5.08
33,633,2002,10,20.44
33,633,2005,9,22.4
33,633,2008,11,21.28
33,633,2009,1,2
33,633,2014,6,15.43
